{"type":"FeatureCollection","name":"middle_school_zones","features":[{"type":"Feature","properties":{"HAKGUDO_ID":"Z000200300","HAKGUDO_NM":"양감중학구","HAKGUDO_GB":"0","zone_type":"중학교 학교군·중학구","city":"화성시","base_date":"2026-03-20","schools":[{"school_id":"B000009450","school_name":"양감중학교","school_level":"중학교","road_address":"경기도 화성시 양감면 초록로 49","jibun_address":"경기도 화성시 양감면 신왕리 475-1","lat":37.0814884756,"lng":126.9516620045,"city":"화성시"}],"school_ids":["B000009450"],"school_names":["양감중학교"]},"geometry":{"type":"Polygon","coordinates":[[[126.99773925561686,37.12335272488353],[126.99863723100067,37.12273397818913],[126.99910609744587,37.12253242911316],[126.99901425700928,37.12212825442834],[126.99886798126825,37.12182188781697],[126.99891300030272,37.1216506843024],[126.99899177848955,37.121488498905194],[126.99934060630764,37.12112809200678],[126.99972318697202,37.1209749144452],[126.99980195429174,37.12059646772011],[126.9997456935377,37.12040724055802],[126.99962192437073,37.12019098845279],[126.99931813468693,37.11994769978355],[126.99856425540251,37.11965033467065],[126.998361726982,37.11949715293469],[126.99802417089157,37.1191277150593],[126.99791238180552,37.11887709292739],[126.99790043740701,37.11852399263974],[126.99799047511691,37.11828972106831],[126.99822677987869,37.117974368513345],[126.99821553123085,37.11774036731258],[126.99794550905892,37.11716339871747],[126.99794552999003,37.11672187886985],[126.99790053738884,37.11645156048992],[126.99777679036984,37.11626233645316],[126.99748425317163,37.11596497744768],[126.99710169748121,37.11594694201206],[126.99688793233649,37.116019027179284],[126.99667414602541,37.1161541792813],[126.99635906004241,37.116532608180336],[126.99614527180466,37.11665873785774],[126.99578522733586,37.11676684975625],[126.99552642264044,37.11672177442761],[126.99535766218408,37.11665869161371],[126.99522265540655,37.11651453212653],[126.99507640790989,37.11624418871907],[126.99517771061154,37.115928834646986],[126.99541401178678,37.11559545546345],[126.99586409533183,37.11519000185623],[126.99624666526138,37.115018817664954],[126.99754057922766,37.11469448802104],[126.99801313701806,37.11473955553459],[126.99822691207916,37.11491075404948],[126.99828314984501,37.11507295556789],[126.99831687251752,37.115793797096266],[126.99887943787951,37.11575777196973],[126.99877821030809,37.1150279138653],[126.99867696218666,37.11468550811293],[126.99855320571518,37.11445123158151],[126.99839569467561,37.11428002540564],[126.99822694259824,37.11418091486225],[126.99801315977804,37.114126831352394],[126.99746184929782,37.11413582968029],[126.9964717396744,37.11423490888734],[126.99613419688704,37.11424390360602],[126.99542535288067,37.11440605926101],[126.99446896910621,37.114685334222905],[126.99431145306848,37.11466730366937],[126.99423270412021,37.1146132359685],[126.9942327182711,37.11439698218035],[126.99450282789009,37.11354999567265],[126.99524546851336,37.11274810500739],[126.995268034744,37.11211736922587],[126.99531306055003,37.111838042558574],[126.99541432458474,37.11163981033156],[126.99563935329168,37.11154972129106],[126.99581936480138,37.111531702862194],[126.99632564545712,37.11167589550345],[126.99664066511485,37.11168492090749],[126.99709072730533,37.11141461858695],[126.99737199936824,37.11118035354363],[126.99769827370993,37.11100015443811],[126.99800204899073,37.11091906765493],[126.9980020435435,37.110955110275114],[126.99842957851212,37.1110452286646],[126.99882334851972,37.111270501396625],[126.9990933608367,37.11147775062216],[126.99932963604445,37.11159489430174],[126.99948712653534,37.111630930495195],[126.99980216239136,37.111540842919844],[127.00007218477823,37.11142371356845],[127.00020720628464,37.11113537246378],[127.00029721189557,37.110774944268435],[127.0003534691764,37.11048660674112],[127.00035347262977,37.110261342145016],[127.00028596292915,37.110072111337374],[127.00015096759155,37.109973001573515],[126.9999259558022,37.109900918195876],[126.99858714595534,37.109882863258285],[126.99800209456951,37.10995493649235],[126.99800209077934,37.10992790452252],[126.99710205855997,37.109837775770174],[126.9967870498233,37.10990983668709],[126.99653951567811,37.11002696825628],[126.99625823764619,37.11023420120408],[126.99597697142723,37.110189133307266],[126.99578573113271,37.11007198813258],[126.99562822414191,37.10990077995609],[126.99550448763007,37.109657487594944],[126.99530202153021,37.1090988279953],[126.9953020276773,37.10903573717097],[126.99545954788573,37.10879245914182],[126.99559457558355,37.108657325984574],[126.99595458868097,37.10854921091045],[126.99603334721469,37.10849514601459],[126.99618084611046,37.10826087732837],[126.99607838464297,37.107981554356655],[126.99602216279487,37.10757606558091],[126.99606716528885,37.107467944565265],[126.99622468522519,37.10729675074034],[126.99660861270215,37.10710809892996],[126.99704597562332,37.10695438695341],[126.9974172315051,37.106900328049896],[126.99782223803213,37.1069093522476],[126.99799099811274,37.10675617218238],[126.99816081945481,37.10651317541535],[126.99821602846305,37.106233568207735],[126.99805854324886,37.10574699175519],[126.99808019009173,37.10532349633899],[126.99795733496357,37.1048369184307],[126.99775485819401,37.10469274413831],[126.99748485309178,37.10462966947261],[126.99658486379931,37.10469269639003],[126.99626987354831,37.10467465836193],[126.99583110799699,37.10489089969432],[126.99549363153957,37.104782757574775],[126.99541489625122,37.10462056259429],[126.99541490695819,37.10436826578025],[126.99566243083297,37.10398082188866],[126.99558369967613,37.103755554138885],[126.9953924871428,37.103494237543366],[126.99535874324559,37.10329600156325],[126.99594374392706,37.10288153774098],[126.99624751115489,37.10280046074697],[126.9965287228042,37.102854545932026],[126.99660747696184,37.10290860320467],[126.99668622066089,37.102998721114325],[126.99669744881815,37.10328705195687],[126.99674244041864,37.10340419186761],[126.99706867852197,37.10362947064473],[126.99724866289624,37.10364749628982],[126.99751866148863,37.103521354721465],[126.99763117727021,37.103368191911535],[126.99761992305265,37.10322401200818],[126.99777748125301,37.10216977776694],[126.99775499873839,37.1018363771959],[126.99764250394806,37.10161111549369],[126.9974850088057,37.10148496108461],[126.997147556017,37.101385832478144],[126.99682131414187,37.10136780464455],[126.99667508737785,37.101313731210126],[126.99668632586778,37.10115154126954],[126.99686635135184,37.1007370643409],[126.99712508839777,37.100439720560665],[126.9973163418032,37.1003225989332],[126.99750758160013,37.10025952119945],[126.99803629731572,37.10016943162804],[126.99812629693906,37.10003427481278],[126.99811505173915,37.09996219106282],[126.99795758832855,37.09967384695104],[126.99776636096091,37.09952967274588],[126.99744013300939,37.099196267658115],[126.99723768123036,37.09905209234594],[126.99692271325891,37.09888988886713],[126.99682147205493,37.09877274744105],[126.9968102402822,37.09868264040281],[126.99690023462918,37.09846638841791],[126.9970352403866,37.09835827279099],[126.99718147248167,37.09830421411331],[126.9975414354164,37.09823213852981],[126.99833728999651,37.098277503083516],[126.99856772168816,37.0981091182101],[126.99876230117489,37.097855140114135],[126.99873858538513,37.09763381425437],[126.9986101048274,37.0975293412452],[126.99845262442884,37.097457262901145],[126.99795767973535,37.09735812536251],[126.99751897752014,37.097349097309134],[126.99733899862257,37.09727701520905],[126.99703530444175,37.097060740967635],[126.99699032302347,37.09682646765495],[126.99700159463133,37.096475051544104],[126.99709160106586,37.09633088295039],[126.9976540535006,37.09567312854505],[126.99816025903894,37.09516855028388],[126.99822775658335,37.09498834493579],[126.99837400576698,37.094528802365765],[126.99844151079694,37.09415035830157],[126.99840779352544,37.09346555149169],[126.99834031835084,37.093114135772566],[126.9981716057219,37.092861843194584],[126.99803663715649,37.092753702031835],[126.99693436392025,37.09210490225693],[126.99634948658546,37.09183455977022],[126.99594458531273,37.091528179741545],[126.99584335491514,37.0914200480201],[126.99567467088963,37.091113678696864],[126.9954047751098,37.09040182616989],[126.99535980703983,37.09009546287747],[126.99540482389472,37.08978009418779],[126.99556231013146,37.08954582231111],[126.99601223053777,37.08938365672611],[126.99658586426833,37.08926654289203],[126.99740693226484,37.089032298407105],[126.99772188340935,37.08887912857628],[126.99854298124646,37.08809522956154],[126.99948778082765,37.08731132355457],[126.99989269064335,37.08693288278413],[127.00010639342352,37.086644551458434],[127.00018512592109,37.08641928225338],[127.00021887544875,37.086022813518376],[127.0000614259538,37.085482175702744],[126.99989272913618,37.08515779248498],[126.99966779411601,37.08487846053712],[126.99928540763061,37.084626153984395],[126.9990717186602,37.08454505624749],[126.99880179729715,37.08449098424938],[126.99840815500757,37.08457207227256],[126.99792452676883,37.08483336413832],[126.9975870892525,37.085428056373615],[126.99751959690859,37.0856623294144],[126.99746333569148,37.08609484330199],[126.99700216589103,37.08677061825186],[126.99660848909657,37.08716706906606],[126.995911141336,37.08741032492048],[126.99566369785948,37.087473383758685],[126.9946289426105,37.08758145888634],[126.9934029593829,37.08777961239399],[126.9922894561091,37.087905684077526],[126.9916933441737,37.087923657994935],[126.99111973751192,37.08786955409297],[126.99078233320901,37.08778841952181],[126.99072610946999,37.08775238138799],[126.99056865222245,37.08762620849171],[126.99048994179746,37.08749104545074],[126.99047874512137,37.08713962760265],[126.99051252867704,37.086878323861264],[126.99080505641888,37.08612145596031],[126.99081632005485,37.08602233921097],[126.9917725336446,37.08433744020648],[126.99227872006645,37.08370673452847],[126.99280735787355,37.08333733820755],[126.99319807750179,37.08283200530185],[126.99395463624285,37.08217504382138],[126.995090627496,37.08103076264653],[126.99568674655262,37.08023785853313],[126.99613664867972,37.07939088783239],[126.99626039226462,37.0788502477847],[126.99627166157148,37.07865201805592],[126.99619299217764,37.07790413606831],[126.99591186544201,37.077570719790444],[126.99539457701167,37.077327411768906],[126.99350528341049,37.07731828382267],[126.9927968045297,37.07736328923482],[126.9915709708298,37.07755241526],[126.99095247023149,37.07753433927058],[126.99069381745164,37.07745321389388],[126.99062633971774,37.077399149750256],[126.99045769081351,37.07720992228332],[126.9902613393003,37.076839614936866],[126.99047563873859,37.0763055974477],[126.9913238253795,37.07572324007915],[126.99170622770677,37.07521866772712],[126.99226861103911,37.07436270988368],[126.99249354516893,37.07408339769838],[126.99289842164562,37.07370497094612],[126.99376434034481,37.07323648062047],[126.99413545610696,37.073101346069706],[126.9953274731926,37.072813074224435],[126.99620459443032,37.072560818175404],[126.99685684451306,37.07216437665737],[126.99701428688881,37.07194812718628],[126.99723921458657,37.071479582673234],[126.99727297607312,37.070866863801875],[126.99710433368136,37.07045236324549],[126.99687945604904,37.070136982448666],[126.99620480963215,37.069686421497714],[126.99585710730067,37.06954139677421],[126.99576624830941,37.06973145483804],[126.9957550032671,37.069857602682184],[126.99568752398403,37.069965727056555],[126.99555259072633,37.07004682573938],[126.99448435469175,37.06985753418423],[126.99377593749344,37.069866500834756],[126.99335988540376,37.06981241036395],[126.99277515383007,37.06992050119696],[126.99239282163992,37.07008266840445],[126.9916618443394,37.07048808531704],[126.99118954810719,37.070686274324764],[126.99109958891087,37.070686274817355],[126.99106586174743,37.07064120968922],[126.99085221353667,37.0706952540989],[126.99061606051428,37.07070425177432],[126.9903012089494,37.07067718168408],[126.99002010634499,37.070560017250514],[126.98984021799195,37.070370776928925],[126.98976153032157,37.070208586268805],[126.9898515174634,37.070028372449315],[126.98967159696193,37.07005538726933],[126.9895704113386,37.069992303394194],[126.98915436571835,37.069893142784686],[126.98914309941482,37.069965236504636],[126.98882828938446,37.06984805352786],[126.98874955713772,37.06988408895685],[126.98861464763193,37.069802977823805],[126.98849093676874,37.069775933732004],[126.98813112172418,37.069793914303645],[126.98795122600055,37.06964972288008],[126.98785006165188,37.06945148126927],[126.98690884593213,37.070192411732194],[126.98710768788958,37.07068584864273],[126.98660750791716,37.07122359780271],[126.98473481780331,37.071631654293974],[126.98343044013738,37.071478282684396],[126.98304810382085,37.071514266112956],[126.981946126364,37.07140597132044],[126.98105786512703,37.07108142541724],[126.98022579866468,37.070892059186335],[126.97962980279632,37.070955024332584],[126.97895507388108,37.0710810475503],[126.97860648471081,37.071080981586995],[126.97814545890029,37.07103583675413],[126.97813421259836,37.07107187754406],[126.97781938420506,37.070990719045334],[126.97785313213622,37.070945673574535],[126.97783064488495,37.07093665865801],[126.97778564525468,37.07098170381793],[126.97744833700644,37.07084647582569],[126.97744832675396,37.07087350616936],[126.97753828412223,37.07091857861966],[126.97778563812754,37.07099071813661],[126.97777438567756,37.07100873205374],[126.9775045403273,37.07091857222499],[126.97723466193686,37.070918517131574],[126.97724587770168,37.07100862463908],[126.97644756742713,37.07078319370832],[126.97560423393574,37.07070191780327],[126.97541305925701,37.070764949738766],[126.97483953087566,37.07087294905131],[126.97418721764473,37.07117016070462],[126.97392840219409,37.0716927093497],[126.97348975079758,37.07194490491762],[126.97321983208822,37.07206197816113],[126.97296247812136,37.07212442619982],[126.97244174310123,37.07214243140959],[126.9714428463959,37.07252619479415],[126.97098939097928,37.07279063838957],[126.97013829601107,37.07304336328603],[126.96931734361462,37.073160284015536],[126.96922739157283,37.07312422146808],[126.96913742250014,37.07316924444559],[126.96899126257908,37.073088118925696],[126.96827187571654,37.072394094776314],[126.96805839305348,37.07202459281295],[126.96729408219663,37.07122242913418],[126.96722666785945,37.07111428194408],[126.96720430372682,37.07081692395197],[126.96690091200087,37.07033926992378],[126.96658636231194,37.069672390479106],[126.96663135199825,37.06966339242628],[126.96640664834422,37.06923983247213],[126.96636174348974,37.06907761780666],[126.96631675186323,37.06908662837265],[126.96632798387314,37.06914068686092],[126.9652712348778,37.06862676039942],[126.96506896929063,37.06834736871134],[126.96484414928578,37.06820313078002],[126.96465316626188,37.067842645225305],[126.9641584456773,37.06777941452448],[126.96392235677216,37.06768923394829],[126.96285409434243,37.067797009448284],[126.96235919942119,37.06804014468301],[126.96220177863155,37.06805811786713],[126.96183064210321,37.06819315981959],[126.96148206851767,37.0681840220068],[126.96129095958925,37.06809385079727],[126.96107733448652,37.06805773440943],[126.9609311396341,37.06809372742541],[126.96059367610025,37.06833689981907],[126.96034613201381,37.068643176368475],[126.96019988923781,37.06874225070334],[126.9600087252087,37.06878723819952],[126.95990746724209,37.06887730039115],[126.95982875708381,37.068877271959266],[126.95967136790851,37.06881415073231],[126.95941269363486,37.06890415347093],[126.95909769648057,37.06917437402749],[126.95850179445492,37.06906602221361],[126.95813079955664,37.06893072926601],[126.9578835017515,37.06878646661866],[126.9577373389917,37.06875938067447],[126.95740011320913,37.068570031346695],[126.95697285914233,37.06850680751055],[126.95657939310603,37.068353469295026],[126.95620977857637,37.068281809936614],[126.95603974977081,37.06820008289633],[126.95567991136075,37.068226975746654],[126.95484783869176,37.068199620770216],[126.95389201590284,37.0682803351448],[126.95367839351714,37.06822617859],[126.95352097680303,37.06822612241985],[126.95310487032727,37.06832506934862],[126.95257640355486,37.06828880735945],[126.95199155676833,37.06849581322871],[126.95159797036533,37.068540701468024],[126.95133928173571,37.06863970993029],[126.9510917769428,37.06882881880911],[126.95088934434006,37.06889180659397],[126.95065318058678,37.06891874794518],[126.95027088516377,37.068891556135135],[126.95005720765143,37.06893651274368],[126.9497649169579,37.06883727322089],[126.94945006381423,37.06884613576372],[126.94904531683669,37.068773876842414],[126.94907930367096,37.06839544486043],[126.9487535386859,37.06793575788899],[126.9483826958339,37.067593186139426],[126.94836073869443,37.06684529397771],[126.94855226547219,37.06632276615915],[126.94847358938877,37.06625965154938],[126.94838359657449,37.06631367675697],[126.94812514737347,37.066079281633904],[126.9480128187594,37.06592605017579],[126.94758563245747,37.065790697743935],[126.94723776586592,37.06480837826585],[126.94724928492687,37.064420929440985],[126.94714831474172,37.064105501910646],[126.94803726298407,37.06311473639202],[126.94845337613464,37.06300680182778],[126.94845365497616,37.06260131741504],[126.94861141997295,37.062087779769385],[126.94853302951368,37.06162821123044],[126.94817323403963,37.06163704729352],[126.94791455600689,37.06174506635105],[126.94697011548135,37.061735620968825],[126.94645734493918,37.06168188492807],[126.9450479138709,37.06114903789514],[126.94394620479797,37.060950264750446],[126.94285563226815,37.060904678157875],[126.94242817466036,37.06117478616261],[126.94222573034376,37.06125578971282],[126.94176488663284,37.061084346097346],[126.94125885377969,37.061183212827075],[126.94101134125901,37.06138131704311],[126.9406405623214,37.06105674402761],[126.9403485277235,37.06069616834016],[126.94002247048292,37.06070500926001],[126.93939261944165,37.060975002028705],[126.93879642430596,37.061335114298544],[126.93664875910244,37.0615412029403],[126.93645749715736,37.061676259773236],[126.93605273339686,37.06167604587565],[126.93571554507007,37.061540690086794],[126.93553565963514,37.061540590667825],[126.93510828859911,37.0616664916376],[126.93465860475818,37.06160316609401],[126.93442240912492,37.06168414132663],[126.93378092524685,37.06237759300351],[126.93218441593386,37.062304585421245],[126.93150950979656,37.062619561410585],[126.93149818394936,37.06270966664438],[126.93171141468,37.063133290123226],[126.93175601625349,37.06354780467178],[126.9314069223169,37.06412428702552],[126.93133912694323,37.06449368389636],[126.9311702780685,37.064691811156536],[126.93110260074856,37.064935059601325],[126.93105725087581,37.0653405121849],[126.93059542985296,37.06620525957911],[126.9303704662719,37.06629523135029],[126.9302916190157,37.06643936018377],[126.93029155080825,37.06651143870269],[126.93040377501714,37.066745783337424],[126.93039240495148,37.06688093747253],[126.93032477788485,37.067052097848816],[126.9302346992603,37.06718720390178],[126.930122190113,37.06726823775998],[126.92990852415038,37.0672951366503],[126.92969480296007,37.067367090522964],[126.92885111941492,37.06774502507215],[126.92864860947388,37.06786203917344],[126.92849096016022,37.06809621931893],[126.92780509865295,37.06804173054809],[126.92743410782045,37.06796941482167],[126.92720933447455,37.06785213235494],[126.92689478363117,37.06755458699355],[126.92618664066732,37.0673108536273],[126.92600682418403,37.06720261476542],[126.92588312549489,37.06722956429248],[126.92393850016063,37.06659756669202],[126.92348899343787,37.06633595950548],[126.92270219083228,37.066056108047995],[126.92256740224838,37.065920859320066],[126.92244379185298,37.06584868378489],[126.92236537853489,37.06556930913058],[126.9221968267561,37.06547007895554],[126.9220957611589,37.06533485179295],[126.92193836223396,37.06531673047832],[126.92136487132501,37.06536139269317],[126.92115118674036,37.065406302657394],[126.92021811847545,37.06523446243946],[126.92001589928222,37.065081152991546],[126.91964471997683,37.06518902179335],[126.91910496095555,37.06523369592846],[126.91890251949644,37.06527860770704],[126.91854246774102,37.06550363085867],[126.91841860130211,37.065674738633426],[126.9184071113785,37.0658999969615],[126.91810332768029,37.066070985910855],[126.91795694695234,37.06626010628984],[126.91756384878794,37.06585434951727],[126.9174290186109,37.06576414852861],[126.91712547977431,37.065718879641196],[126.91701301552997,37.06574583137749],[126.91641666080093,37.066114843223886],[126.91584347377882,37.06588015200991],[126.91550616069057,37.065870897898215],[126.91511287228944,37.06564534547634],[126.91495545097631,37.06565424163915],[126.91458421796983,37.06580714995956],[126.91428035960035,37.06604120591017],[126.9137625812247,37.0665183879801],[126.9133237960791,37.0667433289572],[126.91339119817842,37.0667974515163],[126.91303118473193,37.06696837736307],[126.91286226779224,37.067184507050314],[126.91288394505335,37.06787834287538],[126.91276005079094,37.0680494518519],[126.91226496980617,37.068337422450384],[126.91202858473258,37.06855349016358],[126.91172487462023,37.068643380711094],[126.91151110415748,37.068751341019045],[126.91146593273915,37.068913498402864],[126.91113983037506,37.068922261671545],[126.9106563793924,37.068867834224704],[126.91031901355593,37.06889460097633],[126.91003776807315,37.06900251299603],[126.90988020456491,37.06911952909344],[126.90985773658164,37.069101492392114],[126.90950907970334,37.06916429652629],[126.9093966285998,37.06916420888475],[126.90896952179331,37.06901970502491],[126.90865469981946,37.06899242725416],[126.90858716305941,37.069055448434554],[126.90823864196412,37.06900111684407],[126.90806994654976,37.06902801116269],[126.90799116200989,37.06908201797625],[126.90792373769094,37.069045922795475],[126.90783374784763,37.06907287784608],[126.90758600035548,37.069370033289026],[126.90727110317212,37.06941483750945],[126.90694501347349,37.06940556782336],[126.90683251365554,37.069450534891935],[126.90663034547948,37.06926114550485],[126.9064842444044,37.069197955405286],[126.90609061673989,37.06925170150878],[126.90582064433013,37.06933258029793],[126.90557311604678,37.06944952821048],[126.90530258446931,37.06997191776274],[126.90516709065186,37.07041332908075],[126.90487381767107,37.07112493155204],[126.90485114540516,37.071278093672106],[126.9048958102469,37.07153042762193],[126.90536762133601,37.07190024774704],[126.90528863021278,37.07211644356617],[126.90522005843297,37.07299041506117],[126.90525342639084,37.073278782613436],[126.9053431622757,37.07345907744776],[126.90533184302943,37.07351313266645],[126.90529816320317,37.07347705213331],[126.90449989402596,37.07336827999318],[126.90475543168199,37.07354299225241],[126.90497531299243,37.073604776626404],[126.90515465299792,37.073714400273246],[126.90579236037995,37.07418094230282],[126.90652807954864,37.07478614282283],[126.90706270020688,37.075146901081794],[126.90809004806113,37.07546451803341],[126.90859540268315,37.075670803175875],[126.90899988633424,37.07587718902662],[126.90985116132182,37.076465427154744],[126.9100801776922,37.0767072680866],[126.910536059617,37.07749190446162],[126.91107132804768,37.07774940036812],[126.91128385384718,37.07797522445635],[126.91140083396715,37.07818440433938],[126.91165895255608,37.07840125198831],[126.91179309859736,37.078637188917284],[126.91212016490596,37.07872371277076],[126.91284747876158,37.07913795594096],[126.91300432498431,37.07919832564309],[126.91325750015723,37.079234278146636],[126.91335392571006,37.0792709609061],[126.91345907317002,37.07936170334065],[126.91369930118516,37.07935118628208],[126.91564456917168,37.07979062291603],[126.91603473811027,37.08002643585672],[126.91635545978562,37.08015506854433],[126.91668036288546,37.080165437872644],[126.91701815313412,37.080114993107344],[126.91871115785376,37.079700283884236],[126.91911214136947,37.079707321459246],[126.91989689996919,37.07988357172063],[126.92063138411088,37.07991786463193],[126.92075380865093,37.07996216199718],[126.92103206277494,37.08021577531678],[126.92101448982156,37.080881982260735],[126.92109024873075,37.081027609531716],[126.92116626975768,37.081095240322185],[126.92138563459203,37.08119675808207],[126.92260952066235,37.08122968433041],[126.92397297995811,37.080939145761675],[126.92492704388147,37.081165596735815],[126.92592311580464,37.081275201123994],[126.92701721409391,37.08195816945142],[126.9268603321999,37.08209069765639],[126.92655788993565,37.082640154241304],[126.92666342795926,37.08317789496917],[126.92675969193117,37.08404442645743],[126.9269558837754,37.08461493156277],[126.92700855484928,37.084878371775226],[126.92719925173934,37.08503400543006],[126.92734463129936,37.085528274277316],[126.92728512907955,37.085811505119054],[126.92735154974031,37.0861725393383],[126.92760685869143,37.08675190984042],[126.92769968993251,37.08708028716691],[126.92764013001444,37.0872373774407],[126.92732956451061,37.08763730899008],[126.92718652692754,37.08852842334211],[126.92717710474325,37.08881422573515],[126.92668266876018,37.090319813907236],[126.92672950102546,37.09220221417952],[126.92687477885555,37.092627218743125],[126.92689723962863,37.09320165986866],[126.92686690064076,37.09349223198368],[126.9269106153849,37.093729347931585],[126.92660492674817,37.09412387372883],[126.92614541520575,37.09500737015695],[126.9260891933454,37.09571346762499],[126.92599098578602,37.09586904598123],[126.92600638374438,37.09626842315195],[126.926057452769,37.09643739615578],[126.92587262190109,37.0968381602784],[126.92596277135675,37.097663976373106],[126.92576575943515,37.097845117313476],[126.92573985317416,37.09842143632099],[126.9256898741992,37.0986583928913],[126.92568372665018,37.099386218791345],[126.92601200371746,37.099377869337836],[126.92701654667768,37.099697253327065],[126.92752692904592,37.09974431190507],[126.92790403652289,37.10001881035238],[126.92843938576661,37.10006362751116],[126.92869552174322,37.1002006376563],[126.9286281596767,37.10042529439086],[126.92933668044728,37.101728605473134],[126.92992301268559,37.101774860971844],[126.93054582701099,37.1017110345033],[126.93137021619563,37.102262009475],[126.9317957940833,37.10261817813971],[126.93189570587239,37.10292038120895],[126.93181668511374,37.10341591697515],[126.93204044890898,37.10360498284768],[126.93239351283151,37.104069233874085],[126.93231415225995,37.104359778896885],[126.93217781218804,37.10447402648697],[126.9322488214054,37.104671174433356],[126.93281632151539,37.105155003171305],[126.93287435605423,37.105605929556866],[126.93281809452455,37.10580972966621],[126.93346412506997,37.10574683187931],[126.93352026430529,37.105668057924866],[126.93515208911502,37.1057679004447],[126.93522119413541,37.10579664708546],[126.93574587855484,37.105620052377326],[126.93595871310404,37.10570388737597],[126.93614904820119,37.10573381711224],[126.93656580025639,37.10570987059468],[126.93685047790517,37.10583297662554],[126.93712770835961,37.106038406630674],[126.93719288369061,37.1059934419292],[126.93740989543191,37.105461096864026],[126.93741830855073,37.10527470855096],[126.93752816470511,37.10508862782046],[126.93773611677953,37.10487614322609],[126.93767440049527,37.10441912961333],[126.93790019380853,37.10400395198672],[126.9381051638789,37.10386773140683],[126.93860679274188,37.103754510072655],[126.93899948816242,37.10373725547654],[126.94011751930255,37.10341317830821],[126.94025478329365,37.10300016800453],[126.94060030340644,37.10262134215909],[126.94106066786499,37.10237913808701],[126.9416899345859,37.10216038365641],[126.94201470867523,37.102013277974926],[126.94243488630273,37.10189889043279],[126.94240017002964,37.10201516344723],[126.94250930332959,37.10227202042377],[126.94252715249496,37.102595843606075],[126.94267007261097,37.10257423492848],[126.94304790201154,37.10234881332854],[126.94311209805862,37.10219641249119],[126.94309473496693,37.10195347837048],[126.94313431573396,37.1016368030221],[126.9431947990702,37.101613460140854],[126.9433966249684,37.10131818153929],[126.9433901556471,37.101277062770464],[126.94361208926988,37.101133570891804],[126.94426542901056,37.10137069455802],[126.94471600583755,37.10056108420766],[126.94551266655056,37.100824723080855],[126.94573216102935,37.10032720949711],[126.94579424820161,37.099867513486736],[126.94527484725928,37.09692898455203],[126.94529304845511,37.096768453350755],[126.94547133500515,37.09666716896858],[126.94564195769159,37.09672441283035],[126.94591182030258,37.09686898816501],[126.94648057152727,37.097620513030826],[126.9466898333388,37.09771353617459],[126.9468986512117,37.097705181457],[126.94730807175686,37.09786553242044],[126.94746494349167,37.09796816151075],[126.94741766985251,37.09808701116784],[126.94801709698129,37.09805075879192],[126.94795833356444,37.09717753289597],[126.9485886172158,37.09713540809074],[126.94852936851699,37.09801693631532],[126.94863543683424,37.09799216510809],[126.94900046666717,37.09806474324445],[126.94897911920624,37.098191070914105],[126.94914612854441,37.098212202398095],[126.94951885771295,37.09855927437497],[126.94971896190034,37.09866491221455],[126.95011195433334,37.09873239332866],[126.9511482521363,37.09873230575381],[126.95156242568974,37.09888847202225],[126.95211502804732,37.099172817370366],[126.95308403593917,37.09942692810643],[126.95387353566585,37.09950692911569],[126.95384271475487,37.099882271056934],[126.95386716744449,37.100135983220554],[126.95396724996203,37.10030299885085],[126.95385214210383,37.10054539160133],[126.95415639173166,37.10111910181331],[126.95376380667763,37.10182852873566],[126.95432785059263,37.10211962519979],[126.95464958979288,37.10286312782358],[126.95482543739584,37.10388082530357],[126.95456469622222,37.1048395126273],[126.95465164329099,37.104955269862316],[126.95483344571643,37.1049994230207],[126.95536370053667,37.10551530585601],[126.95458937054045,37.106164639127904],[126.95442446380599,37.10647994359897],[126.95448045026258,37.10663427267369],[126.95461640778619,37.10678159502732],[126.95452338147696,37.106849984539984],[126.95433883912278,37.10707883485164],[126.9551553108613,37.108592367695785],[126.95545354473956,37.10872876991738],[126.9567271905308,37.108315057664605],[126.957425557561,37.108392748072255],[126.9580562425928,37.108767208901256],[126.96028427722484,37.108251022037415],[126.96045921505949,37.107887278756465],[126.96093040348613,37.10773088195162],[126.96134925540433,37.10746859277204],[126.9618286039745,37.10751577108215],[126.96201055697998,37.10749077267429],[126.96250450383187,37.107831527423045],[126.96318277975035,37.10824261340285],[126.96379483346215,37.108719955872125],[126.96389392648521,37.109130861263765],[126.96448954561689,37.109396122056516],[126.96525074479025,37.10948913932548],[126.96725545262085,37.11047641277692],[126.96778482361026,37.110924255786756],[126.9686961837018,37.11247963777968],[126.96893119163614,37.113327949729694],[126.9685482108264,37.11450596783727],[126.9684301023736,37.11547200411874],[126.96792977254759,37.11580174063691],[126.96784124588459,37.11639077327743],[126.96784086912186,37.11723902815552],[126.96778185582642,37.117616004897194],[126.96810535758391,37.11796953668689],[126.9686348761646,37.11818174886046],[126.96975298191438,37.11815849096353],[126.97163621401856,37.117805540969876],[126.97251899432922,37.11757013313348],[126.97397200922553,37.117265003758085],[126.97439496237415,37.11738280551544],[126.97480699376547,37.11756113695329],[126.97486192132489,37.11834196958482],[126.97494077115297,37.118578794995294],[126.97558565167037,37.11910324443198],[126.97572768513328,37.11917057588478],[126.97595914129249,37.1194302376643],[126.9759877757397,37.11950120227182],[126.97598098026364,37.11983346650048],[126.97723003742111,37.12004580904337],[126.977263406539,37.12013742663372],[126.97802783982335,37.1201808668969],[126.97807010354728,37.120140463799906],[126.97838348137823,37.12015878952444],[126.97861248556042,37.12008179368131],[126.97889573615699,37.120041020829774],[126.97953208865223,37.11976800364087],[126.97997532365603,37.119711488898574],[126.9805914244006,37.11952350322179],[126.98130960066653,37.11959346009847],[126.98229604994833,37.119748497224975],[126.98334231601055,37.11977710084382],[126.98428380907666,37.11968798258504],[126.98472505530933,37.11989979393442],[126.98543888370698,37.12061932395024],[126.98558610958672,37.12087498280957],[126.98581835849944,37.12113472448487],[126.98673170979163,37.12162628669493],[126.9877632881921,37.12152436658785],[126.98890307960735,37.12105788081801],[126.9889864367028,37.12098214695594],[126.98912923524053,37.12073268615229],[126.98908608025015,37.120130378534036],[126.98960451040814,37.11983934536953],[126.99025165954599,37.119321733564625],[126.9907689652429,37.119044355309704],[126.99105387012878,37.1191715281296],[126.99177120264848,37.11938149020862],[126.99195099628429,37.11947955816061],[126.9923466127788,37.11989203927508],[126.99248286451446,37.12008250591661],[126.99286977307153,37.12073716186855],[126.99314710190333,37.121384185399556],[126.99357725856649,37.121888572779014],[126.99387339918383,37.12212099263478],[126.9955144169147,37.12313258580068],[126.99582799796526,37.1231530874377],[126.99633953472467,37.12333944429414],[126.9966091466229,37.12339315570333],[126.99724807166082,37.123469852768444],[126.99748527947406,37.123444448043735],[126.99773925561686,37.12335272488353]]]}},{"type":"Feature","properties":{"HAKGUDO_ID":"Z000200304","HAKGUDO_NM":"정남중학구","HAKGUDO_GB":"0","zone_type":"중학교 학교군·중학구","city":"화성시","base_date":"2026-03-20","schools":[{"school_id":"B000009451","school_name":"정남중학교","school_level":"중학교","road_address":"경기도 화성시 정남면 신리길 76","jibun_address":"경기도 화성시 정남면 신리 85","lat":37.1651297042,"lng":126.9786515954,"city":"화성시"}],"school_ids":["B000009451"],"school_names":["정남중학교"]},"geometry":{"type":"Polygon","coordinates":[[[127.0027495535356,37.18939242265194],[127.00297722134253,37.18931183953438],[127.00357182438637,37.18869184775838],[127.00405809751797,37.18873228580569],[127.00457191553305,37.18841694335928],[127.00491943270698,37.188328582926026],[127.00526487334547,37.187801004711865],[127.00564702012358,37.18778333096537],[127.00597121761183,37.18750302155635],[127.00601850737594,37.18750052414556],[127.00591546511616,37.18702499995506],[127.0059065222681,37.186813290572765],[127.00596076675703,37.18639120804389],[127.00552715764373,37.185949710782815],[127.00542015366773,37.18549919047388],[127.0054088851947,37.18529645560524],[127.00530187341273,37.18501713364152],[127.0051836154928,37.18482341221447],[127.00491895028485,37.18446751246608],[127.0047838070334,37.184377405360316],[127.00393319286964,37.1840344701386],[127.00374208354482,37.18365209227015],[127.00355626427431,37.183503415000466],[127.00347179729133,37.18334573657928],[127.00324656340464,37.183133989753756],[127.00254272305683,37.18271952005991],[127.00231748498942,37.18237261866063],[127.00233437980668,37.18209328958787],[127.00273977729195,37.18180495422091],[127.00468232886203,37.18157064167833],[127.00492444868168,37.1815075715466],[127.00507083285555,37.18128230528439],[127.00505956406765,37.18110209120193],[127.004913153035,37.18076870707287],[127.00475548666118,37.1805074075891],[127.0045415238849,37.18026864183497],[127.00368565862097,37.179579353665034],[127.00324084563223,37.17933157291886],[127.00310571204905,37.17920543242896],[127.0028973816729,37.178962152823345],[127.00251309755313,37.17833704915367],[127.00157423179004,37.1778313399642],[127.00093237564438,37.17759256078295],[127.00072405523107,37.17743487574863],[127.00017211181131,37.17737742924809],[127.0000146332722,37.17738531090361],[126.99972186620153,37.177461896680754],[126.99895049693475,37.1777637332857],[126.99879847148397,37.17795745602985],[126.99877594127808,37.178214253849234],[126.99893358904711,37.178475561391],[126.99924887700627,37.17872786106598],[127.00009905709699,37.179223450939965],[127.0004143564028,37.17965595668947],[127.00039183029205,37.17996231366795],[127.0001046698417,37.18024164040829],[126.99982876154748,37.18057952421205],[126.99947403953068,37.18070116017158],[126.99923201803726,37.18064711177632],[126.99900109121933,37.18034974751852],[126.99852813533973,37.179975796670554],[126.99812274658328,37.179750520883225],[126.99778493031566,37.17969645084712],[126.99750340554145,37.1795928212175],[126.9971036579051,37.17934051309853],[126.9967095524923,37.178930526337226],[126.9966701468512,37.178808878285274],[126.99632109829086,37.178272740115574],[126.9954259332279,37.17747527049067],[126.9951275543182,37.177150876854064],[126.99506001276939,37.17697967352601],[126.99496996537958,37.17654716671397],[126.9949098264331,37.175517652272966],[126.99490765037993,37.17166665795288],[126.99493887802336,37.171233886462396],[126.99509844650751,37.17087761098597],[126.99585112655785,37.16941802193494],[126.9967490374052,37.167533127575624],[126.9973096800038,37.16644232026478],[126.99742186862564,37.164888364974125],[126.99732857926553,37.16363327918029],[126.99707025158527,37.16211949541933],[126.99585473644981,37.15888132896892],[126.99573410026403,37.158108933943545],[126.99573414613292,37.15735267204576],[126.99585442582239,37.156405483612446],[126.99797795934236,37.14722897096701],[126.99842531814689,37.145683037959905],[127.00000003489194,37.14208267382195],[127.00118371723865,37.139031678989696],[127.00332331199175,37.13666184681412],[127.0047334437401,37.13380524915638],[127.00509172942502,37.13245109652134],[126.99680258355592,37.12864140374045],[126.99652809948613,37.128903606192324],[126.99624258151768,37.12925996780122],[126.99551263058405,37.129603457250006],[126.99511833263571,37.129596627833244],[126.99444293262636,37.12971962919194],[126.9938748126034,37.12971648712696],[126.99317197171025,37.12993043127968],[126.99284052796935,37.12989295635539],[126.99279288387598,37.12978087929904],[126.99139843408793,37.129177616767045],[126.99104228289542,37.129273445442685],[126.99064807148198,37.12930304915043],[126.99019482825815,37.129243666736905],[126.98984804172675,37.12952379415733],[126.98963104251077,37.129643447310194],[126.98933509165856,37.12974674590865],[126.98904443626304,37.12975431716436],[126.98855036393162,37.12957223689797],[126.98796688438647,37.12968802242647],[126.98745422167654,37.12984801962971],[126.98703630367476,37.130166574180045],[126.98680080415461,37.13041405205506],[126.9865452302168,37.13080512770108],[126.98641712192358,37.13110549217141],[126.98591977145543,37.13153510484419],[126.98558378220888,37.13241131780741],[126.98558955171309,37.13252637424255],[126.98451668461212,37.13276390042923],[126.98437196916836,37.13327463769707],[126.9840759208275,37.133505258476326],[126.98380584169216,37.1336583862177],[126.9834439222272,37.13361610344599],[126.98325878485346,37.13386676371207],[126.98298417316019,37.13413452744182],[126.98262265970442,37.13467114928058],[126.98216158696509,37.13495697150278],[126.98220790686366,37.13509091229374],[126.98213949712611,37.13520466015832],[126.98207430543965,37.13555436951162],[126.98191317655126,37.13575538272089],[126.98213479958534,37.13686061166829],[126.98250029239158,37.13790026044917],[126.98248458251183,37.138756251968104],[126.98226775139115,37.139425245060806],[126.98227208468629,37.13962742220317],[126.98202558636915,37.140095644903525],[126.9821715966718,37.14038638438385],[126.98214037325825,37.14089055122906],[126.98218312482341,37.14149257626368],[126.98222003601934,37.14155368274126],[126.98216496301356,37.141641803622534],[126.9818974496076,37.14176339907038],[126.98082624848126,37.141821213898545],[126.98059233162192,37.14189155948988],[126.98049575708335,37.14198193445053],[126.97975458942982,37.14223126524005],[126.97964200069339,37.142341063632315],[126.97930212419585,37.1429396027962],[126.97923425021206,37.142966318184726],[126.97914068681132,37.14313914770559],[126.97856939834614,37.14343685802316],[126.97859371865262,37.1434640978735],[126.97847059460777,37.14352178489673],[126.97820936501998,37.14331406613396],[126.9782042837835,37.14326067916367],[126.97789578419523,37.14305028205798],[126.97712550140518,37.14299801856656],[126.97674789959025,37.14304665643149],[126.97593046444383,37.143072937586346],[126.97544937644423,37.142845879774065],[126.97479633092809,37.142742547846524],[126.97453188596707,37.142860530265],[126.97398732913207,37.14347454425941],[126.97356883877619,37.143562537554395],[126.97297635808667,37.14361893829642],[126.97210064117503,37.143906319674585],[126.97063906950923,37.14375360002629],[126.97008490010462,37.143763017206965],[126.9699995169829,37.143887338366824],[126.96975212210381,37.14406735782795],[126.96961114725009,37.14434852830389],[126.96947466874441,37.14448514444688],[126.96926778873318,37.14465581128831],[126.96904176210474,37.144711922768444],[126.96794200819234,37.14440552761577],[126.9676408934986,37.14439103964064],[126.96745089436418,37.14444904654217],[126.9672145406967,37.144104071705925],[126.96715851847952,37.14396882685092],[126.96699746100342,37.14378544875465],[126.96620042747816,37.14363058055699],[126.96570902812459,37.14367469590194],[126.96538729616452,37.143564226084486],[126.9652568493896,37.14355240024752],[126.9647413705576,37.14354350053884],[126.96470325272752,37.1435808832045],[126.96412094236929,37.1437953067362],[126.96401787978233,37.14378270209733],[126.96366938074216,37.143650354357426],[126.96341695192909,37.143645028942],[126.96278609324744,37.14377321925784],[126.96207106485058,37.14401312882281],[126.96160814238057,37.14407689560749],[126.9607458582527,37.144074629046465],[126.96064759509815,37.14395378048216],[126.9603674363793,37.143943150138284],[126.9594398612775,37.14376853793676],[126.95859153379648,37.142563612283624],[126.95802803911818,37.142706386281404],[126.95703127490879,37.14303609033288],[126.9568470596885,37.14310623134507],[126.95672935822482,37.14318799301865],[126.95653958275214,37.14318219104174],[126.95534888579887,37.14358186439864],[126.9550365797,37.1438772229804],[126.95491865336791,37.145072243678925],[126.9545141286596,37.14525833377471],[126.95437770341108,37.14526772986045],[126.95394491620874,37.14521771584044],[126.9534999117508,37.14530115688031],[126.95298888011156,37.14548453189181],[126.95284071159811,37.14561793265598],[126.95275780691739,37.14572631159259],[126.95261062552983,37.1462209780767],[126.95257259777874,37.14655125002178],[126.95263855194047,37.14681652772656],[126.9523432972477,37.147539492831086],[126.95239190657863,37.148226840775436],[126.95235287100475,37.14847742241307],[126.95111294323632,37.14872017115808],[126.95076157636221,37.14892049886949],[126.95046402758533,37.1488544840009],[126.95012103169381,37.148896005152935],[126.94976584964719,37.149266960151444],[126.94886921177321,37.14953885170848],[126.94859084400473,37.14970972355803],[126.94855541156087,37.14979127028754],[126.9481251351105,37.15013684809822],[126.94756816131294,37.15008675641032],[126.94675259480833,37.15031332283457],[126.94633807203003,37.15054609757917],[126.94526999404945,37.15147945622785],[126.94471504961804,37.15221354837301],[126.9445040521146,37.15281180794336],[126.94390815413797,37.15371623024749],[126.94383032931387,37.15498160248792],[126.9437675949744,37.15536368107644],[126.94390332906598,37.15590775771363],[126.94382380857387,37.15615691318791],[126.94387149910018,37.15659675773797],[126.94379014730072,37.157165226654705],[126.94426207486501,37.15766131273999],[126.9438445502911,37.15826848294933],[126.94447735531351,37.158621325506644],[126.94470141785716,37.158669575602644],[126.94476587628002,37.15880871101199],[126.94478415531137,37.15929697225696],[126.94506517221825,37.15963444184459],[126.9449908443345,37.16000101630902],[126.94478179317893,37.16033430510498],[126.94467582831993,37.16066905814328],[126.94472305059831,37.161505932158],[126.94469107746583,37.16168443298471],[126.94510260681845,37.16205631240532],[126.94529572309393,37.16256944405953],[126.94540646579131,37.16268578741195],[126.94520874457444,37.16315733847924],[126.94508159695096,37.16333156755945],[126.94506653923615,37.1634737654594],[126.94523765465107,37.1637827352286],[126.94572220313025,37.16486928809726],[126.94560697064404,37.16512772693698],[126.94561723158327,37.16551799569911],[126.94545219848551,37.165796404149106],[126.94547058846088,37.16636745387739],[126.94539890910485,37.16672699304408],[126.94568103775089,37.1670320763858],[126.94578064955117,37.16721204503159],[126.94579464674854,37.16731482417297],[126.94520908352827,37.167688202404456],[126.94493794529309,37.16820139522276],[126.94489379973355,37.16842466374903],[126.94494180534666,37.16868824332003],[126.94476480395294,37.169175852405125],[126.94482347131854,37.169304566824415],[126.94494900857609,37.17035293587367],[126.9447491524321,37.171060730698706],[126.94444410838697,37.17126585228944],[126.94408761675881,37.17133015879616],[126.94391582454448,37.1716674114157],[126.94370913526326,37.171852871503745],[126.94392428446373,37.1721072353194],[126.9444503386246,37.172565339394616],[126.9451955827257,37.17306858826524],[126.94569418677789,37.17331098199813],[126.94605740935715,37.17343729932848],[126.94647697486197,37.17349099968399],[126.9472067567562,37.17374785496135],[126.94753871497508,37.17381152232141],[126.94818895899859,37.17384280293168],[126.9489737562413,37.17418161336878],[126.94901335805314,37.17452401988498],[126.94898992657302,37.17476687044275],[126.94908197940367,37.1753543956068],[126.9491150061228,37.175354409793876],[126.94926561000915,37.1757171834769],[126.9495004621952,37.17600843465829],[126.95042628161379,37.17650470165161],[126.95138727827272,37.17677009298677],[126.95160662183415,37.17686986021958],[126.95205473716199,37.1771457211702],[126.95190880337081,37.1772596905833],[126.95182141647874,37.17743986254044],[126.95180722123317,37.17813478750685],[126.95089433333003,37.178753007775626],[126.95085410374855,37.17891124159667],[126.95092298268119,37.1793144904678],[126.95043234025003,37.17995456687092],[126.9505948396575,37.180328292280066],[126.95031197224348,37.18049711457089],[126.94990373106815,37.181282533568115],[126.94977826561922,37.181801700584984],[126.94939774175423,37.18219431919271],[126.94929557688664,37.18285007199459],[126.949307862158,37.18290216720884],[126.94944910007216,37.18298585621469],[126.94952269189474,37.18318214444929],[126.94944042947138,37.18354224639223],[126.94962485747399,37.18426794396796],[126.94970399230152,37.18434964013133],[126.95018298315031,37.185316221267286],[126.95099538254888,37.18664504701514],[126.95257642350795,37.189112843889426],[126.95367354306308,37.189474778805895],[126.96056278811338,37.18989686311384],[126.97195734777006,37.191349605466364],[126.97345884718466,37.19247521894359],[126.97119298972885,37.195278320982766],[126.97055428908612,37.19693708089454],[126.97072795824323,37.196875149550046],[126.970759013048,37.19667664816844],[126.9709139738454,37.196459022684195],[126.97108738477714,37.19629378868391],[126.97112930520672,37.196214110727304],[126.97124689699406,37.19615219466998],[126.97132797571066,37.1958283976717],[126.97128986044785,37.19563157243289],[126.97140237549915,37.195502076040825],[126.97150006478896,37.19546689635762],[126.97206706202465,37.1955467276976],[126.97258332043312,37.195357355130035],[126.97277903608412,37.19531319822317],[126.97306268498991,37.19541659847304],[126.97318461611923,37.195491252211255],[126.97320588088132,37.1955819200327],[126.97330123510324,37.19567627365485],[126.973276569392,37.19573370929342],[126.973406032758,37.195908876008275],[126.97376168992952,37.19595655340998],[126.97405571210025,37.196134577835906],[126.97419654111911,37.196500092594285],[126.97433324833395,37.1966181069973],[126.97460246910568,37.196740936112604],[126.97483388226499,37.19679251938629],[126.97508145982194,37.19690323176514],[126.97519862393015,37.19706094051566],[126.97528917222381,37.19728875447935],[126.97531523705426,37.19725187083086],[126.97538965796852,37.197311581931544],[126.97556035842868,37.19737160212356],[126.97585470144921,37.19763014915204],[126.97613676203956,37.19780703961079],[126.97693011007615,37.197929694808906],[126.97721240121614,37.19792496846051],[126.97806169366613,37.19810224951244],[126.9784722890492,37.1981003560361],[126.97877234443949,37.198169398341285],[126.97894414792621,37.19806243175473],[126.97919232057605,37.19798307938669],[126.97970199460035,37.19800654740984],[126.98010539187192,37.197966073895124],[126.98044558444163,37.197982461205626],[126.98077628497124,37.1979419724837],[126.98108232668339,37.1979958091605],[126.9811131384519,37.197974135661084],[126.98109505325294,37.19778941796775],[126.980994824682,37.19763894422355],[126.98163306907495,37.19743332564252],[126.98221728520431,37.19694865401728],[126.98184562594467,37.196642529066196],[126.98247751266709,37.19628574075785],[126.98278623155495,37.19619709992456],[126.9835799705745,37.19606740877151],[126.98445935669042,37.195743962122044],[126.98493487829103,37.19488661969708],[126.98490619226203,37.19416578825517],[126.98559906463639,37.19449468758728],[126.9862087075219,37.19462452523561],[126.98687701710116,37.19482032421732],[126.98695453141676,37.19475907200558],[126.98765182704344,37.194552492090345],[126.9877394782089,37.19448605215644],[126.98833502161968,37.19444247971118],[126.98892471720995,37.194648385412464],[126.98963760577325,37.194765033519936],[126.98998910907994,37.19448237105766],[126.99017847778174,37.194395667786274],[126.99143940481864,37.19443071113732],[126.99174157357294,37.194409340691735],[126.99255519139612,37.194181622881274],[126.99304514429319,37.19409888554802],[126.99313003925992,37.194137232101184],[126.99460717337314,37.194240954850734],[126.995189564027,37.193566015647015],[126.99570787438749,37.19319606322026],[126.99680320369444,37.19283116777008],[126.99703367985437,37.19221331356303],[126.99760720900328,37.191893156221525],[126.99784154410588,37.19121063273055],[126.9972767883132,37.190959432667256],[126.99769960630863,37.19013905235734],[126.99891406209834,37.19023960565034],[126.9992635907748,37.189602171576844],[127.00010063510484,37.18967028535882],[127.00069216710295,37.19001487866914],[127.00170562422736,37.19028540880674],[127.00202384175657,37.189793268226104],[127.0027495535356,37.18939242265194]]]}},{"type":"Feature","properties":{"HAKGUDO_ID":"Z000200299","HAKGUDO_NM":"안용중학구","HAKGUDO_GB":"0","zone_type":"중학교 학교군·중학구","city":"화성시","base_date":"2026-03-20","schools":[{"school_id":"B000009441","school_name":"안용중학교","school_level":"중학교","road_address":"경기도 화성시 효행로 833","jibun_address":"경기도 화성시 송산동 97-7","lat":37.2058889191,"lng":127.0190497814,"city":"화성시"}],"school_ids":["B000009441"],"school_names":["안용중학교"]},"geometry":{"type":"Polygon","coordinates":[[[126.99776988425707,37.21738075481401],[126.99803900939709,37.217375943466905],[126.99810948095583,37.21733561815181],[126.99835059145781,37.21707129533544],[126.99873856665371,37.216528853964185],[126.99888523156886,37.216163278051994],[126.99903601221729,37.21603144862796],[126.99922077593533,37.215940756652635],[126.99986281038821,37.21505093123714],[127.00023106133176,37.21463759888353],[127.00019011004454,37.214767700620214],[127.00099462733446,37.21478070054584],[127.00135138430028,37.21471210280357],[127.00160465200526,37.21483681483063],[127.00177312556487,37.21474866093647],[127.0017993933922,37.2144408989032],[127.00190085697254,37.214268872505414],[127.00207727006271,37.214701121116875],[127.00216847906427,37.21461516384628],[127.00242350097085,37.21432200057234],[127.002544995963,37.214101833722324],[127.00261216081466,37.21388988642543],[127.00257439882152,37.21358494585641],[127.00264342479291,37.213355330696444],[127.00263663611769,37.21326507448102],[127.0028978428555,37.21304468418135],[127.00369251803787,37.2127503647389],[127.00394306359739,37.2124885232449],[127.00402056217551,37.21234726843144],[127.00398057551563,37.21209910707717],[127.00383528921611,37.21186153379099],[127.00384099449018,37.21162228587126],[127.00415400949834,37.21147506082979],[127.00444478427235,37.21128167679402],[127.0044964000004,37.21121689203852],[127.00446877362671,37.21113071934324],[127.0041218411588,37.21081058696395],[127.00404349580623,37.210588640250826],[127.00400082127764,37.210539604739225],[127.00386023326939,37.21047637909823],[127.00418920169643,37.21048056321139],[127.00411458213682,37.21038536084768],[127.00414386664112,37.210254200233436],[127.00409663884751,37.2101663494645],[127.0046757859696,37.20964121655773],[127.00481324362418,37.20956365042996],[127.00483870487065,37.2094954047304],[127.00475797295674,37.20920481470692],[127.00782010625251,37.20748422925714],[127.00878348542403,37.20678692860017],[127.00748040643184,37.20571617483067],[127.00652112923945,37.20505066291013],[127.00463291011226,37.20414069817012],[127.00411395361822,37.203850142694],[127.00375468111034,37.20349252553385],[127.00333901865415,37.202858624857406],[127.00222596290115,37.203575611326386],[127.00117010637915,37.20452227908282],[127.00045652871731,37.204308811422685],[126.9995765472764,37.202991214929845],[127.00273101740093,37.201765536917684],[127.0017008519415,37.19986128410622],[127.00114845165739,37.198910364591505],[127.00082751273789,37.19868019350471],[127.00037983075855,37.19823038784004],[127.0000185198516,37.19793782309724],[126.9991786281569,37.197343408668345],[126.99812654969512,37.195697236023975],[126.99788961135255,37.19578005318947],[126.99736804330082,37.19608599334285],[126.9971126175269,37.19530476758959],[126.9967242606984,37.19456842712929],[126.99663118442162,37.19419252511848],[126.99673398227002,37.19383013715701],[126.99673276812038,37.19362064412879],[126.99654207268897,37.192924776240716],[126.99570787438749,37.19319606322026],[126.99532104077355,37.193450581616226],[126.99460717337314,37.194240954850734],[126.99313003925992,37.194137232101184],[126.99304514429319,37.19409888554802],[126.99255519139612,37.194181622881274],[126.99174157357294,37.194409340691735],[126.99143940481864,37.19443071113732],[126.99017847778174,37.194395667786274],[126.98998910907994,37.19448237105766],[126.98963760577325,37.194765033519936],[126.98892471720995,37.194648385412464],[126.98833502161968,37.19444247971118],[126.9877394782089,37.19448605215644],[126.98765182704344,37.194552492090345],[126.98695453141676,37.19475907200558],[126.98687701710116,37.19482032421732],[126.9862087075219,37.19462452523561],[126.98559906463639,37.19449468758728],[126.98490619226203,37.19416578825517],[126.98493487829103,37.19488661969708],[126.98445827387533,37.195745915461984],[126.9835782490449,37.19606958637684],[126.98278451000208,37.19619926670567],[126.98247579335792,37.19628789942531],[126.98184562594467,37.196642529066196],[126.98238412263488,37.19708008391577],[126.98315098185894,37.19761494839178],[126.98401797074023,37.1985149259473],[126.98447381263402,37.19968517026298],[126.9845557661812,37.20039829689064],[126.98448869295038,37.200585225750494],[126.9841302874194,37.20120284928148],[126.98382151637675,37.20210213637706],[126.98366372132489,37.20246486366969],[126.98265009111941,37.20368196437923],[126.98343582042256,37.20417247042879],[126.98305216652614,37.2045527787322],[126.98091505705973,37.20701768249408],[126.98061812021302,37.20719464932357],[126.98044252054827,37.207356454594226],[126.98047413304138,37.20754790426691],[126.98056094955578,37.20768718675249],[126.98079412123433,37.20790878415052],[126.9811842928389,37.208188338275164],[126.98085956198516,37.20967985921276],[126.97991636386811,37.2098347918542],[126.97978459253625,37.20996050561808],[126.97980428273338,37.210339824151156],[126.97929474150627,37.210409012536836],[126.9793772416779,37.21070730431504],[126.97942386973308,37.210783622371814],[126.97946505005942,37.21076754577044],[126.97952806662988,37.21082216933494],[126.97972458804576,37.21111326038591],[126.97975047871202,37.21145960868734],[126.97972012323548,37.211598138154244],[126.97981083533574,37.21238434147831],[126.98003152564,37.21292120644962],[126.9807725180948,37.212920743363945],[126.98084051648634,37.21288813727483],[126.980910835784,37.21289507860313],[126.98175788418867,37.213149371234934],[126.98239696243944,37.21272053391533],[126.98313197301944,37.2123351752719],[126.98361103355727,37.21197511083038],[126.98798045372494,37.20760872989291],[126.98834521608244,37.207299595992495],[126.98900657430502,37.206911093652536],[126.98972511261795,37.206680563013336],[126.99028854376448,37.2065857208716],[126.99111583108353,37.20649653670958],[126.99165743949179,37.20639549619513],[126.99195670593774,37.20629643462582],[126.99291342643514,37.20689017204711],[126.99350402762434,37.20729457590256],[126.99482797669602,37.20804860794596],[126.99466952893602,37.20868615823603],[126.99496626724344,37.2098541975986],[126.99498077670724,37.2101172130268],[126.99640169221847,37.21175618954435],[126.99700227254543,37.211685842358854],[126.9971273199922,37.211700714587],[126.99591660311489,37.21312719533073],[126.99518396093765,37.2133466518542],[126.99534185281955,37.21408767705245],[126.99711447587534,37.21563493579242],[126.99621971377545,37.21714738876756],[126.99742972498564,37.21735837126319],[126.99768068151134,37.217426677780594],[126.99776988425707,37.21738075481401]]]}},{"type":"Feature","properties":{"HAKGUDO_ID":"Z000200303","HAKGUDO_NM":"운암중학군","HAKGUDO_GB":"0","zone_type":"중학교 학교군·중학구","city":"오산시","base_date":"2026-03-20","schools":[{"school_id":"B000009458","school_name":"운천중학교","school_level":"중학교","road_address":"경기도 오산시 운암로 133","jibun_address":"경기도 오산시 오산동 911-1","lat":37.1582993175,"lng":127.0780072,"city":"오산시"},{"school_id":"B000009459","school_name":"운암중학교","school_level":"중학교","road_address":"경기도 오산시 대원로 76","jibun_address":"경기도 오산시 원동 815-2","lat":37.1458836561,"lng":127.076929166,"city":"오산시"}],"school_ids":["B000009458","B000009459"],"school_names":["운천중학교","운암중학교"]},"geometry":{"type":"MultiPolygon","coordinates":[[[[127.07909368354522,37.16224478443349],[127.07966728429939,37.16168574728335],[127.07986962812156,37.16137926503445],[127.0801625545003,37.16159533278723],[127.08029770951238,37.16164929663284],[127.0805229237223,37.16168518882905],[127.08132211433671,37.16156751645531],[127.08280822451344,37.16157551687321],[127.08309712790748,37.16163276067575],[127.08317108328033,37.161695782823415],[127.08334027886407,37.16166948193335],[127.08356579140842,37.16150150477232],[127.08367602962983,37.16129108771745],[127.08371951398001,37.16099426935982],[127.08380364005703,37.1608748215683],[127.08391951114729,37.161156039850745],[127.08866931617187,37.160602442369004],[127.0887619515302,37.16085044319931],[127.08895894872215,37.16086244445074],[127.0893710791377,37.16096290325158],[127.08915346895184,37.16049368010728],[127.0896471746379,37.1602843785365],[127.09114154382219,37.159718127761295],[127.09130112961594,37.15960706939681],[127.0916707157062,37.15946346815321],[127.09271240988403,37.159301040491705],[127.09280564724355,37.15930997899561],[127.09330105494602,37.15949881756157],[127.0935656954632,37.15942399593479],[127.09370893777526,37.159467531801084],[127.0937709696427,37.15927347778402],[127.09387215447101,37.15916160614066],[127.09386243160601,37.1591275358343],[127.09403425630063,37.15909643207031],[127.09432222840398,37.158954012699034],[127.09450862437149,37.158769718612824],[127.09473089016696,37.158707876362854],[127.09468491453555,37.15865328106171],[127.09486104472663,37.15855430677791],[127.09509853570835,37.158569608337615],[127.09519982774954,37.15854644371423],[127.09513058595407,37.15845920392165],[127.09528112996968,37.15828984988848],[127.09546875028748,37.157815541464714],[127.0955590615131,37.157726202664634],[127.09557020315162,37.1576419907077],[127.0956248747588,37.157608455181766],[127.09571896466869,37.157452949414974],[127.0964444864181,37.15696748744635],[127.09713524040778,37.156270302620534],[127.09810181794211,37.155730302399554],[127.09835320132963,37.15534658289647],[127.09834941561445,37.154991229327486],[127.09809318428373,37.154890916893216],[127.09825404008066,37.15440506537133],[127.09853955083824,37.15430374308538],[127.09870500895796,37.15397894950107],[127.09843443679674,37.153523572257605],[127.09880419070042,37.15313976410472],[127.09829020793707,37.15284086426023],[127.09812825270434,37.15287478545968],[127.09792767075517,37.15240049164273],[127.0976796311845,37.15209433541164],[127.09756365213345,37.152040934171445],[127.09764406499866,37.151788006493504],[127.09823975219935,37.15147779415452],[127.09924613835845,37.15117060197602],[127.09941331507058,37.15001120609621],[127.09961987972822,37.14952025093235],[127.0995604930068,37.14916437520619],[127.10029525455636,37.14802984457682],[127.10077491146295,37.14806014313392],[127.10075360361529,37.14749192969193],[127.1003774887413,37.14634931321629],[127.10078291611259,37.1461253685033],[127.10051447796366,37.145566220319154],[127.09953757620013,37.14528404703624],[127.09907725746045,37.145512132337785],[127.09895354976632,37.1464114392983],[127.09875138101374,37.14648222936328],[127.09851727678247,37.14666641696327],[127.09822683646544,37.14694799767806],[127.09805929415145,37.14716527105489],[127.09775511840664,37.147394123838225],[127.09726502296924,37.147570956296796],[127.0960921846799,37.14771562473002],[127.09564277083496,37.14784276910605],[127.09527437992212,37.147863345043724],[127.09452135644833,37.14797108212229],[127.09409957595689,37.1479717727447],[127.09389443454624,37.14792860077407],[127.09358056195074,37.14797228457587],[127.09319551036529,37.14790837485222],[127.09304829881322,37.147962343234916],[127.09290580923033,37.1479464954423],[127.09285103306436,37.14798095883963],[127.092374976117,37.14804963292894],[127.09160208926116,37.14830757356027],[127.09120278788457,37.14836807496068],[127.09102041523946,37.148350191257606],[127.09041212190171,37.148067907950605],[127.09030931959352,37.148137636423506],[127.09023328725196,37.14828528607807],[127.09002495610082,37.14840078551821],[127.08994536697435,37.14839534947911],[127.08983908556492,37.14827856086431],[127.0897765867595,37.148256622367484],[127.08956025993223,37.14827219053744],[127.08908405548709,37.14842266772271],[127.08878686318839,37.14858553736217],[127.0884704002999,37.14855468204007],[127.08831895261244,37.14870815350653],[127.0880445942366,37.1486715998051],[127.0877082773544,37.148690586684786],[127.0876287847437,37.14867136190814],[127.08741631924359,37.14853023086858],[127.08698897816932,37.148384398827396],[127.08658100297387,37.14815258100467],[127.0863905084947,37.148118116612764],[127.08623409897454,37.14816545233971],[127.08515244420828,37.14874183118072],[127.08492645763566,37.14880023420003],[127.0846995755535,37.14870800010768],[127.0844006184293,37.148657669336046],[127.08417817061138,37.14841652379118],[127.07812948274926,37.14863314591036],[127.07825723915778,37.13941351691437],[127.07723726230797,37.139408631767026],[127.07692465472633,37.13948035675818],[127.0764483695412,37.139659469614685],[127.07490119437723,37.138746215633006],[127.07421628512951,37.14082954602715],[127.07371281333593,37.141475774736435],[127.07365637616391,37.141507750617265],[127.07346872962363,37.14151552067974],[127.07343917900448,37.142439176540755],[127.07348816077827,37.143966876050314],[127.07153968514808,37.14403173608235],[127.07095962357543,37.14474372680318],[127.0715853915498,37.14512956833093],[127.07163125330759,37.14639189956562],[127.07273017473544,37.146362621702686],[127.07280847346983,37.14881934630722],[127.07362115811357,37.14881946603517],[127.07377807127443,37.15317198358578],[127.07378970860412,37.15361887809502],[127.07376076201948,37.15375572369256],[127.07368938172714,37.15401714181281],[127.07351259094948,37.15438866259445],[127.07239792539123,37.156496111875136],[127.07194034412645,37.15719168855822],[127.07148210504262,37.157754678489745],[127.0728844099531,37.15873374130556],[127.0750000184126,37.16001021069329],[127.07783638138578,37.16241541395053],[127.0782269358037,37.16238951630509],[127.07856449486368,37.16220007725004],[127.07865468030205,37.16231715489822],[127.07891383441917,37.16252422762702],[127.07909368354522,37.16224478443349]]],[[[127.10309252854053,37.14455027312628],[127.10303813598789,37.14386325943848],[127.1030924948208,37.14455030829695],[127.10285329520434,37.145340057247004],[127.10278308006787,37.1456723416221],[127.10309252854053,37.14455027312628]]]]}},{"type":"Feature","properties":{"HAKGUDO_ID":"Z000210021","HAKGUDO_NM":"정남중학구봉담중학군공동학구","HAKGUDO_GB":"1","zone_type":"공동통학구역","city":"화성시","base_date":"2026-03-20","schools":[{"school_id":"B000009442","school_name":"화성동화중학교","school_level":"중학교","road_address":"경기도 화성시 봉담읍 동화역말길 12","jibun_address":"경기도 화성시 봉담읍 동화리 631","lat":37.21386594,"lng":126.9623033571,"city":"화성시"},{"school_id":"B000009451","school_name":"정남중학교","school_level":"중학교","road_address":"경기도 화성시 정남면 신리길 76","jibun_address":"경기도 화성시 정남면 신리 85","lat":37.1651297042,"lng":126.9786515954,"city":"화성시"},{"school_id":"B000009443","school_name":"봉담중학교","school_level":"중학교","road_address":"경기도 화성시 봉담읍 샘마을길 53","jibun_address":"경기도 화성시 봉담읍 상리 11-40","lat":37.2165510515,"lng":126.9533521312,"city":"화성시"}],"school_ids":["B000009442","B000009451","B000009443"],"school_names":["화성동화중학교","정남중학교","봉담중학교"]},"geometry":{"type":"Polygon","coordinates":[[[126.96697583690481,37.197675466168285],[126.97036231567915,37.19743563844056],[126.97119298972885,37.195278320982766],[126.97345884718466,37.19247521894359],[126.97195734777006,37.191349605466364],[126.96056278811338,37.18989686311384],[126.95367354306308,37.189474778805895],[126.95257642350795,37.189112843889426],[126.95261629622296,37.18917542269042],[126.95190449545996,37.1896881479652],[126.951657138005,37.190636665444856],[126.95080336209016,37.191721367656754],[126.95091902013075,37.19229192458107],[126.95016267556854,37.19363519586868],[126.9503174880779,37.19346503038666],[126.950627663223,37.19354453649968],[126.95108350609102,37.19399208298145],[126.95128638037056,37.19429185581134],[126.95222032777005,37.19483651251013],[126.95377647037466,37.19585927849414],[126.95435915083725,37.19610565031057],[126.95565627181462,37.19635362237715],[126.95807977809393,37.19647194967552],[126.96101726031203,37.19676695704682],[126.96327715678589,37.19730775365687],[126.96391212423846,37.19728073519711],[126.96481735135214,37.197631844801684],[126.96697583690481,37.197675466168285]]]}},{"type":"Feature","properties":{"HAKGUDO_ID":"Z000210012","HAKGUDO_NM":"봉담중학군발안중학군공동학구","HAKGUDO_GB":"1","zone_type":"공동통학구역","city":"화성시","base_date":"2026-03-20","schools":[{"school_id":"B000009446","school_name":"발안중학교","school_level":"중학교","road_address":"경기도 화성시 향남읍 발안로 73","jibun_address":"경기도 화성시 향남읍 평리 63-18","lat":37.13284524,"lng":126.9187018649,"city":"화성시"},{"school_id":"B000009442","school_name":"화성동화중학교","school_level":"중학교","road_address":"경기도 화성시 봉담읍 동화역말길 12","jibun_address":"경기도 화성시 봉담읍 동화리 631","lat":37.21386594,"lng":126.9623033571,"city":"화성시"},{"school_id":"B000009448","school_name":"화성중학교","school_level":"중학교","road_address":"경기도 화성시 향남읍 장짐길 4","jibun_address":"경기도 화성시 향남읍 장짐리 161","lat":37.1390292629,"lng":126.9064903761,"city":"화성시"},{"school_id":"B000009443","school_name":"봉담중학교","school_level":"중학교","road_address":"경기도 화성시 봉담읍 샘마을길 53","jibun_address":"경기도 화성시 봉담읍 상리 11-40","lat":37.2165510515,"lng":126.9533521312,"city":"화성시"}],"school_ids":["B000009446","B000009442","B000009448","B000009443"],"school_names":["발안중학교","화성동화중학교","화성중학교","봉담중학교"]},"geometry":{"type":"Polygon","coordinates":[[[126.94944042947138,37.18354224639223],[126.94952269189474,37.18318214444929],[126.94944910007216,37.18298585621469],[126.949307862158,37.18290216720884],[126.94929557688664,37.18285007199459],[126.94939774175423,37.18219431919271],[126.94977826561922,37.181801700584984],[126.94990373106815,37.181282533568115],[126.95031197224348,37.18049711457089],[126.9505948396575,37.180328292280066],[126.95043234025003,37.17995456687092],[126.95092298268119,37.1793144904678],[126.95085410374855,37.17891124159667],[126.95089433333003,37.178753007775626],[126.95180722123317,37.17813478750685],[126.95182141647874,37.17743986254044],[126.95190880337081,37.1772596905833],[126.95205473716199,37.1771457211702],[126.95160662183415,37.17686986021958],[126.95138727827272,37.17677009298677],[126.95042628161379,37.17650470165161],[126.9495004621952,37.17600843465829],[126.94926561000915,37.1757171834769],[126.9491150061228,37.175354409793876],[126.94908197940367,37.1753543956068],[126.94898992657302,37.17476687044275],[126.94901335805314,37.17452401988498],[126.9489737562413,37.17418161336878],[126.94818895899859,37.17384280293168],[126.94753871497508,37.17381152232141],[126.9472067567562,37.17374785496135],[126.94647697486197,37.17349099968399],[126.94605740935715,37.17343729932848],[126.94569418677789,37.17331098199813],[126.9451955827257,37.17306858826524],[126.9444503386246,37.172565339394616],[126.94392428446373,37.1721072353194],[126.94370913526326,37.171852871503745],[126.94391582454448,37.1716674114157],[126.94408761675881,37.17133015879616],[126.94444410838697,37.17126585228944],[126.9447491524321,37.171060730698706],[126.94494900857609,37.17035293587367],[126.94482347131854,37.169304566824415],[126.94476480395294,37.169175852405125],[126.94494180534666,37.16868824332003],[126.94489379973355,37.16842466374903],[126.94493794529309,37.16820139522276],[126.94520908352827,37.167688202404456],[126.94579464674854,37.16731482417297],[126.94578064955117,37.16721204503159],[126.94568103775089,37.1670320763858],[126.94539890910485,37.16672699304408],[126.94547058846088,37.16636745387739],[126.94545219848551,37.165796404149106],[126.94561723158327,37.16551799569911],[126.94560697064404,37.16512772693698],[126.94572220313025,37.16486928809726],[126.94523765465107,37.1637827352286],[126.94506653923615,37.1634737654594],[126.94508159695096,37.16333156755945],[126.94520874457444,37.16315733847924],[126.94540646579131,37.16268578741195],[126.94529572309393,37.16256944405953],[126.94510260681845,37.16205631240532],[126.94469107746583,37.16168443298471],[126.94472305059831,37.161505932158],[126.94467582831993,37.16066905814328],[126.94478179317893,37.16033430510498],[126.9449908443345,37.16000101630902],[126.94506517221825,37.15963444184459],[126.94478415531137,37.15929697225696],[126.94476587628002,37.15880871101199],[126.94470141785716,37.158669575602644],[126.94447735531351,37.158621325506644],[126.9438445502911,37.15826848294933],[126.94426207486501,37.15766131273999],[126.93698787273487,37.15976470267154],[126.93606922912672,37.15997615391533],[126.93420076414007,37.160757335947],[126.93367652230361,37.16080152173628],[126.93312039260748,37.16068913834333],[126.93289425022539,37.16080219777999],[126.93199160526905,37.16104274050267],[126.93197407135392,37.16066363382808],[126.93178410003374,37.15991970050772],[126.9315462289438,37.15944752074098],[126.93091485887336,37.15932318322317],[126.93038455674389,37.159427771372],[126.9298421757432,37.15970876992486],[126.92999673780946,37.160066469562864],[126.93000846764504,37.1602667365918],[126.92990707275051,37.16039541620035],[126.93042446272133,37.161387486466204],[126.93074697894315,37.16178577703794],[126.92986361613524,37.161827323418734],[126.92973156575836,37.161769800973886],[126.9294841148255,37.16152468346755],[126.92820812112294,37.16127413878668],[126.92678887870736,37.161102052470014],[126.92621590995424,37.16095977424194],[126.92596712179984,37.1606583225132],[126.92508611525058,37.16053949514988],[126.92500283294785,37.160622509186695],[126.92528412418987,37.159897912021734],[126.92431008925362,37.15960218758779],[126.92422339300926,37.159402774029274],[126.92424822586258,37.15919300740098],[126.92357980715616,37.15831855021346],[126.9228707979838,37.15785777096749],[126.92248494930811,37.15684235461484],[126.92234124212956,37.156156621819925],[126.92211402665791,37.15611930135742],[126.92202207636893,37.156075313397146],[126.92165741937809,37.15575970066273],[126.92100404540078,37.15502152352179],[126.92080422559302,37.15502504486195],[126.92058595920032,37.15467573861342],[126.91963066659733,37.15435520984699],[126.91923346179797,37.15455710315016],[126.91870174898678,37.15486928980866],[126.91871966003855,37.15488449844606],[126.91712832040578,37.155700525822496],[126.9169741440274,37.15583712289622],[126.91746336725049,37.156175168671005],[126.91676662192089,37.15669697445034],[126.91620936257085,37.15701756576218],[126.91488726465671,37.15743887575638],[126.91541684714065,37.15849114828628],[126.91578336412462,37.159052786424866],[126.91432420511185,37.16064281577286],[126.91509842304416,37.16154674805995],[126.91517164960865,37.16275166025729],[126.91499996633993,37.16340707444439],[126.91506786402412,37.163586884041024],[126.91535236502276,37.16400524120053],[126.91530967508797,37.164577664896356],[126.91520577103553,37.1648326960655],[126.91531445421322,37.16563442974494],[126.91564585988087,37.16628004627691],[126.91596630841444,37.16604375373401],[126.9164955438676,37.165985287021854],[126.91701542944423,37.166262163130405],[126.91732476294581,37.16683652370671],[126.91812722741929,37.166920437586214],[126.91864105124439,37.16712043499338],[126.91982832804081,37.166990607157835],[126.92016762369346,37.167049408504745],[126.9208673983645,37.167090434412266],[126.92147760365883,37.16732849942079],[126.92192259680901,37.167413550436926],[126.92207897141411,37.16760006576561],[126.92241547973782,37.16779936780839],[126.92289194171359,37.16791118995077],[126.92330267642883,37.16830735552404],[126.92329795834601,37.168448142553785],[126.92277387724903,37.16844413668325],[126.9222253779711,37.16857752358918],[126.92131756203035,37.168941270092354],[126.92099875236197,37.16913252616562],[126.92075675889089,37.16922359384804],[126.92029010590804,37.169305495063156],[126.92002550737166,37.169307007169465],[126.91962149212198,37.16938557084667],[126.91915355789584,37.16951392517861],[126.91884837469577,37.1696345067839],[126.91859802827146,37.169792583993875],[126.91864018988849,37.169848081973186],[126.91878717810368,37.16992477438518],[126.91912005409785,37.16991430110277],[126.91965696613323,37.17075772156496],[126.91977034978298,37.17116608313089],[126.91941283240155,37.17329991580431],[126.91894209556166,37.17339898388725],[126.91889337193948,37.173550723474435],[126.91821228017534,37.17406018437219],[126.91782564901108,37.174623626274936],[126.91770813430496,37.175087869441995],[126.91725398727559,37.175602273890156],[126.91709529553081,37.176066759727306],[126.91747903711789,37.17669861327723],[126.91795497920802,37.17701121707162],[126.91920836281095,37.17737871222458],[126.91941391967694,37.177665216526684],[126.91909155036231,37.17865924438211],[126.91916207723767,37.17885583061894],[126.91944186635095,37.1789889285679],[126.9200531472375,37.179128454640576],[126.92076411615923,37.17917821089345],[126.92177569193923,37.178670888082486],[126.92300485077732,37.178520224912845],[126.92398919718362,37.17861153630993],[126.92483276145423,37.17890492541207],[126.92492139093874,37.17895341420635],[126.92478700276942,37.179612506489626],[126.92477780909772,37.17982846366916],[126.92530591750014,37.18045306831041],[126.92562391128284,37.18058476195668],[126.92609146348748,37.18089817461726],[126.92711272244696,37.18178326168378],[126.92736919297745,37.18203008374111],[126.92743840068667,37.18216218468636],[126.92773130986382,37.1824019919205],[126.92814568042729,37.18259062197004],[126.92896617686655,37.182774994870655],[126.92925440695674,37.18221342206047],[126.92967864437433,37.18203375925144],[126.93041749771031,37.182021814959946],[126.93156729479183,37.18192816852422],[126.9316353472822,37.18178066193188],[126.9319856494827,37.181622338298794],[126.93219465214115,37.18127161986584],[126.93205175592479,37.18072189646802],[126.93238843643479,37.180441075321504],[126.93366590587198,37.180386344660086],[126.93388308144156,37.1801395274746],[126.93478081837272,37.17991195451504],[126.93476578368517,37.17959376844934],[126.93454103228923,37.17866781504031],[126.93457015745066,37.178368791680164],[126.93460616536196,37.17823393352365],[126.9348375979209,37.17781281774999],[126.93502774271694,37.1777915698589],[126.9350189275771,37.17764852251645],[126.93519806424322,37.17721233959412],[126.9352201762926,37.17699402148818],[126.93535790196842,37.1767307317521],[126.9352228175308,37.176683351676814],[126.9352777580294,37.17663044559844],[126.93549886087479,37.17669110986983],[126.9356570398842,37.17689646618005],[126.93574444750097,37.17694381991484],[126.93589465575305,37.176991207576656],[126.93614156842003,37.17713213348974],[126.93647329837533,37.177258462240054],[126.93654877538441,37.17726104455753],[126.93729874471774,37.17715135464959],[126.93760434945328,37.17675899555351],[126.9378539120924,37.17666874634744],[126.93800516729155,37.176530011693735],[126.93832697638277,37.17693988137595],[126.93834394409674,37.17706434306259],[126.93831732669959,37.177128807824744],[126.9380262387775,37.177414176922454],[126.93795467754946,37.1775760473827],[126.93794931043081,37.17767825036257],[126.9383754371072,37.17833934262871],[126.93866555092856,37.1785805271887],[126.9388237486683,37.17876419983661],[126.93907682840484,37.17975830647778],[126.93907228307202,37.17994385656719],[126.93930520509068,37.18041224438365],[126.93912424140971,37.180724416580915],[126.93895829102645,37.18118330504102],[126.93924355930436,37.18177336130497],[126.93928507614386,37.181997519006046],[126.9392129785692,37.182164733979626],[126.9392508840893,37.182288926840236],[126.93933282282738,37.182355710829356],[126.93964542465882,37.182454421504474],[126.93986253592958,37.18247762862569],[126.94017452256136,37.182461174720984],[126.94034073478188,37.18255277142023],[126.9404280861607,37.1826679791395],[126.94059058968845,37.18277816237352],[126.9408077333718,37.183198666088096],[126.94094976082093,37.18317395976239],[126.94135090519536,37.18300353264027],[126.94145499287586,37.18310467430913],[126.94157500427684,37.18309375149579],[126.94165742485983,37.18300931916003],[126.94210097349878,37.18284425451873],[126.94248639837134,37.18297059345286],[126.94274295097809,37.18296396340179],[126.94285570504547,37.1830158293641],[126.94305630122508,37.1830215602316],[126.94322821592033,37.18301010292364],[126.94362129703207,37.18280136042039],[126.94372019965515,37.18278057686251],[126.94385920160781,37.182792465540224],[126.9440787437515,37.18286522408089],[126.94415752205951,37.1829331196436],[126.94485082173763,37.183143514386366],[126.94512122059308,37.18321966459531],[126.94527518024856,37.183214106917056],[126.94538195267874,37.18327131997401],[126.94551163209258,37.18326630764543],[126.94568331764418,37.18333763464492],[126.94585935069013,37.183484416771506],[126.9458615168519,37.18364773295743],[126.94652979753765,37.18464426091586],[126.94753423979844,37.18533881716188],[126.94827895811841,37.18628693805748],[126.9494966188121,37.187109963330904],[126.95035202851895,37.18786045661485],[126.95070994889194,37.188402086138375],[126.95190449545996,37.1896881479652],[126.95261629622296,37.18917542269042],[126.95099538254888,37.18664504701514],[126.95018298315031,37.185316221267286],[126.94970399230152,37.18434964013133],[126.94962485747399,37.18426794396796],[126.94944042947138,37.18354224639223]]]}},{"type":"Feature","properties":{"HAKGUDO_ID":"Z000200290","HAKGUDO_NM":"동탄중학군","HAKGUDO_GB":"0","zone_type":"중학교 학교군·중학구","city":"화성시","base_date":"2026-03-20","schools":[{"school_id":"B000009440","school_name":"예당중학교","school_level":"중학교","road_address":"경기도 화성시 노작로 226-35","jibun_address":"경기도 화성시 석우동 61-1","lat":37.2080653125,"lng":127.0792785,"city":"화성시"},{"school_id":"B000009429","school_name":"솔빛중학교","school_level":"중학교","road_address":"경기도 화성시 동탄반석로 83","jibun_address":"경기도 화성시 반송동 136","lat":37.1961895781,"lng":127.0722731697,"city":"화성시"},{"school_id":"B000009430","school_name":"반송중학교","school_level":"중학교","road_address":"경기도 화성시 탄요1길 13","jibun_address":"경기도 화성시 반송동 198","lat":37.1902400145,"lng":127.0710853766,"city":"화성시"},{"school_id":"B000009435","school_name":"푸른중학교","school_level":"중학교","road_address":"경기도 화성시 동탄공원로 21-24","jibun_address":"경기도 화성시 능동 1135","lat":37.2023531898,"lng":127.0565969732,"city":"화성시"},{"school_id":"B000009431","school_name":"석우중학교","school_level":"중학교","road_address":"경기도 화성시 동탄중앙로 264","jibun_address":"경기도 화성시 반송동 84","lat":37.2083047863,"lng":127.0704254995,"city":"화성시"},{"school_id":"B000009434","school_name":"능동중학교","school_level":"중학교","road_address":"경기도 화성시 동탄원천로 289-17","jibun_address":"경기도 화성시 능동 1082","lat":37.2122401756,"lng":127.061426713,"city":"화성시"}],"school_ids":["B000009440","B000009429","B000009430","B000009435","B000009431","B000009434"],"school_names":["예당중학교","솔빛중학교","반송중학교","푸른중학교","석우중학교","능동중학교"]},"geometry":{"type":"Polygon","coordinates":[[[127.07465768554327,37.22593330381251],[127.0752952077418,37.225806221926256],[127.07581557606596,37.225598386768326],[127.07590319648733,37.225590961878744],[127.07605136072061,37.22551336500635],[127.07641448278744,37.2252476078006],[127.07672697982169,37.224883056243414],[127.07692367357085,37.224741575863504],[127.07710446103881,37.224548024937626],[127.07725629274911,37.22426691165579],[127.07730345085712,37.22406667882721],[127.07741122332122,37.22391991150715],[127.07746668042448,37.22391790285385],[127.07769750325369,37.223757819228865],[127.07805199876054,37.22333184902218],[127.07820137446858,37.223245594968816],[127.07807837260441,37.223127412644054],[127.07776534582533,37.22294176657964],[127.07797377917323,37.22276114417946],[127.07827732694537,37.222622413194294],[127.07855835534949,37.22266475030147],[127.07868985166121,37.222649464129674],[127.07899698519277,37.22257013412703],[127.07916099309583,37.22249315890114],[127.07926911992197,37.22219208599648],[127.0794602787509,37.22199373177933],[127.07958840470536,37.22178105600745],[127.0800671999423,37.22172217147295],[127.08014795041639,37.22166692944665],[127.0803666641476,37.22138041454478],[127.08042737923401,37.221366029542516],[127.08060582082832,37.221456294209425],[127.08078806391141,37.22149643069006],[127.08084981016316,37.221455842280236],[127.0812971947472,37.22099573192524],[127.0814126685971,37.22081121969602],[127.08141812637862,37.220644522868184],[127.08172955384158,37.2203112069498],[127.082158727197,37.21995331897888],[127.08232075809643,37.21984958858487],[127.08256059469437,37.2197528418509],[127.08288886201268,37.21969545546028],[127.08356839109163,37.21951844541416],[127.08418247860084,37.219083824008855],[127.08436502685448,37.219076659638844],[127.08487581839638,37.21883076703596],[127.0851171699114,37.21867319413266],[127.08542048488616,37.21835113645047],[127.08652768818607,37.21747042607933],[127.08725942579456,37.217108922732365],[127.08765276876485,37.21701571342706],[127.0885821129431,37.21634424416641],[127.08814078250411,37.21479382885414],[127.08792714400252,37.214381216892846],[127.08721256195959,37.213228762178424],[127.08573259690787,37.21148090947123],[127.08497697321329,37.2103545999203],[127.08486186829201,37.21007301507487],[127.08485362338807,37.20996165208521],[127.08492761974281,37.209741376089305],[127.08609737853615,37.20722101282241],[127.08642669248131,37.20665058819806],[127.0865039690424,37.20645969196741],[127.08652929191864,37.20603663377274],[127.08640600423092,37.20471488128693],[127.08628191009265,37.20425922285743],[127.08584659250194,37.20351265789078],[127.08478895953326,37.20230312399497],[127.08435140329671,37.201659363941566],[127.08407130408672,37.200983866356026],[127.0839498861812,37.200380693029445],[127.08399980657296,37.198568287559134],[127.08396517084091,37.19781214571466],[127.08382939524594,37.197258638192636],[127.08323902862598,37.19589135093673],[127.08312261054257,37.19542053551501],[127.08285914550927,37.1939557880391],[127.0827930118402,37.19260362538425],[127.08283716202324,37.19218244603129],[127.08398823804514,37.1897559990184],[127.08410673137658,37.18945667877954],[127.08419030723323,37.18895887396596],[127.08419025384661,37.188713969499815],[127.08392548725081,37.186784824209944],[127.083837718293,37.185714921941866],[127.08124989451797,37.185874149713],[127.07777004187592,37.18617865511694],[127.07731793144049,37.186302559373694],[127.07540831404043,37.18700630390156],[127.07449770836948,37.18727209249633],[127.0730695557618,37.18632012473553],[127.0711199454004,37.18403616059017],[127.07055482978637,37.18401916036283],[127.0698715015127,37.18415471441006],[127.06943782495621,37.184029376821506],[127.06878066213224,37.18389403433032],[127.06860434657574,37.18389441407428],[127.06842650319344,37.183951395059445],[127.06791536813402,37.18439967345304],[127.06675366307091,37.184201525052444],[127.06642865656622,37.18419325762606],[127.06607973210362,37.18441589237278],[127.06578464188655,37.18483391321587],[127.0655351638641,37.18529020287176],[127.06566069597524,37.18599858344463],[127.0651755371742,37.186391927058644],[127.06553564765967,37.186705125753484],[127.06571218254015,37.1867475469029],[127.06585252193246,37.18706312073528],[127.06595431641803,37.187576661121355],[127.06601302961732,37.18770728120336],[127.06620429751848,37.18789611822021],[127.0662965292264,37.1881325914147],[127.06669968991494,37.188345242646804],[127.06692357360834,37.188398900284135],[127.06761947419324,37.18892843995072],[127.0680286166253,37.18913629862112],[127.06783622178351,37.189669151336766],[127.06793055488662,37.19029335781914],[127.06860359514744,37.19060242773129],[127.06847982406376,37.190746944467065],[127.06850165595384,37.19075228500323],[127.06837200889818,37.190805852714774],[127.06823932502665,37.190805367854274],[127.06804790124174,37.19085953934052],[127.06776739501184,37.19085969651303],[127.06760378160213,37.190914977687534],[127.0672891709022,37.190959921107556],[127.06701422520952,37.19107918355274],[127.06685468949732,37.191170784637805],[127.06565602329427,37.19213217033],[127.06562040369231,37.19224454776425],[127.06565360074003,37.192383338381006],[127.06560925812659,37.19259624030118],[127.06550853535313,37.19293728147614],[127.06541823666393,37.193118944877],[127.06552054530597,37.193408076732375],[127.06577911481452,37.1938739435141],[127.06575774137109,37.19399024343806],[127.06562204144214,37.19418123011528],[127.06562225011122,37.19422712601781],[127.0656668265229,37.194283132376675],[127.06571152338945,37.19428310759405],[127.06596342493027,37.19456539534514],[127.06629048896433,37.19507008155187],[127.06634647051888,37.19508751261258],[127.06632122876675,37.19541640910348],[127.0662088036983,37.19565919028641],[127.06618714231345,37.19584673122122],[127.06603279679385,37.19604927120607],[127.06570606406243,37.196356082783716],[127.06554610371329,37.19658480981166],[127.06538883733371,37.19708074937831],[127.06520059512978,37.19737397441748],[127.06510983890563,37.197446948284856],[127.06475916605953,37.19817106828327],[127.06473604006706,37.1982986365532],[127.06452232008668,37.19864987869646],[127.06443553504509,37.19905088684178],[127.06426570736623,37.199070126443246],[127.0639564525682,37.19902523760048],[127.06344091588262,37.19918798166548],[127.06288893869075,37.19913420023842],[127.06235935005627,37.19912377568939],[127.06189724864562,37.199196657229834],[127.06155770732924,37.199372533860604],[127.06115333240872,37.19945495886698],[127.06080541088447,37.199485827780094],[127.06058158523474,37.19946144284964],[127.06019289100472,37.19934590446911],[127.05990969432736,37.19909713242827],[127.05957430930968,37.19873351444124],[127.0592666288884,37.19852443817988],[127.05900486056967,37.198447418067104],[127.0587919617434,37.198285896799014],[127.05809210211585,37.197916236715514],[127.05777509205011,37.197852751327126],[127.05740336405586,37.19782590046275],[127.0571467159624,37.197754780149396],[127.05689895359794,37.19756567664627],[127.0567427929889,37.19749535594073],[127.05673029327028,37.19725094790974],[127.05668469206455,37.19722788477907],[127.05612780635965,37.19715774350286],[127.05559854318138,37.1973314402185],[127.05521545901419,37.197412705971644],[127.05445417383491,37.19749133184146],[127.05411321909524,37.197417426982824],[127.05377522006518,37.19728241944811],[127.0534485639402,37.19726454802793],[127.05321200485572,37.197219592893376],[127.05304299134443,37.197138572181046],[127.05278388009131,37.19706660733207],[127.05232211155058,37.197120862691406],[127.05207426070999,37.197039875387176],[127.0517813974425,37.197012968581205],[127.05138703082375,37.19680589466016],[127.0512855919467,37.19670231759794],[127.05061527900024,37.19649085136393],[127.04991127045187,37.19689863475327],[127.0499676122638,37.196934835108344],[127.05011281498403,37.19695747849319],[127.05053669703965,37.19719257399848],[127.05003817303549,37.19789901952022],[127.05029186847757,37.19795333744759],[127.05025238699004,37.19805219781943],[127.05012080406965,37.19818902426324],[127.05056542416376,37.19841915505272],[127.05079489887464,37.19847852452028],[127.05082653378345,37.19845400233596],[127.05098189262819,37.19849971803663],[127.05099956312236,37.19838891166174],[127.0514095629386,37.19862043818861],[127.05137071152096,37.19865344976547],[127.05139303859556,37.19872968710502],[127.0512750799932,37.199014385953305],[127.05117837754442,37.19938876439751],[127.05109595078879,37.199443214502985],[127.0510802843744,37.199549480508935],[127.05131421889793,37.19960877855502],[127.05123811596768,37.19965708985473],[127.05145812613355,37.19987533017558],[127.05153165666381,37.20000630934969],[127.05157168901279,37.200254533506396],[127.05165185515578,37.20026389474914],[127.05183108271038,37.200135544537694],[127.05226747853095,37.20045706613699],[127.05277364194566,37.20033906165641],[127.05308361606343,37.201345381696534],[127.05325080651143,37.202295771879115],[127.05314300276214,37.2028723832781],[127.05277069494677,37.20378667528654],[127.05210087585539,37.203620639508685],[127.05197577014151,37.20368133701771],[127.05165272887719,37.203685206861586],[127.05078010166223,37.20420919942235],[127.0496081620634,37.20475684668817],[127.0491460047263,37.20520278929449],[127.04906183113111,37.20525063215197],[127.04910755499475,37.20562777333766],[127.04901286115766,37.20652303367277],[127.0488225798061,37.20687549069938],[127.04867735841096,37.20744733294215],[127.04867278570265,37.20775751881657],[127.04880542121039,37.20894894233661],[127.04878268646694,37.209162327659584],[127.04888046130438,37.20948727912136],[127.04969420357588,37.210713372720676],[127.04968538657371,37.21084489550823],[127.04987819912951,37.211035980380764],[127.05036834030871,37.21164307354732],[127.05060832135317,37.21202707987991],[127.0507535958541,37.211908226894224],[127.05087454078682,37.21165926174013],[127.05102829110402,37.211517842476],[127.05091356009174,37.21130586574643],[127.0510607927282,37.21115656504443],[127.05119172460805,37.211109205202874],[127.05120146997504,37.21093659762529],[127.05133567152633,37.21077407478779],[127.05108008695738,37.21051231125057],[127.05102740343578,37.210156141580434],[127.0510927239177,37.20992297026198],[127.05143952820615,37.20944104476249],[127.05146886159046,37.20935205509587],[127.05141835312077,37.20872631010332],[127.05200678361717,37.20856003466738],[127.0529959582655,37.20822228618304],[127.05340691759338,37.20814861733596],[127.05381244925802,37.208126750926745],[127.05449199079996,37.208165517041856],[127.05443201394971,37.208616417693904],[127.05392004045056,37.209477430739085],[127.05383309832438,37.20974411451095],[127.05383320088534,37.20989165965352],[127.05387944854313,37.2100760746135],[127.0540436537563,37.210301541704744],[127.05416220396587,37.21032393452262],[127.05441628685352,37.210228229257005],[127.05463865007624,37.21055789326506],[127.05616266650085,37.20995736576006],[127.05625542287875,37.21010372439645],[127.05651015287069,37.210146118305964],[127.05714666095531,37.20991239587038],[127.05760542853245,37.20987897175823],[127.05764165610229,37.21006843059411],[127.05778733280194,37.210162521172144],[127.0579546600819,37.21020952110335],[127.05839148737871,37.2102217014272],[127.05879136462292,37.210531243255666],[127.05884758636687,37.21062932168342],[127.05875983666647,37.2109816181884],[127.05814303829698,37.21121365281279],[127.05765869193587,37.21154614276619],[127.05708603793843,37.21173253201118],[127.05572067973357,37.212584092279585],[127.0555381933768,37.21265963730537],[127.05516679852202,37.21270006435864],[127.05507230659256,37.212740374445424],[127.05478063830502,37.21302123537872],[127.05466201298233,37.2133006120183],[127.0545360814774,37.213444836227936],[127.05407161384001,37.21380800100916],[127.0532764520968,37.2142788570286],[127.05312222112083,37.21451123130968],[127.05276432311418,37.21480263032898],[127.0548011541135,37.21574462856792],[127.05505476836096,37.21591656814726],[127.05520842849009,37.2161233595431],[127.05530399702572,37.21636998442651],[127.05534874113138,37.216678949550705],[127.0553746929496,37.21741642278018],[127.0554352574874,37.21761602188938],[127.05572243102691,37.218072007203055],[127.05595723778,37.21830240467588],[127.05809528816272,37.21990986832785],[127.05862671778664,37.22042331598465],[127.05902442905975,37.22071684500846],[127.06006052740598,37.22136772011474],[127.0615185276503,37.22026980636062],[127.06291740017929,37.217167343050555],[127.06412143201868,37.21214111064969],[127.0707587754963,37.21328678028301],[127.07050603900046,37.214761287829084],[127.06952935063751,37.21875152629653],[127.06959669601893,37.218809287229035],[127.06977525242091,37.22054807741871],[127.06976274348581,37.220694675484005],[127.06893932045563,37.22330932428738],[127.07079387411655,37.224371960860545],[127.07077202493365,37.22462876989825],[127.07108219377085,37.22484276596125],[127.07294879278555,37.22591704694538],[127.0729967377489,37.225857459047546],[127.07306278313641,37.22587471934216],[127.07311030324792,37.2259622718626],[127.07302985677049,37.22608693369684],[127.07306892446132,37.226172869556315],[127.07331861729386,37.22617028602313],[127.07344227664541,37.2261045248289],[127.07430444559034,37.22593892773264],[127.07465768554327,37.22593330381251]]]}},{"type":"Feature","properties":{"HAKGUDO_ID":"Z000200297","HAKGUDO_NM":"세교중학군","HAKGUDO_GB":"0","zone_type":"중학교 학교군·중학구","city":"오산시","base_date":"2026-03-20","schools":[{"school_id":"B000009463","school_name":"매홀중학교","school_level":"중학교","road_address":"경기도 오산시 내삼미로48번길 17","jibun_address":"경기도 오산시 수청동 634","lat":37.1680026696,"lng":127.0688472494,"city":"오산시"},{"school_id":"B000009461","school_name":"세마중학교","school_level":"중학교","road_address":"경기도 오산시 수목원로 559-9","jibun_address":"경기도 오산시 세교동 625","lat":37.1810583687,"lng":127.0422468,"city":"오산시"},{"school_id":"B000009462","school_name":"문시중학교","school_level":"중학교","road_address":"경기도 오산시 여계산로 52-24","jibun_address":"경기도 오산시 금암동 519","lat":37.1744342944,"lng":127.0471778825,"city":"오산시"}],"school_ids":["B000009463","B000009461","B000009462"],"school_names":["매홀중학교","세마중학교","문시중학교"]},"geometry":{"type":"Polygon","coordinates":[[[127.02722807825286,37.200435795651465],[127.02735759970389,37.20040423620588],[127.02747591155895,37.20050783339038],[127.02757171389031,37.20067451472862],[127.02767870358751,37.20062041946301],[127.02771247131334,37.200552833583586],[127.02783071719577,37.20047171300156],[127.02814100978706,37.200477275779384],[127.02823623176991,37.2004671054761],[127.02830379009735,37.200426560043006],[127.02833158542997,37.200396423126456],[127.02827556092912,37.2002328370314],[127.02864160006497,37.2001291335411],[127.02886126359566,37.20014259781028],[127.0293788391141,37.20005631921409],[127.0295538813714,37.199845097942315],[127.02977347201079,37.19969186232692],[127.0298748529078,37.19970985784334],[127.03047744972663,37.19964663972417],[127.03082107284447,37.19984928931213],[127.03138429743419,37.19989420214779],[127.0315082081714,37.199925706974675],[127.03163778637311,37.200033789657994],[127.03188013037494,37.19998840808722],[127.03236430823127,37.1999975711539],[127.03266284609366,37.200128143545165],[127.03289940495087,37.200164123766086],[127.0336540932316,37.20016843145522],[127.03375548870663,37.20019543055921],[127.03515765365887,37.20013901335217],[127.0357213037155,37.1999867967378],[127.03680227708288,37.19995127888529],[127.03705569177838,37.1998836246025],[127.03723013379592,37.19958172292243],[127.03744407836064,37.199437487181505],[127.03753975740386,37.19930230451153],[127.0374889649824,37.1990815646566],[127.03752836189497,37.1990319943217],[127.0377864699696,37.198842417428764],[127.03804195255503,37.19873196039176],[127.03859431974638,37.19855439160797],[127.03907105938498,37.19847567981456],[127.03937538513114,37.19853584502632],[127.0395668468635,37.19849522668296],[127.04006992386391,37.197972178838924],[127.04013028876935,37.19795555832202],[127.04051285066602,37.19820208844316],[127.0406325210452,37.19819050678339],[127.04082815036384,37.198039796219135],[127.04094630510495,37.19781900125918],[127.04107385924759,37.19774264879509],[127.04129788426596,37.19770512678748],[127.04130207630091,37.19764458362714],[127.04147446098715,37.197484874967635],[127.04158815211784,37.197480893909265],[127.04167032025265,37.19743919317156],[127.04207055947919,37.19747651206358],[127.04219956732148,37.19750968977939],[127.04220310021054,37.19754516294774],[127.04242737436049,37.19762477370331],[127.04242439540931,37.19766757475082],[127.0428367039892,37.19757901694264],[127.04376750596454,37.19720982377467],[127.04397887234802,37.197201584669024],[127.04426306682251,37.19714657681206],[127.04470782287221,37.19687609771749],[127.04495549985718,37.19665525067128],[127.04515288992366,37.196535510442786],[127.04546221247361,37.19642079269982],[127.04598024957137,37.19628093686102],[127.04625609380605,37.196087113119695],[127.04636307070638,37.19605553626977],[127.04658270832661,37.196046436885176],[127.04693752233439,37.19608685411452],[127.04710124543996,37.196165912352846],[127.04730944658517,37.196173431574216],[127.047557033951,37.1961181465889],[127.04786101511799,37.19619884317188],[127.04799633975202,37.19618555376728],[127.04826852360671,37.19606267839493],[127.04839047248288,37.196045735715856],[127.04880724825325,37.19608161225303],[127.04893107856711,37.195986952468644],[127.04956181856,37.195973188012125],[127.05005743046716,37.19600001662051],[127.05022669783294,37.19622464583126],[127.05061527900085,37.196490852265],[127.0512855919473,37.19670231849901],[127.05138703082436,37.1968058955612],[127.05172506149835,37.19699497755165],[127.0520742607106,37.197039876288216],[127.05232211155122,37.19712086359246],[127.05278388009131,37.19706660733207],[127.05304299134505,37.19713857308209],[127.05321200485636,37.197219593794415],[127.0534485639402,37.19726454802793],[127.05377522006582,37.19728242034917],[127.05411321909524,37.197417426982824],[127.05445417383491,37.19749133184146],[127.05521545901485,37.19741270687271],[127.05559854318138,37.1973314402185],[127.05612780636032,37.19715774440391],[127.05668469206455,37.19722788477907],[127.05673029327095,37.19725094881078],[127.0567427929889,37.19749535594073],[127.05689895472429,37.19756567664574],[127.0571467159624,37.197754780149396],[127.05740336405586,37.19782590046275],[127.05777509205011,37.197852751327126],[127.05809210211585,37.197916236715514],[127.0587919617434,37.198285896799014],[127.05900486056967,37.198447418067104],[127.0592666288884,37.19852443817988],[127.05962936676873,37.198770363195614],[127.05990820915511,37.19908783612542],[127.06018912122956,37.19933915119836],[127.06058186344893,37.19946143549895],[127.06080541088447,37.199485827780094],[127.06115333240872,37.19945495886698],[127.06155770732924,37.199372533860604],[127.06189724864636,37.19919665813089],[127.06235935005627,37.19912377568939],[127.06288893869151,37.199134201139465],[127.06344091588262,37.19918798166548],[127.06395645256896,37.199025238501534],[127.064265707367,37.19907012734429],[127.06443553504585,37.19905088774283],[127.06452232008743,37.198649879597525],[127.06473604006783,37.19829863745425],[127.0647591660603,37.19817106918433],[127.06510984003276,37.197446949185284],[127.06520059512978,37.19737397441748],[127.06538883733447,37.19708075027937],[127.06554610484042,37.19658481071209],[127.06570606406322,37.19635608368476],[127.06603279679464,37.196049272107125],[127.06618714231425,37.19584673212226],[127.0662088036983,37.19565919028641],[127.06632122876675,37.19541640910348],[127.06634647051968,37.19508751351363],[127.06629048896511,37.195070082452915],[127.06596342493104,37.19456539624618],[127.06571152339025,37.19428310849511],[127.06566682652367,37.19428313327773],[127.06562225011122,37.19422712601781],[127.06562204144294,37.19418123101633],[127.06575774137188,37.1939902443391],[127.06577911481452,37.1938739435141],[127.06552054530597,37.193408076732375],[127.06541823666473,37.19311894577805],[127.0655085353539,37.19293728237719],[127.06560925812659,37.19259624030118],[127.06565360074083,37.19238333928205],[127.06562040369231,37.19224454776425],[127.06565602329505,37.192132171231044],[127.06685469062438,37.191170785538226],[127.06701422520952,37.19107918355274],[127.0672891709022,37.190959921107556],[127.0676037827284,37.1909149776869],[127.06776739501267,37.19085969741408],[127.06804790124255,37.19085954024156],[127.06823932502746,37.19080536875532],[127.068372008899,37.19080585361582],[127.06850165595384,37.19075228500323],[127.06847982406457,37.19074694536814],[127.06860359514825,37.19060242863235],[127.06793055488662,37.19029335781914],[127.06783622178351,37.189669151336766],[127.06802861662612,37.18913629952219],[127.06761947532027,37.18892844085113],[127.06692357360912,37.18839890118518],[127.06669968991572,37.188345243547865],[127.06629652922719,37.188132592315746],[127.06620429751848,37.18789611822021],[127.0660130296181,37.187707282104405],[127.06595431754502,37.18757666202178],[127.06585252305943,37.1870631216357],[127.06571218254093,37.18674754780395],[127.06553564766044,37.18670512665455],[127.0651755371742,37.186391927058644],[127.06566069597524,37.18599858344463],[127.0655351638641,37.18529020287176],[127.06578464188655,37.18483391321587],[127.06607973210362,37.18441589237278],[127.06642865656622,37.18419325762606],[127.06675366307091,37.184201525052444],[127.06791536813402,37.18439967345304],[127.06842650319344,37.183951395059445],[127.06860434657574,37.18389441407428],[127.06878066213224,37.18389403433032],[127.06943782495621,37.184029376821506],[127.0698715015127,37.18415471441006],[127.07055482978637,37.18401916036283],[127.0711791474685,37.184037943367265],[127.07152536043242,37.18375334144865],[127.07144599929062,37.1835568522806],[127.07173882788695,37.18320413966341],[127.07159182019484,37.18254618678331],[127.07177724536722,37.1823303892057],[127.07197859849335,37.18219623521092],[127.0721312709089,37.18194440937341],[127.07200710653635,37.18163250377935],[127.07208565880242,37.18096060989004],[127.0721864191864,37.180702064798865],[127.07187051003352,37.17986258554336],[127.07201813826072,37.17967778867917],[127.0720730433126,37.17931114130022],[127.07221874379846,37.17894358797396],[127.07217301112671,37.17820870276169],[127.07210494986614,37.17786296611005],[127.07222838965495,37.177404484530236],[127.07199142153209,37.17667786731699],[127.07197981854213,37.1765033012072],[127.07202629117724,37.176145390002574],[127.07235220954514,37.17583940388109],[127.07237391483068,37.175534433817305],[127.07253162612943,37.17522714594468],[127.07258861810985,37.17502690732034],[127.07299612572045,37.174690174005356],[127.07309365937718,37.174561996390835],[127.07293454547114,37.17450043339402],[127.07261574676367,37.17430943058505],[127.07234932089594,37.17406884048793],[127.07186524913425,37.173999584365184],[127.071279220859,37.174035969740885],[127.07075575142945,37.17397573972991],[127.07073886515423,37.17359110893818],[127.07085109433186,37.17338071204],[127.07058078814383,37.17311111886138],[127.07069294363447,37.17281708072642],[127.0706586156947,37.17241248203896],[127.07077104782735,37.17203256398329],[127.07084881661393,37.17108106175957],[127.07079298800619,37.17082345252893],[127.07069072002666,37.17057516086236],[127.07077009443695,37.17040898214177],[127.07079351900815,37.1702532584184],[127.07092851609697,37.1701180228542],[127.07092787680378,37.1699930016738],[127.07137714806045,37.16955714055228],[127.0712768159033,37.169314190535964],[127.07132573916925,37.169131704379964],[127.07142466389404,37.168997893778275],[127.07124697621401,37.168612799989425],[127.07130240376367,37.168236300717496],[127.0720822066574,37.16762515944968],[127.06965418702704,37.167605780826065],[127.06932500262242,37.167568547564585],[127.06907582608291,37.16750349981567],[127.06726319396111,37.16660361368986],[127.0641218508906,37.164951037843565],[127.06394840564336,37.16564541045359],[127.06338773912653,37.16621965613283],[127.06308580277489,37.16647637879017],[127.06272529600453,37.1668902543723],[127.06209088201292,37.16788942070277],[127.06132225399755,37.169428418280916],[127.05920009669434,37.168662701949025],[127.05916502834677,37.168593599412084],[127.0590023116093,37.16855232023983],[127.0589126931225,37.16858930814687],[127.05887459166239,37.16857518950451],[127.05879338516199,37.1687214226479],[127.0576391407295,37.16828281469246],[127.0576507290113,37.168211886886574],[127.05753552728434,37.16822871874757],[127.0553947686339,37.169973266947316],[127.05236471256795,37.16988114921817],[127.04730245910984,37.1698098104055],[127.04163051980598,37.17029828484172],[127.04162457911224,37.168407388240965],[127.04149958342163,37.16848994994951],[127.04131247596172,37.16852866705309],[127.04116206057773,37.16861131745711],[127.0408642702591,37.16855963318954],[127.040186538032,37.16862221807868],[127.03952605863016,37.16851624348105],[127.03895465265452,37.16879614770918],[127.03823308951996,37.16929030138546],[127.03744428574453,37.16966273916214],[127.03697768670764,37.170104096991906],[127.0364198643512,37.16990288722974],[127.03609676089353,37.169728592013726],[127.03556130133234,37.16959152660684],[127.03504330648303,37.16930413215043],[127.03454283281499,37.16911278114092],[127.03396517785491,37.168943246717475],[127.03370610947371,37.16883445142129],[127.03329649896313,37.16873575374308],[127.03297645472912,37.16852326324136],[127.03277357120518,37.16843802459671],[127.03231272971173,37.16854875766331],[127.03221088832869,37.168548125815434],[127.03126995748372,37.168050726007955],[127.030759970418,37.16822560141847],[127.03050646206168,37.16846946406588],[127.03027087190401,37.169725118032225],[127.02960425621775,37.17076038944014],[127.028344001341,37.17076510014024],[127.02825969072678,37.17053793152546],[127.02802873613378,37.170344281775634],[127.02548395004378,37.16904459304303],[127.02509610337351,37.16797864463108],[127.0247698828153,37.167811795197096],[127.02492057776618,37.167495440390354],[127.02486683502285,37.16712711584075],[127.02447332652258,37.166902262411085],[127.02467882559789,37.16610439687939],[127.02519450997295,37.16565286055608],[127.02470647031953,37.16527218014987],[127.02378221538692,37.16525510497858],[127.02364714796579,37.16538127821293],[127.02290405427736,37.165340866675955],[127.02227932064935,37.165818534354386],[127.02188529931588,37.16596727589208],[127.021440707362,37.16621059482058],[127.02135625016165,37.16643140689267],[127.02077081169074,37.16654413406745],[127.02059634252514,37.166724372315215],[127.02039934146548,37.166823519054205],[127.02005040202312,37.16722003645395],[127.01984211170388,37.16722908027947],[127.0196112691244,37.1670984690563],[127.01940860641668,37.1671075039801],[127.01913273744027,37.16701293605943],[127.01856984927286,37.167274321297874],[127.01814764974482,37.167382508126664],[127.01759600231976,37.16758081482386],[127.01737085184325,37.16777007088062],[127.01676850533762,37.167864755095245],[127.01657905326562,37.167957415798405],[127.01598597212976,37.167770248669434],[127.01554118657805,37.16750899233591],[127.01506834420353,37.16770277342011],[127.01466334968957,37.1676262298868],[127.01414511061115,37.16781550670699],[127.01391428768824,37.167797509293116],[127.01324432670822,37.167536274168675],[127.01219161685044,37.16768504711166],[127.01164559121311,37.1680139832657],[127.01117271172595,37.168014017079024],[127.01066040104105,37.16794197972796],[127.00987790286989,37.16808169512233],[127.00959642800574,37.16814478681937],[127.00913482821755,37.16843315065253],[127.00876890177376,37.16841966154268],[127.00823972292824,37.16852331834031],[127.00756416603694,37.16851433930394],[127.00711940835055,37.16831162458517],[127.00689423203616,37.168428771672964],[127.00624681343012,37.168284636686465],[127.00607318086975,37.16848202579786],[127.00597099224208,37.16867209358846],[127.00566137577921,37.16908208236402],[127.00525042373269,37.16937944726679],[127.00491265755085,37.16956867822737],[127.00451294724054,37.1697353841808],[127.00414139671092,37.17009130065644],[127.0032969779025,37.170460731475146],[127.00312770541099,37.17080878532106],[127.00272271720387,37.171348288386234],[127.0019457979913,37.171704208303694],[127.00170391938514,37.17210033616468],[127.00163637290211,37.17264988855621],[127.00143347829858,37.17278546858927],[127.0011801368301,37.172844034621846],[127.00065654601174,37.17311885266605],[127.00038066812071,37.173190933850215],[126.99984588953134,37.17349731142158],[126.99983455164076,37.173533326613445],[126.9994573358908,37.17376309295172],[126.99841578434584,37.173790097261275],[126.99726722335237,37.17428563905865],[126.99677738220478,37.17467306994102],[126.99632132990672,37.17488930283885],[126.99612990256404,37.174925337169675],[126.9957920954421,37.17491630969147],[126.99527413329376,37.17481716862578],[126.99514462795494,37.17494781467342],[126.99498154625016,37.175262752085345],[126.99491394899523,37.17565019863787],[126.99497017372808,37.176546745028844],[126.99512776942382,37.177150456070024],[126.99542614945894,37.17747484880509],[126.99630723925429,37.17825655042487],[126.99667036307908,37.17880845749859],[126.99670976759438,37.17893010104517],[126.99710387300594,37.17934009321214],[126.99750362176692,37.179592400429335],[126.99778513978322,37.17969603005832],[126.99812295492319,37.179750093786446],[126.9985283515606,37.17997537588055],[126.99900130068191,37.18034933123291],[126.99923214416691,37.18064667206234],[126.99947425574837,37.180700739379915],[126.99982897213226,37.18057910341971],[127.00010488605459,37.180241214209104],[127.00039183817377,37.179962114534774],[127.0004143564028,37.17965595668947],[127.00009905709699,37.179223450939965],[126.99924887700627,37.17872786106598],[126.99893358904711,37.178475561391],[126.99877594127808,37.178214253849234],[126.99879847148397,37.17795745602985],[126.99895071314701,37.17776331249476],[126.99935610277707,37.17758761680889],[127.00001484272103,37.17738489101177],[127.00038082316475,37.17738489490601],[127.0007242714325,37.17743445495446],[127.00093259184513,37.17759213998839],[127.00157444798792,37.1778309191685],[127.00244715612082,37.178294955035206],[127.00252599386043,37.178349017596126],[127.00289759786644,37.17896172661895],[127.0031059282421,37.179205006224215],[127.00324106182511,37.17933115121919],[127.00368587481208,37.17957893196455],[127.00454174457785,37.180268223737],[127.00475570284904,37.1805069867878],[127.0050597802555,37.1811016704001],[127.00507104904351,37.181281879076224],[127.00492444868168,37.1815075715466],[127.00468237052851,37.18157063536927],[127.00273977729195,37.18180495422091],[127.00233457237238,37.18209315532694],[127.00231770119609,37.1823721978639],[127.00254293250639,37.18271909926292],[127.00324677960812,37.18313356354905],[127.00347201462053,37.18334531578047],[127.00355648047709,37.18350298879522],[127.00374229974746,37.183651675976186],[127.00393340907209,37.18403404933903],[127.00478402323219,37.18437698546028],[127.0049191664833,37.18446709526895],[127.00530209073666,37.185016713740545],[127.00540910251877,37.18529603480304],[127.00542036423523,37.185498770573005],[127.00552737496899,37.185949289980414],[127.00596098295502,37.18639078814184],[127.00594128103849,37.18648990326924],[127.00627047927513,37.18653987317545],[127.00643941302685,37.18650832542291],[127.00668719280621,37.186368610483136],[127.0068786215168,37.186183887053566],[127.0072221008925,37.18593157778622],[127.00834264790916,37.185836907923445],[127.0087931620641,37.186129721521645],[127.00887181386481,37.186228552275836],[127.00895649594852,37.18660726610984],[127.0091308991482,37.18684124840026],[127.0095252698121,37.187030729715644],[127.00978433808764,37.187301017562426],[127.00986320097748,37.18766143075689],[127.00973368213387,37.18784619624177],[127.00930014241251,37.188116498537276],[127.00912206085073,37.18833167860524],[127.0090636867547,37.188526489091814],[127.00910886772458,37.18995013945649],[127.00917084369102,37.19027901737802],[127.00910892730886,37.19054933546884],[127.00855711879095,37.1910224196978],[127.00846138511439,37.19114857042989],[127.00820801795159,37.19175679107729],[127.00784766017952,37.192211839227504],[127.00778010233769,37.192446114786144],[127.0077801272147,37.19274346049226],[127.00789277430664,37.19296421013035],[127.00803920196387,37.193076832810384],[127.00832078725877,37.19321647928309],[127.00952033893734,37.193657916613],[127.0098075453754,37.19364438189751],[127.00992012720407,37.19340564215818],[127.00990881472805,37.19303621138991],[127.00994258063271,37.192842483966835],[127.01017912434295,37.19267122505807],[127.01052262171861,37.19259461094467],[127.01096184542087,37.19236931505988],[127.01121524337356,37.19233324381355],[127.01149683731391,37.19242783911075],[127.01160845010374,37.19266689472542],[127.01153637363856,37.19330185038599],[127.01167720184407,37.1936126989477],[127.0123530379653,37.193919003704394],[127.01261777178748,37.19434696688542],[127.013490769922,37.195018160388294],[127.01387373918715,37.1950721838261],[127.0142116218996,37.195054127228445],[127.01436366729787,37.19500455369766],[127.01518580815676,37.194522403280025],[127.01546169407742,37.19426106679538],[127.01573199946007,37.194211476910375],[127.01599668982955,37.19424748718326],[127.01627273504003,37.19475654349871],[127.01657127760241,37.19509890304251],[127.01671776941984,37.19544578682841],[127.01669527846452,37.195567431201006],[127.01648131810073,37.19583776341704],[127.01804699774789,37.19617996135337],[127.01833979934261,37.19597267971563],[127.01861573205773,37.19583297804002],[127.01934221580558,37.19587341803459],[127.0195506011137,37.19592744878439],[127.02096432453386,37.196598503770666],[127.02133612187993,37.19699491126602],[127.02228239680379,37.19746328338136],[127.02265972166875,37.19759391124871],[127.0230877649874,37.197683942841884],[127.02420291643367,37.197836908163794],[127.02465912355792,37.1979584597398],[127.02505901121259,37.198025960152194],[127.02526182190563,37.19825568178468],[127.02537454467456,37.19852597694528],[127.02563932980034,37.19880074623664],[127.02592661663957,37.19900341772697],[127.02618577753626,37.19927367723955],[127.02646180973501,37.19948086056865],[127.02712639663298,37.199512261494526],[127.02736300610745,37.19971043310626],[127.02729550974509,37.19998526681204],[127.02687901404053,37.20025651738921],[127.0268000634783,37.200503473941396],[127.02672688339518,37.20059810451943],[127.02673255657156,37.20072425049223],[127.02687340675762,37.2008728867632],[127.027036725671,37.20080526981837],[127.02707608767614,37.200652092836044],[127.02722807825286,37.200435795651465]]]}},{"type":"Feature","properties":{"HAKGUDO_ID":"Z000200289","HAKGUDO_NM":"동탄2-1중학군","HAKGUDO_GB":"0","zone_type":"중학교 학교군·중학구","city":"화성시","base_date":"2026-03-20","schools":[{"school_id":"B000024650","school_name":"치동중학교","school_level":"중학교","road_address":"경기도 화성시 동탄순환대로 881-9","jibun_address":"경기도 화성시 영천동 790","lat":37.20853778,"lng":127.0916964061,"city":"화성시"},{"school_id":"B000024665","school_name":"이산중학교","school_level":"중학교","road_address":"경기도 화성시 동탄감배산로 51","jibun_address":"경기도 화성시 오산동 1000","lat":37.191164967,"lng":127.0891727354,"city":"화성시"},{"school_id":"B000024645","school_name":"다원중학교","school_level":"중학교","road_address":"경기도 화성시 동탄순환대로 754-12","jibun_address":"경기도 화성시 영천동 870","lat":37.2105072081,"lng":127.1048231044,"city":"화성시"},{"school_id":"B000024654","school_name":"한백중학교","school_level":"중학교","road_address":"경기도 화성시 동탄순환대로26길 26","jibun_address":"경기도 화성시 영천동 698","lat":37.2065617187,"lng":127.1141301442,"city":"화성시"},{"school_id":"B000024661","school_name":"동탄중학교","school_level":"중학교","road_address":"경기도 화성시 동탄대로시범길 97","jibun_address":"경기도 화성시 청계동 528","lat":37.1990111626,"lng":127.1090808841,"city":"화성시"},{"school_id":"B000024657","school_name":"청계중학교","school_level":"중학교","road_address":"경기도 화성시 동탄대로시범길 47","jibun_address":"경기도 화성시 청계동 517","lat":37.1994567224,"lng":127.1031574673,"city":"화성시"}],"school_ids":["B000024650","B000024665","B000024645","B000024654","B000024661","B000024657"],"school_names":["치동중학교","이산중학교","다원중학교","한백중학교","동탄중학교","청계중학교"]},"geometry":{"type":"Polygon","coordinates":[[[127.15086559274724,37.219842725279484],[127.15103842094577,37.21955417954408],[127.15109716846898,37.219259013157206],[127.15118963381414,37.219189065736316],[127.15137395308152,37.218923873498724],[127.15138733769521,37.21883909839227],[127.151491110174,37.21879082090584],[127.1517990571597,37.218548838494556],[127.15184019138347,37.2183437963895],[127.15200674433515,37.21817013457146],[127.15186527143918,37.21785044388714],[127.15150254972268,37.21763324303564],[127.15159568974046,37.21728453977075],[127.15149714173734,37.21703490783746],[127.15141698046341,37.21664727294429],[127.1512763707115,37.21622340292875],[127.15136346408912,37.21602674953416],[127.151373838346,37.215751638913],[127.15150533498108,37.21486254115278],[127.15148950428592,37.21433206888761],[127.15168707099386,37.214095018595174],[127.15172676274112,37.21387505144719],[127.15209050327374,37.21354881521291],[127.15237502633327,37.213399212403885],[127.15248157566299,37.21315945391417],[127.1526251838463,37.21305903266055],[127.15282419163326,37.21283943008928],[127.15284451586574,37.21270114869147],[127.15298630266658,37.21256863036903],[127.15305513102659,37.21256994889356],[127.15317758563022,37.21236086253405],[127.15319957733072,37.212185131303876],[127.15328708844166,37.21210504636943],[127.15359960413276,37.2115254470803],[127.15387163432099,37.21121057915766],[127.15386434511366,37.21108726380335],[127.15391896865617,37.21102383645354],[127.15401343601594,37.2107362230451],[127.15401480528563,37.21054080346691],[127.15410307033885,37.21014367366032],[127.15444021633115,37.20973776949642],[127.15489803558532,37.20955641036288],[127.1550935162394,37.20969187247237],[127.1554271311541,37.20954305216382],[127.15577292635113,37.20915486908715],[127.15585917854135,37.20915475563265],[127.15600855766776,37.20895661100102],[127.15630131849986,37.208800804816704],[127.15658839944719,37.2083653916641],[127.15672556001765,37.20821400511403],[127.15688606500693,37.20786182277812],[127.15720963903642,37.20737145694924],[127.15732669155682,37.2069486586772],[127.15698533395988,37.206571796863216],[127.15643880284097,37.2064824076649],[127.15616002155824,37.206235552590826],[127.15567178920102,37.205987835153],[127.1556253579922,37.205316617388306],[127.15535401671939,37.20483041361241],[127.15534513765809,37.20435765676086],[127.15540629288138,37.20396280654649],[127.15538817482006,37.20362211790678],[127.15530619809402,37.20346989381072],[127.15497096444452,37.203325882717365],[127.15483570568294,37.20310923978836],[127.15469367642811,37.2026788952533],[127.15429533167539,37.20212864752405],[127.15337682272087,37.201893871307476],[127.15307830705208,37.20127647174881],[127.15274420763848,37.20098631227682],[127.15256737602817,37.200391006728665],[127.15260795431573,37.20017639258953],[127.15254018985817,37.20017647986345],[127.15234227235806,37.19995062478708],[127.15206055439377,37.19953622208622],[127.15200213165484,37.199185169133756],[127.15202529688938,37.199061525095274],[127.15220190535062,37.198751572780026],[127.15214664387057,37.198665764567615],[127.15223169046776,37.19841898891863],[127.15230911082216,37.198406507161906],[127.15249669209354,37.19830602208982],[127.15260781177433,37.19816284431077],[127.15269493593577,37.19790057836285],[127.15276706096839,37.19779828092225],[127.15292406904896,37.197279411524036],[127.15304089943045,37.197264620375115],[127.15336217874786,37.197394860975514],[127.15378476361678,37.197497937697555],[127.15409439919412,37.197438972421985],[127.15473069115505,37.19739309952694],[127.15541555923048,37.19769181346689],[127.15550280954189,37.19732141910571],[127.15552670581408,37.19695815586981],[127.1558157928046,37.19649515092483],[127.1560771772736,37.196340227857576],[127.15655343132188,37.19583163703007],[127.15674275788466,37.19529865069481],[127.15693132606073,37.19517000479489],[127.15740725278731,37.19493538649394],[127.15771226604214,37.194607794524536],[127.15806408645705,37.19436123127992],[127.15855769760174,37.19383938255081],[127.15905300560625,37.19363035397263],[127.15984242226936,37.19301800165127],[127.16025160471867,37.192856955301984],[127.16036367893055,37.19259212140859],[127.16083982934764,37.192393821164174],[127.1608806060161,37.19203728614022],[127.16114792408676,37.19187023719947],[127.16136705012525,37.19121753206678],[127.16129584589211,37.19108246577296],[127.16133467799519,37.19105200238448],[127.16134015102348,37.190897123857795],[127.16129935465034,37.1904922752999],[127.16092990812524,37.19029341624329],[127.16072684498864,37.18987752097955],[127.16081386156591,37.18975322525002],[127.1605764347319,37.18956573548718],[127.16058954304044,37.18952207433859],[127.16046097695596,37.18905511042163],[127.16057123389491,37.188766348472114],[127.16045727142664,37.18863077549622],[127.16041606015939,37.18802375782197],[127.16032663715382,37.1878433835661],[127.16021205243997,37.1874113197259],[127.16039988772523,37.18711005984777],[127.16041456969567,37.18697938729313],[127.16021591678981,37.18656432652128],[127.16019564361937,37.18604428412653],[127.1600340124863,37.18574461765232],[127.15967954233051,37.18537284199572],[127.15914433560674,37.18447758172258],[127.15889341458528,37.18422787527076],[127.15854252350196,37.18379189214677],[127.1585046816237,37.18370325208251],[127.15867775505033,37.183412713604284],[127.15943662602898,37.18279899288515],[127.15971730591532,37.1823886426737],[127.15986008366816,37.18200325508047],[127.16049463534175,37.180601555920155],[127.16050231130252,37.18048356332237],[127.16057787204521,37.180351971944546],[127.16066285364592,37.17984501927641],[127.15997705953819,37.17962461405099],[127.15977169982425,37.17953028315745],[127.15980384730243,37.179506023976785],[127.15954881064741,37.178956726431764],[127.15942531672444,37.1788045559232],[127.1592715216707,37.178287221511745],[127.15912025990255,37.17797487241743],[127.15896533507546,37.17784414274537],[127.15817291485716,37.17744225344808],[127.15795436102444,37.17709142208283],[127.15774206375136,37.17695147197432],[127.15658459419642,37.17655990950896],[127.15632570320774,37.17652082839788],[127.1561388662404,37.176615687273156],[127.15587687563541,37.176696275622604],[127.15565455098532,37.1767345752614],[127.15539691322724,37.176708162907715],[127.15474100610705,37.17628157717669],[127.15388931778256,37.17586904095163],[127.15295354018482,37.181432286924746],[127.14314411529192,37.19367467468705],[127.12535463683949,37.19448156494624],[127.12350641545468,37.19412590098897],[127.1175894298173,37.183499097332515],[127.10926517696535,37.18357262774894],[127.10542288792911,37.18461316773947],[127.10253442153665,37.18596268606109],[127.10164064691935,37.186070738307],[127.1005529333155,37.18598822523003],[127.10281116260332,37.18128972148973],[127.10190216046396,37.18111170329573],[127.10106790615909,37.181124337877016],[127.1008291775108,37.18085037652613],[127.10058974044834,37.18004000398803],[127.10066348452197,37.179479690815825],[127.10155090654065,37.17522274622789],[127.09982490263674,37.17524673201648],[127.09971067178249,37.17253123871388],[127.09737489483258,37.172591862383086],[127.09439215113214,37.17262252307047],[127.09337426952673,37.17012756665854],[127.09333456438867,37.17013459463893],[127.09329897268323,37.170237117803765],[127.09331393607793,37.17038493148899],[127.09323812938706,37.170406957104795],[127.09320620498276,37.170338276689414],[127.08640983583929,37.17066236704893],[127.08645743309089,37.170866203485446],[127.08619808309409,37.17090956922743],[127.08589153785377,37.170806905623635],[127.08564231139208,37.17087325596119],[127.08504213379852,37.17112399977627],[127.08484173962147,37.17111823069006],[127.08462312836757,37.17102264799517],[127.08447197892153,37.17116551555682],[127.08434512869793,37.17148772984239],[127.0843606432945,37.172003002074504],[127.08426210205458,37.17213963261752],[127.08420745799145,37.172367186273135],[127.08348160056873,37.17290691329857],[127.08255310184306,37.17351312461574],[127.08226335924282,37.1723398739277],[127.08214449516593,37.17205937658202],[127.08168507350581,37.17115483749829],[127.08117829681339,37.17004915011276],[127.07936796457183,37.16575232928365],[127.07919513378513,37.16540482705002],[127.07901784718915,37.16511247130293],[127.0789482979527,37.16507584373438],[127.07873447583634,37.16469328903497],[127.0784749389002,37.164503786860585],[127.07840623580287,37.164367764599795],[127.07846392133683,37.16414136464485],[127.07829007040928,37.163790545777566],[127.07814711636703,37.16360861755763],[127.0779512634962,37.1631506409097],[127.07793929012756,37.16302247428014],[127.07712408065811,37.16247432042372],[127.07689546853636,37.16228234370797],[127.07632396186166,37.16211144915595],[127.07618886308838,37.162111528877375],[127.07623394880234,37.16216556333315],[127.0760539493919,37.16230083400068],[127.07598635362207,37.16225582989375],[127.075435028063,37.162598567719506],[127.0758404800113,37.16275149411075],[127.07566067834422,37.16308499485944],[127.07586350019129,37.16326507666395],[127.0759088059936,37.163535364842076],[127.07589770953946,37.16370657643346],[127.075863933575,37.16370659806004],[127.07576272033522,37.16382379123965],[127.07569510765283,37.163760757735226],[127.07560504732511,37.16376982669857],[127.07557142158313,37.163923027875214],[127.07527890793195,37.164139465972895],[127.07496369058879,37.16415767791878],[127.07471616257749,37.16433804206699],[127.0746262111263,37.16445523437235],[127.0747389462412,37.16460834754557],[127.07479524793402,37.16461731809057],[127.07428902116236,37.16505013490099],[127.07338879727249,37.16555527151907],[127.07337780951082,37.165834609585325],[127.07355849277849,37.166411164973304],[127.07325499170385,37.16692495355412],[127.0729060914281,37.167069326985484],[127.07242218739471,37.16732191147901],[127.07212948265071,37.1673581277621],[127.07203278585138,37.16741928543176],[127.07214429277468,37.16758056621803],[127.07130240376367,37.168236300717496],[127.07124697621401,37.168612799989425],[127.07142466389404,37.168997893778275],[127.07132573916925,37.169131704379964],[127.0712768159033,37.169314190535964],[127.07137714806045,37.16955714055228],[127.07092787680378,37.1699930016738],[127.07092851609697,37.1701180228542],[127.07079351900815,37.1702532584184],[127.07077009443695,37.17040898214177],[127.07069072002666,37.17057516086236],[127.07079298800619,37.17082345252893],[127.07084881661393,37.17108106175957],[127.07077104782735,37.17203256398329],[127.0706586156947,37.17241248203896],[127.07069294363447,37.17281708072642],[127.07058078814383,37.17311111886138],[127.07085109433186,37.17338071204],[127.07073886515423,37.17359110893818],[127.07075575142945,37.17397573972991],[127.071279220859,37.174035969740885],[127.07186524913425,37.173999584365184],[127.07234932089594,37.17406884048793],[127.07261574676367,37.17430943058505],[127.07293454547114,37.17450043339402],[127.07309365937718,37.174561996390835],[127.07299612572045,37.174690174005356],[127.07258861810985,37.17502690732034],[127.07253162612943,37.17522714594468],[127.07237391483068,37.175534433817305],[127.07235220954514,37.17583940388109],[127.07202629117724,37.176145390002574],[127.07197981854213,37.1765033012072],[127.07199142153209,37.17667786731699],[127.07222838965495,37.177404484530236],[127.07210494986614,37.17786296611005],[127.07217301112671,37.17820870276169],[127.07221874379846,37.17894358797396],[127.0720730433126,37.17931114130022],[127.07201813826072,37.17967778867917],[127.07187051003352,37.17986258554336],[127.0721864191864,37.180702064798865],[127.07208565880242,37.18096060989004],[127.07200710653635,37.18163250377935],[127.0721312709089,37.18194440937341],[127.07197859849335,37.18219623521092],[127.07177724536722,37.1823303892057],[127.07159182019484,37.18254618678331],[127.07173882788695,37.18320413966341],[127.07144599929062,37.1835568522806],[127.07152536043242,37.18375334144865],[127.0711791474685,37.184037943367265],[127.0711199454004,37.18403616059017],[127.0730695557618,37.18632012473553],[127.07449770836948,37.18727209249633],[127.07540831404043,37.18700630390156],[127.07731793144049,37.186302559373694],[127.07777004187592,37.18617865511694],[127.0787597562125,37.18609290222893],[127.0786601632121,37.18565972547697],[127.0789362557684,37.18539553306583],[127.07920459776727,37.18526028780509],[127.07917650768997,37.18521426272258],[127.07945553225898,37.18495709534504],[127.07965085762272,37.184893167774554],[127.08003412103702,37.18470260870261],[127.08074440112273,37.184596611565794],[127.08122597483417,37.184616017293436],[127.08182734858379,37.18450747701896],[127.08251518789056,37.18427443613785],[127.08363130378258,37.18419384183491],[127.08374949871177,37.18414589615901],[127.08387297353478,37.18404142710806],[127.08380023662217,37.18476109457806],[127.08383230078755,37.185649242553374],[127.08392548725081,37.186784824209944],[127.08419025384661,37.188713969499815],[127.08419030723323,37.18895887396596],[127.08410673137658,37.18945667877954],[127.08398823804514,37.1897559990184],[127.08283716202324,37.19218244603129],[127.0827930118402,37.19260362538425],[127.08285914550927,37.1939557880391],[127.08312261054257,37.19542053551501],[127.08323902862598,37.19589135093673],[127.08382939524594,37.197258638192636],[127.08396517084091,37.19781214571466],[127.08399980657296,37.198568287559134],[127.0839498861812,37.200380693029445],[127.08407130408672,37.200983866356026],[127.08435140329671,37.201659363941566],[127.08478895953326,37.20230312399497],[127.08584659250194,37.20351265789078],[127.08628191009265,37.20425922285743],[127.08640600423092,37.20471488128693],[127.08652929191864,37.20603663377274],[127.0865039690424,37.20645969196741],[127.08642669248131,37.20665058819806],[127.08609737853615,37.20722101282241],[127.08492761974281,37.209741376089305],[127.08485362338807,37.20996165208521],[127.08486186829201,37.21007301507487],[127.08497697321329,37.2103545999203],[127.08573259690787,37.21148090947123],[127.08721256195959,37.213228762178424],[127.08792714400252,37.214381216892846],[127.08814078250411,37.21479382885414],[127.0885821140708,37.21634424506662],[127.0888097547076,37.21617919702719],[127.0888747112817,37.21633176260738],[127.08889474091717,37.2166026191639],[127.0893228796154,37.21661581821849],[127.08966521577494,37.216561222700754],[127.08977197058157,37.21662787353626],[127.09002918716106,37.21664654988535],[127.0904046843615,37.21680873564978],[127.09077651877631,37.216844502239894],[127.09117644624368,37.21681716359649],[127.09139615780069,37.216830519014685],[127.09156524621754,37.21690697939471],[127.09179491193365,37.21714614187724],[127.09199946316848,37.21729409040244],[127.09291827503723,37.21777994682493],[127.09325055734482,37.21785909513256],[127.09356991336335,37.217872926675064],[127.09410835331748,37.21796148408151],[127.09545766210015,37.21834224360954],[127.09575946492497,37.218395502473506],[127.09622020376315,37.2184306087849],[127.09682892352255,37.2184059141607],[127.0979651631809,37.218453137298596],[127.09969093348187,37.21888280412938],[127.10001454309804,37.218912388468134],[127.10057364497408,37.219036102982145],[127.10144010131084,37.21915194357086],[127.10220085545654,37.21920029222583],[127.10259518297539,37.219324687086505],[127.1028291038302,37.21943373818097],[127.10349577308124,37.219552564487444],[127.1039065678114,37.21973606738667],[127.10463833990593,37.21983370774457],[127.10538123045598,37.219823207868224],[127.10582147152796,37.219780579617606],[127.1064182792415,37.219788503955776],[127.10845670801909,37.21954339980376],[127.10872908207652,37.219442912943286],[127.10940476560276,37.21933501192205],[127.10979782339341,37.219303120525176],[127.11046191169551,37.21934052730853],[127.11107195975616,37.21950074531163],[127.11125574161865,37.219485366733345],[127.11177499082744,37.21931565915193],[127.1119844719281,37.21930561282267],[127.11230723828305,37.21935626872511],[127.11254575469628,37.21945797974854],[127.11276679299574,37.2194118791137],[127.11294690916125,37.21930808511551],[127.11326802706257,37.21931679255899],[127.11353861728391,37.219438176837244],[127.11429346110663,37.219184043581926],[127.11454662289175,37.2191849280382],[127.11465369017925,37.21921186220988],[127.11485594743341,37.219195896103955],[127.11511604083621,37.21913313246561],[127.11520142593022,37.21913615446327],[127.11568207979656,37.21928914357064],[127.11585784142336,37.21944975667232],[127.11604503732616,37.2197308717321],[127.11642238522728,37.219776963089764],[127.11729133302411,37.22000222028206],[127.11758428931999,37.22001545365123],[127.11809018535203,37.219974977141234],[127.11845251790226,37.219880569316324],[127.1186485859862,37.219735082624716],[127.11877780061022,37.219509700023906],[127.11918649087818,37.219343444306986],[127.11958889831931,37.21931938257237],[127.12023077800856,37.21932860644613],[127.12060856211357,37.21944028936363],[127.12080253394012,37.21942066869054],[127.12266584822824,37.21879874399561],[127.12297867377919,37.21879842321644],[127.12370788921406,37.218712642716646],[127.1238408892284,37.218662100882],[127.1240566155647,37.21849180222423],[127.12436883020352,37.21833014206718],[127.1246943393459,37.21822252639943],[127.12517416321556,37.218182884151084],[127.12572144002463,37.218051940817524],[127.1259439418379,37.21793654502431],[127.12631206117891,37.21794995169188],[127.1266585767672,37.217884540367955],[127.12687057680354,37.217808580345164],[127.1273604556128,37.21777820918229],[127.12744102459222,37.21774123449356],[127.12805290947482,37.21762147756425],[127.12857733070848,37.21741085699347],[127.12911889924275,37.217241337464785],[127.12953375672596,37.217204847964965],[127.12990560846967,37.217236262162075],[127.13024356554769,37.21721364774384],[127.13056442247104,37.217073646370224],[127.13112342744662,37.21691478669086],[127.13164004575057,37.216883233805476],[127.13223668671185,37.21660326753388],[127.13288940944823,37.21648484564785],[127.13362163639837,37.21613318052362],[127.1337901996632,37.215885218040235],[127.13393594013947,37.21587913164172],[127.13420901774472,37.21580421570147],[127.13472325547225,37.21572000378252],[127.13495021434419,37.21575156326174],[127.13530520406552,37.21570329997917],[127.13564832719051,37.21572403172124],[127.1361493597433,37.215545797075876],[127.13668466450571,37.21553250912225],[127.13731533720316,37.21560105141609],[127.1374656286588,37.215669591077166],[127.13781831647982,37.21591527930096],[127.13826620889567,37.216145375350195],[127.13845319415779,37.21635408400668],[127.13871328832461,37.21640869231277],[127.13904503926588,37.21655866494131],[127.13932463295606,37.21687089216053],[127.13994579186763,37.21721312782727],[127.14012475059901,37.21726613398374],[127.14031593384368,37.21726985785494],[127.14051918964302,37.217228220024715],[127.14110257040157,37.21731679968926],[127.14133775044017,37.217507990305776],[127.14153207463778,37.217586037759176],[127.1421479769052,37.21793446190998],[127.14231009857475,37.218116450219554],[127.14256156292457,37.21825524987674],[127.14276148812121,37.2183144260122],[127.14322677558188,37.21860726906767],[127.14352947690207,37.21864914109283],[127.1438359660783,37.218738876836575],[127.1442041118717,37.21876546605898],[127.14469205762084,37.2189256594579],[127.1453871095965,37.21894424216036],[127.14557613258724,37.21900933418823],[127.14576688706342,37.21915552533149],[127.14587398942153,37.21919143720677],[127.14610390139575,37.21918777670228],[127.14666373346027,37.21901335911918],[127.14677497880201,37.219005621878246],[127.14679315299195,37.21902925727823],[127.14773876341678,37.21925222272882],[127.14841530544673,37.21952620203049],[127.14844862450995,37.21945858887382],[127.14862886740696,37.219444284860224],[127.14896603627948,37.219559586506286],[127.14923187301062,37.21956291913642],[127.14929937640784,37.2196045075435],[127.14940027140477,37.2196167715366],[127.14949611354649,37.219740539315346],[127.14978940436619,37.219920669426706],[127.15025414101426,37.219733110614754],[127.15069057434056,37.22000964286509],[127.15086559274724,37.219842725279484]]]}},{"type":"Feature","properties":{"HAKGUDO_ID":"Z000200293","HAKGUDO_NM":"봉담중학군","HAKGUDO_GB":"0","zone_type":"중학교 학교군·중학구","city":"화성시","base_date":"2026-03-20","schools":[{"school_id":"B000024723","school_name":"수현중학교","school_level":"중학교","road_address":"경기도 화성시 봉담읍 상리3길 136","jibun_address":"경기도 화성시 봉담읍 수영리 691","lat":37.22638096,"lng":126.9508227,"city":"화성시"},{"school_id":"B000009443","school_name":"봉담중학교","school_level":"중학교","road_address":"경기도 화성시 봉담읍 샘마을길 53","jibun_address":"경기도 화성시 봉담읍 상리 11-40","lat":37.2165510515,"lng":126.9533521312,"city":"화성시"},{"school_id":"B000024720","school_name":"화담중학교","school_level":"중학교","road_address":"경기도 화성시 봉담읍 상리1길 166","jibun_address":"경기도 화성시 봉담읍 상리 676","lat":37.23192765,"lng":126.9428604,"city":"화성시"}],"school_ids":["B000024723","B000009443","B000024720"],"school_names":["수현중학교","봉담중학교","화담중학교"]},"geometry":{"type":"Polygon","coordinates":[[[126.95729230624843,37.24427952064744],[126.95797494346368,37.24293272750459],[126.95799775586099,37.242459684983864],[126.95793073237587,37.24141896628699],[126.95795901876475,37.24124777947729],[126.95786901075894,37.24096391452122],[126.95749186638166,37.2402699799817],[126.95756527010373,37.24001320646822],[126.95776261300823,37.23980604009312],[126.9593239212226,37.239036224895514],[126.96072177710187,37.23828434140898],[126.96113162660933,37.23811893555465],[126.96184547475171,37.236915292540274],[126.96198882886394,37.236457606225656],[126.96201587544518,37.236035642282296],[126.96195355507633,37.23544915278179],[126.9617838662,37.23491984504834],[126.96141739190853,37.23439047307805],[126.9598619049916,37.232637697672544],[126.95721599790971,37.22977315176142],[126.95614666758618,37.228467697972015],[126.95661944790953,37.22796952971181],[126.95719614464791,37.227596968927344],[126.95735984803947,37.2274215074959],[126.95795712853054,37.225684414331354],[126.95807801456091,37.22549748252013],[126.95840189593369,37.2252171076821],[126.95855930521215,37.22502289149927],[126.95931762169933,37.22376439193281],[126.9594737302251,37.22366632309766],[126.96062398720879,37.22332332158541],[126.96075350730301,37.22321902497963],[126.96125948867628,37.22259223668764],[126.96109003093046,37.22252281662863],[126.96089630185219,37.22230824742921],[126.96064990597004,37.22212811651443],[126.96049757374573,37.22139788849458],[126.96025756548437,37.221183942511495],[126.96025104859069,37.22094335312333],[126.96038504764833,37.220652912529374],[126.96062633436163,37.22052037122527],[126.9607165855984,37.220412718657904],[126.960721207448,37.22028216903605],[126.96059852956695,37.22005650567031],[126.96111743906654,37.219741373130844],[126.96132257897781,37.21943756696338],[126.96151766752534,37.21926170430836],[126.96236340751837,37.21864435023225],[126.95919464799395,37.215894284439145],[126.9596076037594,37.215594228734474],[126.95938112271806,37.21547018129113],[126.9591355197805,37.21542813764161],[126.9588493245351,37.21548144106197],[126.95860600899255,37.215618677126535],[126.95765243580507,37.21505380098242],[126.95707304612893,37.21488957076664],[126.95720200481233,37.2145615749996],[126.95735229028503,37.21447389670299],[126.95750544969007,37.21446808681596],[126.95837686633817,37.21415512648601],[126.95875353704093,37.21394141031283],[126.95912002289592,37.21365331586884],[126.95963852000472,37.212912132388674],[126.95658567501692,37.21205294060086],[126.95655987085414,37.212270632031114],[126.9565140786573,37.21232327259031],[126.95661560462833,37.212382157392554],[126.95659970979564,37.21247422806404],[126.95653981751173,37.2125575532257],[126.95645493060675,37.21260933062022],[126.95628222653012,37.2126478373495],[126.9560272174286,37.212846249661474],[126.95595217226872,37.21324605725335],[126.9559402001972,37.213538045203066],[126.95602864882181,37.21399057444779],[126.95597935705385,37.213994780260684],[126.95586620301908,37.21363375239379],[126.9557129975499,37.213449268340106],[126.95559188517284,37.21315721977777],[126.9555357672938,37.213102856408874],[126.95527924024465,37.21317962479613],[126.95523622564751,37.21308972882541],[126.95513920349627,37.21305443403938],[126.95490146000834,37.21351167340633],[126.95448781298442,37.213992008990196],[126.95425557275475,37.2141565467181],[126.95334918789554,37.214647068850276],[126.95271873223737,37.21517744336469],[126.95258764886208,37.21523127192811],[126.95219190713061,37.21516878366243],[126.95161474894881,37.21517047755387],[126.95186357174565,37.21465676262238],[126.95165375765112,37.214629824091155],[126.95159506659053,37.214535820645985],[126.95184705005312,37.21425399032093],[126.95218335257329,37.21337475787453],[126.95200739356689,37.21291821666467],[126.95106764568999,37.212501628224814],[126.9505046432294,37.213494877473174],[126.94941433274333,37.212333093338394],[126.9494063700132,37.2117088028479],[126.9485925234394,37.21148483885089],[126.94811533811364,37.21120417534975],[126.94785536418011,37.210673011059576],[126.94763928203326,37.21032150615222],[126.94751264916243,37.20992273715931],[126.94741702939352,37.20973150088221],[126.94749798625965,37.20926862576172],[126.94771345049988,37.208740487439925],[126.9476467435444,37.20800385455492],[126.94705549755898,37.2077603027001],[126.94658328593387,37.207215511891256],[126.94690335750107,37.20637600439914],[126.94719870385495,37.20515916258193],[126.94793589446573,37.20382989960145],[126.94782757787905,37.20342803894219],[126.94782085950564,37.203228680179755],[126.94791288572087,37.20277369514035],[126.94752804768004,37.20198453040227],[126.94729065984987,37.20170697142322],[126.94712767605515,37.2006257521472],[126.94760184715209,37.20009097414331],[126.94777319055414,37.19971317929581],[126.94752222759844,37.199447537409725],[126.9477132825227,37.19881717204697],[126.94756418782654,37.19835363381062],[126.94758368824857,37.19790649893174],[126.94796953314238,37.197573566247094],[126.94827348234776,37.197060676242316],[126.94838436273886,37.196042823772984],[126.9483632199697,37.1955815874243],[126.94831290557529,37.195437379059896],[126.94873445990706,37.194964212279686],[126.94954958714956,37.1943586096931],[126.95016267556854,37.19363519586868],[126.95091902013075,37.19229192458107],[126.95080336209016,37.191721367656754],[126.951657138005,37.190636665444856],[126.95190509858757,37.18968545315925],[126.95070994889194,37.188402086138375],[126.95035202851895,37.18786045661485],[126.9494966188121,37.187109963330904],[126.94827895811841,37.18628693805748],[126.94753423979844,37.18533881716188],[126.94652979753765,37.18464426091586],[126.9458615168519,37.18364773295743],[126.94585935069013,37.183484416771506],[126.94568331764418,37.18333763464492],[126.94551163209258,37.18326630764543],[126.94538195267874,37.18327131997401],[126.94527518024856,37.183214106917056],[126.94512122059308,37.18321966459531],[126.94485082173763,37.183143514386366],[126.94415752205951,37.1829331196436],[126.9440787437515,37.18286522408089],[126.94385920160781,37.182792465540224],[126.94372019965515,37.18278057686251],[126.94362129703207,37.18280136042039],[126.94322821592033,37.18301010292364],[126.94305630122508,37.1830215602316],[126.94285570504547,37.1830158293641],[126.94274295097809,37.18296396340179],[126.94248639837134,37.18297059345286],[126.94210097349878,37.18284425451873],[126.94165742485983,37.18300931916003],[126.94157500427684,37.18309375149579],[126.94145499287586,37.18310467430913],[126.94135090519536,37.18300353264027],[126.94094976082093,37.18317395976239],[126.9408077333718,37.183198666088096],[126.94059058968845,37.18277816237352],[126.9404280861607,37.1826679791395],[126.94034073478188,37.18255277142023],[126.94017452256136,37.182461174720984],[126.93986253592958,37.18247762862569],[126.93964542465882,37.182454421504474],[126.93933282282738,37.182355710829356],[126.9392508840893,37.182288926840236],[126.9392129785692,37.182164733979626],[126.93928507614386,37.181997519006046],[126.93924355930436,37.18177336130497],[126.93895829102645,37.18118330504102],[126.93912424140971,37.180724416580915],[126.93930520509068,37.18041224438365],[126.93907228307202,37.17994385656719],[126.93907682840484,37.17975830647778],[126.9388237486683,37.17876419983661],[126.93866555092856,37.1785805271887],[126.9383754371072,37.17833934262871],[126.93794931043081,37.17767825036257],[126.93795467754946,37.1775760473827],[126.9380262387775,37.177414176922454],[126.93831732669959,37.177128807824744],[126.93834394409674,37.17706434306259],[126.93832697638277,37.17693988137595],[126.93800516729155,37.176530011693735],[126.9378539120924,37.17666874634744],[126.93760434945328,37.17675899555351],[126.93729874471774,37.17715135464959],[126.93654877538441,37.17726104455753],[126.93647329837533,37.177258462240054],[126.93614156842003,37.17713213348974],[126.93589465575305,37.176991207576656],[126.93574444750097,37.17694381991484],[126.9356570398842,37.17689646618005],[126.93549886087479,37.17669110986983],[126.9352777580294,37.17663044559844],[126.9352228175308,37.176683351676814],[126.93535790196842,37.1767307317521],[126.9352201762926,37.17699402148818],[126.93519806424322,37.17721233959412],[126.9350189275771,37.17764852251645],[126.93502774271694,37.1777915698589],[126.9348375979209,37.17781281774999],[126.93460616536196,37.17823393352365],[126.93457015745066,37.178368791680164],[126.93454103228923,37.17866781504031],[126.93476578368517,37.17959376844934],[126.93478081837272,37.17991195451504],[126.93388308144156,37.1801395274746],[126.93366590587198,37.180386344660086],[126.93238843643479,37.180441075321504],[126.93205175592479,37.18072189646802],[126.93219465214115,37.18127161986584],[126.9319856494827,37.181622338298794],[126.9316353472822,37.18178066193188],[126.93156729479183,37.18192816852422],[126.93041749771031,37.182021814959946],[126.92967864437433,37.18203375925144],[126.92925440695674,37.18221342206047],[126.92896617686655,37.182774994870655],[126.92814568042729,37.18259062197004],[126.92773130986382,37.1824019919205],[126.92743840068667,37.18216218468636],[126.92736919297745,37.18203008374111],[126.92711272244696,37.18178326168378],[126.92609146348748,37.18089817461726],[126.92562391128284,37.18058476195668],[126.92530591750014,37.18045306831041],[126.92477780909772,37.17982846366916],[126.92478700276942,37.179612506489626],[126.92492139093874,37.17895341420635],[126.92398919718362,37.17861153630993],[126.92336043592455,37.17853932713096],[126.92300485077732,37.178520224912845],[126.92177569193923,37.178670888082486],[126.92076411615923,37.17917821089345],[126.92095406868094,37.179906224263],[126.92074795293942,37.1804731761824],[126.92046729634009,37.180852910615414],[126.92101561088312,37.18177256027004],[126.9209820551948,37.18221714158772],[126.92088149502547,37.1826363486011],[126.92090519878185,37.183337767615],[126.92081253945746,37.18377162099264],[126.9206135933137,37.18401183685171],[126.92038212206606,37.18444626533747],[126.92035700462527,37.18473514260286],[126.92025621007606,37.18518869602185],[126.92043846474766,37.185394087642685],[126.92035624390448,37.18609882142222],[126.92003455150022,37.18625210556882],[126.91950248746569,37.186704723022125],[126.91934144265512,37.1870684409573],[126.91918426558993,37.18775593867399],[126.91960461375918,37.188120306137634],[126.91995920517003,37.18860205296964],[126.91975515829591,37.18918533980722],[126.91997159134766,37.1896940118479],[126.91969953838513,37.18976001914634],[126.91850802985167,37.1902206800014],[126.91813331298965,37.19054421241758],[126.9184919998236,37.19294919342203],[126.91847108987359,37.19576711364582],[126.91897000688668,37.19739813877421],[126.91775174982924,37.19955723693449],[126.91548005359417,37.200213632790025],[126.91215316959952,37.20096933658233],[126.90834354086557,37.201610139873786],[126.90695549457273,37.20191840766421],[126.90675250656409,37.202433192558246],[126.90673095647672,37.202639289258556],[126.90693628156826,37.202835431172936],[126.90699021812699,37.20318884416882],[126.90686466011266,37.20352184609284],[126.90691603984219,37.20408982074259],[126.9069853917969,37.204217437003486],[126.90702372789981,37.20466911347227],[126.90672732806463,37.205223570979726],[126.90705535201316,37.20582330508572],[126.90849705691122,37.207948943436],[126.90827610220155,37.20813291571789],[126.90753641939219,37.20818215973703],[126.90749444016787,37.208813698360316],[126.90685495626292,37.20950951263612],[126.9068677508959,37.20968973002228],[126.90719886258657,37.20995665116056],[126.90727561652959,37.210374009175844],[126.90722849418825,37.210604574405984],[126.90729312377945,37.21141781175788],[126.90711786421818,37.21179329511158],[126.90683940741528,37.21205352308141],[126.90597839036474,37.212524181900704],[126.90559642230767,37.21292989287937],[126.9046157034077,37.213527146433634],[126.90436030692177,37.21404615585106],[126.90404967097032,37.21440856440873],[126.90370695861083,37.21493285200476],[126.90370554702919,37.21532902780933],[126.9032937936879,37.21641695791368],[126.90292078510113,37.21666837165541],[126.90364308314112,37.2170626234488],[126.90408208372834,37.21763007563817],[126.90511564715084,37.21787675388452],[126.90538306098269,37.21813770610863],[126.90554830738027,37.2185937128226],[126.90620478670375,37.21926945877909],[126.90639214961004,37.22005013315029],[126.90654115083913,37.22027355046326],[126.90703342447374,37.22023874651859],[126.90747890140265,37.22086786678672],[126.908362213331,37.22150774099159],[126.90978825566377,37.22189096310101],[126.90975341012681,37.2223186479459],[126.9095803881186,37.22243029462161],[126.90954568065956,37.223165737862686],[126.90936615223448,37.224556571828174],[126.90884921538706,37.22529585248999],[126.90847451347561,37.226179696755686],[126.90836911477521,37.226703617682986],[126.90815157925682,37.22720689776556],[126.90875906926416,37.22770351918014],[126.90933999648696,37.22805538277829],[126.90987991503209,37.22811071548192],[126.91008439466003,37.228196475801724],[126.91021845526602,37.228856019771214],[126.91017986271964,37.22916825202382],[126.91078807297932,37.230412441447974],[126.91107502894536,37.23073140442588],[126.91221347612819,37.23177043456625],[126.91377652034123,37.2330747414796],[126.91354902488462,37.233086400967714],[126.91325273536033,37.233341277810645],[126.91263452790972,37.234228893900294],[126.91274503770315,37.2345837596908],[126.91272364822221,37.23480224406774],[126.91207505355561,37.235172018651134],[126.91225744042752,37.235494557283396],[126.91253797231025,37.23679000600525],[126.91225527965274,37.23759226843454],[126.91246895599645,37.23855766290981],[126.91376607423553,37.23835986006763],[126.91382912563027,37.238801972536116],[126.91451659959806,37.238627074115094],[126.91532799375038,37.238945003547265],[126.91599889117325,37.239404744326755],[126.91700695920579,37.24037774816299],[126.91858638476903,37.23965941640019],[126.91926014043736,37.23919253862507],[126.92005474948051,37.239105804230256],[126.92136147821594,37.23994749174369],[126.92186465467591,37.23987152967333],[126.92211707812261,37.23962988053183],[126.922464985339,37.239465293157366],[126.9231116586893,37.23926473654295],[126.9251319991849,37.239034836228306],[126.92539708132881,37.238960013082384],[126.92480113372565,37.23767508983034],[126.92437809238153,37.236969942950225],[126.92428138208017,37.236347514176494],[126.92433553899996,37.23586448349815],[126.9244940289705,37.235261471115656],[126.92545616017064,37.235346733938556],[126.92588864452877,37.23549878122268],[126.92620711117102,37.23556825613449],[126.92661366803303,37.23575463249233],[126.92672124299644,37.23576877525009],[126.92715590760106,37.23567923252106],[126.92730265037882,37.23560414118983],[126.92738752509837,37.2356103852506],[126.92760631427583,37.235757225753055],[126.92805454446098,37.235413227129406],[126.92818437015035,37.235706904662976],[126.92827359929862,37.236127349082395],[126.92814553229827,37.236363792474954],[126.92813500585204,37.23650232013659],[126.92821426311646,37.23666736777942],[126.9285347535614,37.23701671879179],[126.92883036969411,37.23723259102947],[126.92893342379331,37.23736893613292],[126.92903835735304,37.23737856996788],[126.92965155809833,37.23786016106523],[126.92971639980627,37.238007745842566],[126.9295860357284,37.2382531998141],[126.92941779384887,37.23888945609415],[126.9293883564993,37.23929236459622],[126.92963443228312,37.2406927900713],[126.93003622936092,37.24149523794173],[126.93005126378692,37.24179286752549],[126.93038091271481,37.24236099967085],[126.93070014352853,37.24278158940759],[126.93091424714474,37.243513047826674],[126.9339131497773,37.24354513005592],[126.93433349395096,37.24346104769588],[126.93601167543113,37.24292575441221],[126.93631748739793,37.24287221877042],[126.93657095920786,37.24287235300743],[126.93745820083461,37.24296815640713],[126.93772296913392,37.24293702877527],[126.93953215608231,37.24216117705664],[126.93982566987127,37.241975889625834],[126.93993958030472,37.241874491543314],[126.94110361945796,37.24036861637157],[126.9414422455584,37.23998205549563],[126.94163940961548,37.239768695093304],[126.94202495740801,37.239471449262716],[126.94289688509124,37.23890854085925],[126.94313341555572,37.238789716619436],[126.94350134333128,37.2386814049962],[126.94402679059107,37.23861515732664],[126.94408287203474,37.238824767099615],[126.94413388017355,37.238884620620844],[126.94426445531793,37.23894198866577],[126.94479319070419,37.239004588707594],[126.9459714559023,37.23900161805312],[126.9462199144514,37.23906029912912],[126.94636657649207,37.23916128277919],[126.94653818489294,37.23936589778129],[126.94684498599264,37.23995910422107],[126.94701928066745,37.24019462557271],[126.94740796775281,37.24054242225053],[126.9478883645649,37.24110146311007],[126.94794282446867,37.24221220672715],[126.94798200687771,37.24243198801204],[126.94795438626022,37.24260785992797],[126.94807990463751,37.24282137266329],[126.9485511305695,37.24334109039628],[126.94884570805654,37.24329703436018],[126.94922459178088,37.24315726239418],[126.94981247651329,37.243073886095544],[126.95037335303425,37.24281620727018],[126.95096829302173,37.24262939448681],[126.95083019343397,37.24359239603457],[126.95305775478366,37.24332580852246],[126.95442047842836,37.24326022037613],[126.95545775615834,37.2445382268459],[126.95578070225903,37.24515443741431],[126.9562196839747,37.245222755567795],[126.95669568467528,37.245128830865085],[126.95677923662811,37.24470732189716],[126.9571456933593,37.24443264174309],[126.95729230624843,37.24427952064744]]]}},{"type":"Feature","properties":{"HAKGUDO_ID":"Z000200287","HAKGUDO_NM":"기안중학군","HAKGUDO_GB":"0","zone_type":"중학교 학교군·중학구","city":"화성시","base_date":"2026-03-20","schools":[{"school_id":"B000009442","school_name":"화성동화중학교","school_level":"중학교","road_address":"경기도 화성시 봉담읍 동화역말길 12","jibun_address":"경기도 화성시 봉담읍 동화리 631","lat":37.21386594,"lng":126.9623033571,"city":"화성시"},{"school_id":"B000009444","school_name":"와우중학교","school_level":"중학교","road_address":"경기도 화성시 봉담읍 동화역말길 55-40","jibun_address":"경기도 화성시 봉담읍 동화리 238-63","lat":37.219139298,"lng":126.9660070936,"city":"화성시"},{"school_id":"B000009433","school_name":"기안중학교","school_level":"중학교","road_address":"경기도 화성시 효행로291번길 29","jibun_address":"경기도 화성시 기안동 365","lat":37.224341646,"lng":126.9753191794,"city":"화성시"}],"school_ids":["B000009442","B000009444","B000009433"],"school_names":["화성동화중학교","와우중학교","기안중학교"]},"geometry":{"type":"Polygon","coordinates":[[[126.96694953910065,37.23548859549878],[126.96787955026451,37.23481758884466],[126.9680550322347,37.234588432579734],[126.96813327739086,37.23442570841899],[126.96818999712178,37.23357874696802],[126.96830282032268,37.23327243031735],[126.968663583825,37.23290760505309],[126.96883842424513,37.232506690718004],[126.96881025017503,37.232511193041404],[126.96899082192033,37.23188050936945],[126.96928715750236,37.23147456396773],[126.96931807979543,37.23079935067565],[126.96938219574939,37.2307360164416],[126.96941964666463,37.230429952986654],[126.96979740274415,37.22980383105608],[126.97053568044257,37.229321971089746],[126.97058073258091,37.22937153989777],[126.97134148602028,37.22903834968325],[126.97226555031773,37.22884936412474],[126.97259234788837,37.228799891599046],[126.97261523811943,37.22881931807204],[126.9728966186989,37.22872787781955],[126.97314255497824,37.22879608187181],[126.97359519858686,37.22886319996237],[126.97376419699505,37.228933917487716],[126.97425996579966,37.229048068249696],[126.97451902561303,37.22930942983463],[126.97463735820119,37.22930044566123],[126.97496410029734,37.229413157824936],[126.97519581796017,37.22939095431398],[126.97555003419208,37.22946734668605],[126.97574157076951,37.229543976904765],[126.9761696370564,37.229936017617405],[126.97653576783873,37.23021542260129],[126.9777842865718,37.22965477582066],[126.97816990164753,37.229539969388675],[126.97896434624393,37.229454524466185],[126.9790205743006,37.22984198301788],[126.97895280684189,37.23036457303707],[126.97905978395384,37.23061688523494],[126.97940904165384,37.230837704846415],[126.97981466966621,37.23098194763422],[126.98013001083362,37.23161273216046],[126.98034409249428,37.2317163901022],[126.98070454417352,37.23223004619219],[126.98086791173357,37.23233369490303],[126.981065063834,37.232527458896044],[126.98183281458634,37.23230597205917],[126.98214694424422,37.23225281660865],[126.98242760523186,37.23224723605143],[126.9826184967022,37.232141674126225],[126.9825977818623,37.23187895820483],[126.98273307617521,37.231626688429365],[126.98321766946225,37.23145557355521],[126.98349938570875,37.231428579924675],[126.98391078773103,37.23100965680662],[126.98407983094246,37.230946609950934],[126.98432774599198,37.230924125847494],[126.98467146333614,37.230802529458636],[126.98473907218916,37.23081154866211],[126.98482919914791,37.230910684445874],[126.98489677328651,37.23107737780385],[126.98493611472168,37.23147833798586],[126.98508258255191,37.23169461684165],[126.98512758496432,37.23197844151608],[126.98508248477809,37.23214514576435],[126.98499230856447,37.232217207320296],[126.9851782214494,37.23231184247106],[126.9852852444473,37.23246052856954],[126.9855838278217,37.23264528172066],[126.98585991186465,37.23270388666116],[126.98596130997754,37.23276246677498],[126.98629936178821,37.23282558325402],[126.98631062708425,37.232870636902554],[126.98624299461473,37.23297424765765],[126.9862243000793,37.23310686877392],[126.98602875835259,37.23355989582399],[126.9861019457911,37.23385724807254],[126.98623149994695,37.23409153535906],[126.9866427811742,37.23428981634131],[126.98679491154853,37.23426280380303],[126.9868287362838,37.23420875197576],[126.98674427035938,37.233933919694444],[126.98661470406643,37.23376720966772],[126.98664854406341,37.23360052163354],[126.98675561421379,37.23351945025572],[126.98712187468801,37.23344740329968],[126.9873528976393,37.233366337585174],[126.98752757373647,37.23336185988628],[126.98769095370145,37.23343395622148],[126.98764022171662,37.23355108612333],[126.98734155897377,37.23373576376417],[126.98733590935464,37.23385289743868],[126.98734714985103,37.233970034718425],[126.98745980653759,37.234150256047656],[126.98767390310206,37.234240394008246],[126.98827119062764,37.234078271664785],[126.98839518013621,37.23390257615994],[126.98851916196236,37.23380347670391],[126.98876709011111,37.233708894171386],[126.98922350216037,37.23359632195137],[126.9895334043498,37.23355579723278],[126.98958983922267,37.233051219574804],[126.98957877566828,37.232754156049616],[126.98934202452547,37.23240244734081],[126.98921247102118,37.2321321215085],[126.98929140870403,37.23181677481844],[126.98946607725304,37.23168613324929],[126.98973655046825,37.23160056112702],[126.98975908388978,37.23161407878429],[126.98989430141512,37.231704196911764],[126.98998435903172,37.232267355365344],[126.99013085566419,37.23228989564115],[126.9903674943063,37.232276406627705],[126.99055908277664,37.232150273670904],[126.9905703976833,37.23190699367207],[126.9903337840906,37.231627659010314],[126.99036760766799,37.231438434662266],[126.99058174213157,37.23129878417084],[126.99094233579731,37.231321352893595],[126.99128043151902,37.231042059050395],[126.99159596223772,37.230970008897344],[126.99199034225987,37.23120880291892],[126.99245233527745,37.23128543488656],[126.99268897712928,37.23127193762807],[126.99285240712679,37.23103317911168],[126.99309205356155,37.23088282657377],[126.99333134806895,37.230623235964536],[126.99353417841995,37.23065028043162],[126.99394550657215,37.23049262610985],[126.99443003360165,37.23056473907697],[126.99485825718162,37.23046565405428],[126.99532558721398,37.23000135832993],[126.99585558840357,37.22962773353446],[126.99605841764169,37.22955566026904],[126.99655986498402,37.22947458703347],[126.99684158939463,37.22931241174676],[126.99700497691335,37.22925385151008],[126.99745572060095,37.22926287793197],[126.99766417576222,37.22919531447856],[126.99787264975694,37.22896555309664],[126.99776562648432,37.228614138980014],[126.99731490810414,37.228285243642965],[126.99693742595412,37.22828522907709],[126.99681346641238,37.22843840209807],[126.99672332055256,37.228429387360286],[126.99659937649817,37.22817258529544],[126.99659939640877,37.22787974841099],[126.99668956378673,37.227690532751566],[126.99680788279932,37.22761394874584],[126.99723042720575,37.227744616705145],[126.99736001156674,37.2277356109896],[126.99755720124193,37.227771658931],[126.99765861655182,37.227717590908796],[126.99772623231279,37.22756893016533],[126.99768117566369,37.227415751175826],[126.99752342564368,37.22723103319011],[126.997534698492,37.22715444616556],[126.99764175068421,37.22701929297721],[126.99819952996855,37.22693821567463],[126.99827841200737,37.22669043229453],[126.99820658758716,37.22649164204581],[126.99803053035929,37.22629396735888],[126.99817702353741,37.22603266940484],[126.99819957938726,37.22580740955681],[126.99827845205358,37.22562269949126],[126.99848126068581,37.22559116738663],[126.99870662600578,37.22564072950566],[126.99893196530299,37.22611828718511],[126.99906717425245,37.22626245599752],[126.9993376026237,37.22630300857955],[126.99963057020247,37.22619488951032],[126.9998446451697,37.22632102948629],[127.00007000491422,37.22677607136406],[127.0002784614037,37.22680761313835],[127.00043058112803,37.22662289246553],[127.00046438677961,37.226519279039806],[127.00056016420982,37.22644719118977],[127.0008925673534,37.22643367703683],[127.00111792602235,37.22651926926792],[127.0012193251824,37.22670399209231],[127.00118553111942,37.226983313661556],[127.00130947872101,37.22737526634197],[127.00124186750676,37.22763656911238],[127.00145596128097,37.227803265905926],[127.0018278089228,37.22797896324648],[127.00220529721722,37.22847453481708],[127.00230108772034,37.22888000259462],[127.00239122792183,37.22902866463891],[127.00262222739053,37.22903318481028],[127.00289267695078,37.228965594543965],[127.00323635048181,37.228803395294186],[127.0032814181284,37.22887999210502],[127.00331716226249,37.22890139639434],[127.00336030351781,37.22888449513075],[127.00337157082677,37.22911426012366],[127.00329269861686,37.229366552932284],[127.00314057944006,37.22947468005424],[127.00284197722736,37.229596323592624],[127.00274055688814,37.229790049372895],[127.00271802397629,37.22996575232857],[127.00332651324551,37.23019550928019],[127.00358006084947,37.23011890745756],[127.00373218228083,37.229997273983976],[127.00386738423279,37.229425109952224],[127.00399697551705,37.2292088578629],[127.00424486138171,37.229073701124875],[127.00564775127143,37.22885740554769],[127.0060027043395,37.22888893556537],[127.00634639767887,37.229073629683946],[127.00648161664476,37.22905560231202],[127.00653776787698,37.22890973945653],[127.00651539363942,37.22865013267352],[127.00662242663084,37.228415863376526],[127.00708440284069,37.228168052153144],[127.00720834545322,37.228059926165564],[127.0072195827492,37.22764093650575],[127.00728156068169,37.22755534399041],[127.00767592232503,37.22743367403928],[127.0084421225949,37.2270191525395],[127.00862240105086,37.226965071276965],[127.00943209298386,37.22684282026863],[127.01019987926637,37.22664059934114],[127.01041396679281,37.226622563357175],[127.01042363084906,37.226545126452606],[127.01017381149902,37.22655415595131],[127.00937697871419,37.2267699028431],[127.00938188301845,37.22659166797934],[127.00900898223796,37.22646216769351],[127.00902551837375,37.22641795201416],[127.00885930625549,37.22631828974291],[127.00867250343104,37.22625720080596],[127.00825630806544,37.226341130726304],[127.00836756636286,37.22620399423671],[127.0083890356275,37.22611643068111],[127.00834148791627,37.22602069769412],[127.00834112945205,37.22591707720273],[127.0085997344092,37.22565688740571],[127.00888456024951,37.22530208502184],[127.0090583215022,37.22519140873882],[127.00906462754898,37.22481972771014],[127.0091700680725,37.22468316033912],[127.0094679527124,37.224591909377764],[127.00917004874856,37.22449563599537],[127.00897901861983,37.22439202828614],[127.00843746115326,37.22436052420804],[127.00792918315653,37.22425326610791],[127.00754660481975,37.22413249297089],[127.00709565754869,37.22259943570301],[127.0075357820587,37.220381859300566],[127.00984483954615,37.21875754195134],[127.01098444517947,37.21852159755699],[127.0108537065591,37.21760338463517],[127.00789966003046,37.21648882944086],[127.00673778383593,37.21609636444545],[127.00631460847198,37.216463837528686],[127.00411248224401,37.21686179822084],[127.00408509615349,37.21670690878122],[127.00386962836772,37.21679926997344],[127.00383583434859,37.21695497961033],[127.00338430068591,37.21713519603052],[127.0031575604588,37.21708339015369],[127.00250992470936,37.21761275948955],[127.00239920088484,37.218126922087464],[127.00168693431225,37.2183930114837],[127.00091516378889,37.21875540118533],[127.00023968193743,37.219168468786364],[126.99958498356249,37.21898007877379],[126.9994994232008,37.21893756694927],[126.99954414390182,37.21889617293654],[126.9991728650252,37.21866499597433],[126.99874280129228,37.21866019320291],[126.99787682322157,37.21900904361494],[126.99744727755922,37.21902169847945],[126.99662681087524,37.217909727479665],[126.99581797648818,37.216894613805735],[126.99542542241585,37.216707060285756],[126.99492903811105,37.21628439023114],[126.9932483783141,37.21655600339475],[126.992528249797,37.21619047108017],[126.99173801942054,37.21624024482956],[126.9909951108773,37.21642967957603],[126.9897124423337,37.21570421947478],[126.9890043816907,37.214864213645654],[126.98814166009142,37.21475429967227],[126.9877093140994,37.214791697818484],[126.98650332775917,37.214674983329864],[126.98543923213731,37.21455686124188],[126.9849268263262,37.21445627063311],[126.9846187861404,37.214360490896055],[126.9844329404198,37.21416223387068],[126.9843680096622,37.21402819506661],[126.98426170706438,37.213962286318036],[126.98299043635018,37.21382553306156],[126.98190517043895,37.213257422501506],[126.98174284256062,37.21316498411256],[126.98175788418867,37.213149371234934],[126.9815571703062,37.21306998288557],[126.98084051648634,37.21288813727483],[126.9807725180948,37.212920743363945],[126.98003152564,37.21292120644962],[126.97981083533574,37.21238434147831],[126.97972012323548,37.211598138154244],[126.97975047871202,37.21145960868734],[126.97972458804576,37.21111326038591],[126.97952806662988,37.21082216933494],[126.97946505005942,37.21076754577044],[126.97942386973308,37.210783622371814],[126.9793772416779,37.21070730431504],[126.97917259448592,37.209895768150986],[126.97921431211847,37.20970584125784],[126.97815443106502,37.2096068611695],[126.975123805446,37.20913564573372],[126.97012369212676,37.207825289773176],[126.9704943775623,37.20827918063583],[126.97050858745887,37.208731111511185],[126.970265632436,37.20878210069641],[126.96981285663371,37.209083910192724],[126.96969744919059,37.20982242853638],[126.96930959168704,37.2100880880863],[126.96895033550604,37.21066545778698],[126.96884638298273,37.21096683720749],[126.96898036502506,37.21154101073197],[126.96788078763167,37.21193744373647],[126.9671088844284,37.21201604226144],[126.96564831804777,37.21200370771023],[126.96525991777312,37.21397042149467],[126.9648717259157,37.215305544559655],[126.9643915535371,37.21514576133136],[126.96268772761687,37.21473235612329],[126.96243788172528,37.21522564866667],[126.96213660643426,37.21562793803704],[126.96236064183414,37.21574782379237],[126.96263799710968,37.21603270630417],[126.96287185482743,37.21616079373234],[126.96305071832774,37.21642974082369],[126.96307337967633,37.21655472343787],[126.96302976121402,37.21667741292993],[126.96306853504785,37.21677665758862],[126.96300114862241,37.217065212014646],[126.96307303462783,37.21723490202444],[126.96311266349363,37.21753637661172],[126.96252116171972,37.21853373521212],[126.96151766752534,37.21926170430836],[126.96132257897781,37.21943756696338],[126.96111743906654,37.219741373130844],[126.96059852956695,37.22005650567031],[126.960721207448,37.22028216903605],[126.9607165855984,37.220412718657904],[126.96062633436163,37.22052037122527],[126.96038504764833,37.220652912529374],[126.96024244439563,37.220974526519775],[126.96025756548437,37.221183942511495],[126.96049757374573,37.22139788849458],[126.96064990597004,37.22212811651443],[126.96089630185219,37.22230824742921],[126.96109003093046,37.22252281662863],[126.96125948867628,37.22259223668764],[126.96075350730301,37.22321902497963],[126.96062398720879,37.22332332158541],[126.9594737302251,37.22366632309766],[126.95931762169933,37.22376439193281],[126.95855930521215,37.22502289149927],[126.95840189593369,37.2252171076821],[126.95807801456091,37.22549748252013],[126.95795712853054,37.225684414331354],[126.95735984803947,37.2274215074959],[126.95719614464791,37.227596968927344],[126.95661944790953,37.22796952971181],[126.95614666758618,37.228467697972015],[126.95721599790971,37.22977315176142],[126.9598619049916,37.232637697672544],[126.96141739190853,37.23439047307805],[126.9617838662,37.23491984504834],[126.96195355507633,37.23544915278179],[126.96201587544518,37.236035642282296],[126.96198882886394,37.236457606225656],[126.96184547475171,37.236915292540274],[126.96113162660933,37.23811893555465],[126.96186024595646,37.23783871375122],[126.96215893520508,37.23775321379333],[126.96281263549317,37.23762728342215],[126.96344381828332,37.23745178675349],[126.96412821064534,37.23719126210329],[126.96467301732878,37.2368698695039],[126.9650501534433,37.23656476819351],[126.96565888854336,37.23618201690077],[126.96643664459077,37.23579930326734],[126.96694953910065,37.23548859549878]]]}},{"type":"Feature","properties":{"HAKGUDO_ID":"Z000210011","HAKGUDO_NM":"봉담중학군기안중학군공동학구","HAKGUDO_GB":"1","zone_type":"공동통학구역","city":"화성시","base_date":"2026-03-20","schools":[{"school_id":"B000009442","school_name":"화성동화중학교","school_level":"중학교","road_address":"경기도 화성시 봉담읍 동화역말길 12","jibun_address":"경기도 화성시 봉담읍 동화리 631","lat":37.21386594,"lng":126.9623033571,"city":"화성시"},{"school_id":"B000009444","school_name":"와우중학교","school_level":"중학교","road_address":"경기도 화성시 봉담읍 동화역말길 55-40","jibun_address":"경기도 화성시 봉담읍 동화리 238-63","lat":37.219139298,"lng":126.9660070936,"city":"화성시"},{"school_id":"B000024723","school_name":"수현중학교","school_level":"중학교","road_address":"경기도 화성시 봉담읍 상리3길 136","jibun_address":"경기도 화성시 봉담읍 수영리 691","lat":37.22638096,"lng":126.9508227,"city":"화성시"},{"school_id":"B000009433","school_name":"기안중학교","school_level":"중학교","road_address":"경기도 화성시 효행로291번길 29","jibun_address":"경기도 화성시 기안동 365","lat":37.224341646,"lng":126.9753191794,"city":"화성시"},{"school_id":"B000009443","school_name":"봉담중학교","school_level":"중학교","road_address":"경기도 화성시 봉담읍 샘마을길 53","jibun_address":"경기도 화성시 봉담읍 상리 11-40","lat":37.2165510515,"lng":126.9533521312,"city":"화성시"},{"school_id":"B000024720","school_name":"화담중학교","school_level":"중학교","road_address":"경기도 화성시 봉담읍 상리1길 166","jibun_address":"경기도 화성시 봉담읍 상리 676","lat":37.23192765,"lng":126.9428604,"city":"화성시"}],"school_ids":["B000009442","B000009444","B000024723","B000009433","B000009443","B000024720"],"school_names":["화성동화중학교","와우중학교","수현중학교","기안중학교","봉담중학교","화담중학교"]},"geometry":{"type":"Polygon","coordinates":[[[126.98087174602281,37.20704941952971],[126.98305216652614,37.2045527787322],[126.98343582042256,37.20417247042879],[126.98265009111941,37.20368196437923],[126.98366372132489,37.20246486366969],[126.98415349164227,37.20114941281077],[126.98454934947532,37.200434732789084],[126.98447381263402,37.19968517026298],[126.98401797074023,37.1985149259473],[126.98315098185894,37.19761494839178],[126.98221728520431,37.19694865401728],[126.98163306907495,37.19743332564252],[126.980994824682,37.19763894422355],[126.98109505325294,37.19778941796775],[126.9811131384519,37.197974135661084],[126.98108232668339,37.1979958091605],[126.98077628497124,37.1979419724837],[126.98044558444163,37.197982461205626],[126.98010539187192,37.197966073895124],[126.97970199460035,37.19800654740984],[126.97919232057605,37.19798307938669],[126.97894414792621,37.19806243175473],[126.97877234443949,37.198169398341285],[126.9784722890492,37.1981003560361],[126.97806169366613,37.19810224951244],[126.97721240121614,37.19792496846051],[126.97693011007615,37.197929694808906],[126.97613676203956,37.19780703961079],[126.97585470144921,37.19763014915204],[126.97556035842868,37.19737160212356],[126.97538965796852,37.197311581931544],[126.97531523705426,37.19725187083086],[126.97528917222381,37.19728875447935],[126.97519862393015,37.19706094051566],[126.97508145982194,37.19690323176514],[126.97483388226499,37.19679251938629],[126.97460246910568,37.196740936112604],[126.97433324833395,37.1966181069973],[126.97419654111911,37.196500092594285],[126.97405571210025,37.196134577835906],[126.973934833064,37.196041067105504],[126.97376168992952,37.19595655340998],[126.973406032758,37.195908876008275],[126.973276569392,37.19573370929342],[126.97330123510324,37.19567627365485],[126.97320588088132,37.1955819200327],[126.97318461611923,37.195491252211255],[126.97306268498991,37.19541659847304],[126.97277903608412,37.19531319822317],[126.97258332043312,37.195357355130035],[126.97206706202465,37.1955467276976],[126.97150006478896,37.19546689635762],[126.97140237549915,37.195502076040825],[126.97128986044785,37.19563157243289],[126.97132797571066,37.1958283976717],[126.97124689699406,37.19615219466998],[126.97112930520672,37.196214110727304],[126.97108738477714,37.19629378868391],[126.9709139738454,37.196459022684195],[126.970759013048,37.19667664816844],[126.97072795824323,37.196875149550046],[126.97055428908612,37.19693708089454],[126.97036231567915,37.19743563844056],[126.97098016071821,37.197382652737026],[126.97073369830258,37.19786103464202],[126.97052237326551,37.198183832857154],[126.9703784825185,37.199689739696204],[126.9701636180426,37.20002504288559],[126.96992529322974,37.20051885995923],[126.96983567293967,37.20144325319558],[126.97002884187015,37.202473872784104],[126.96987460780542,37.20261968506908],[126.96936355214932,37.20328660960151],[126.96924241945155,37.20380438900079],[126.96931615034597,37.20424536099461],[126.97008092554337,37.20506129087295],[126.97055834202284,37.20543396268095],[126.97125520880012,37.20544875788494],[126.97259365290374,37.20542242020548],[126.9733542162268,37.20563844050435],[126.97483536602186,37.20593257732039],[126.97569022449146,37.20555739959725],[126.97632575731446,37.20550712351508],[126.97818489166765,37.205999032645266],[126.97866276487439,37.20627640370636],[126.97944005965616,37.206410986975634],[126.9800177335863,37.20665896133245],[126.98013332782563,37.20651614077766],[126.98045257119392,37.206701767124294],[126.98016706556433,37.207045138988576],[126.97992387626947,37.20692400489813],[126.97986007784502,37.20697821840822],[126.97973908006634,37.20765037446547],[126.98031146884665,37.20805798378595],[126.97965737163787,37.20890010330536],[126.97997512581767,37.208952673376515],[126.97991201909866,37.20922153436858],[126.98027442472227,37.20926781375581],[126.98026128456617,37.20932032388916],[126.98087075016984,37.209414866583856],[126.98093768310198,37.20935962495776],[126.9811842928389,37.208188338275164],[126.98079412123433,37.20790878415052],[126.98056094955578,37.20768718675249],[126.98047413304138,37.20754790426691],[126.98043877540586,37.20737626808287],[126.98061812021302,37.20719464932357],[126.98087174602281,37.20704941952971]]]}},{"type":"Feature","properties":{"HAKGUDO_ID":"Z000210264","HAKGUDO_NM":"진안중학군세교중학군공동학구","HAKGUDO_GB":"1","zone_type":"공동통학구역","city":"오산시","base_date":"2026-03-20","schools":[{"school_id":"B000009463","school_name":"매홀중학교","school_level":"중학교","road_address":"경기도 오산시 내삼미로48번길 17","jibun_address":"경기도 오산시 수청동 634","lat":37.1680026696,"lng":127.0688472494,"city":"오산시"},{"school_id":"B000009437","school_name":"병점중학교","school_level":"중학교","road_address":"경기도 화성시 병점3로 71","jibun_address":"경기도 화성시 병점동 825","lat":37.2103609999,"lng":127.0400539122,"city":"화성시"},{"school_id":"B000009461","school_name":"세마중학교","school_level":"중학교","road_address":"경기도 오산시 수목원로 559-9","jibun_address":"경기도 오산시 세교동 625","lat":37.1810583687,"lng":127.0422468,"city":"오산시"},{"school_id":"B000009462","school_name":"문시중학교","school_level":"중학교","road_address":"경기도 오산시 여계산로 52-24","jibun_address":"경기도 오산시 금암동 519","lat":37.1744342944,"lng":127.0471778825,"city":"오산시"},{"school_id":"B000009438","school_name":"안화중학교","school_level":"중학교","road_address":"경기도 화성시 병점2로 125","jibun_address":"경기도 화성시 병점동 853","lat":37.2111187509,"lng":127.0485705093,"city":"화성시"},{"school_id":"B000009439","school_name":"진안중학교","school_level":"중학교","road_address":"경기도 화성시 병점동로 138","jibun_address":"경기도 화성시 진안동 857-1","lat":37.2165232038,"lng":127.0378176134,"city":"화성시"}],"school_ids":["B000009463","B000009437","B000009461","B000009462","B000009438","B000009439"],"school_names":["매홀중학교","병점중학교","세마중학교","문시중학교","안화중학교","진안중학교"]},"geometry":{"type":"Polygon","coordinates":[[[127.02535744011485,37.200854978256594],[127.02593713348188,37.20025697243391],[127.02615687907814,37.200107055764235],[127.0264483269101,37.20015284018016],[127.02685633017285,37.20033214060809],[127.02687901404053,37.20025651738921],[127.02729550974509,37.19998526681204],[127.02736300610745,37.19971043310626],[127.02712639663298,37.199512261494526],[127.02646180973501,37.19948086056865],[127.02618577753626,37.19927367723955],[127.02592661663957,37.19900341772697],[127.02563932980034,37.19880074623664],[127.02537454467456,37.19852597694528],[127.02526182190563,37.19825568178468],[127.02505901121259,37.198025960152194],[127.02465912355792,37.1979584597398],[127.02420291643367,37.197836908163794],[127.0230877649874,37.197683942841884],[127.02255711494244,37.19755951243461],[127.02280442854486,37.2005069253189],[127.0230635264583,37.200567633085306],[127.02340260504451,37.20082639642182],[127.02356035694089,37.2009004964857],[127.02374586603062,37.20094111670492],[127.02409316694407,37.20080985884901],[127.0243243400993,37.20092114736861],[127.02462727283316,37.20098474769261],[127.02501731050039,37.20096811905352],[127.02535744011485,37.200854978256594]]]}},{"type":"Feature","properties":{"HAKGUDO_ID":"Z000210017","HAKGUDO_NM":"성호중학군운암중학군공동학구","HAKGUDO_GB":"1","zone_type":"공동통학구역","city":"오산시","base_date":"2026-03-20","schools":[{"school_id":"B000009458","school_name":"운천중학교","school_level":"중학교","road_address":"경기도 오산시 운암로 133","jibun_address":"경기도 오산시 오산동 911-1","lat":37.1582993175,"lng":127.0780072,"city":"오산시"},{"school_id":"B000009459","school_name":"운암중학교","school_level":"중학교","road_address":"경기도 오산시 대원로 76","jibun_address":"경기도 오산시 원동 815-2","lat":37.1458836561,"lng":127.076929166,"city":"오산시"},{"school_id":"B000009465","school_name":"오산원일중학교","school_level":"중학교","road_address":"경기도 오산시 오산로132번길 29","jibun_address":"경기도 오산시 원동 360-8","lat":37.1397763396,"lng":127.0726757513,"city":"오산시"},{"school_id":"B000009464","school_name":"성호중학교","school_level":"중학교","road_address":"경기도 오산시 동부대로436번길 34","jibun_address":"경기도 오산시 원동 607-2","lat":37.1396159387,"lng":127.081819909,"city":"오산시"}],"school_ids":["B000009458","B000009459","B000009465","B000009464"],"school_names":["운천중학교","운암중학교","오산원일중학교","성호중학교"]},"geometry":{"type":"Polygon","coordinates":[[[127.08492645763566,37.14880023420003],[127.08515244420828,37.14874183118072],[127.08623409897454,37.14816545233971],[127.0863905084947,37.148118116612764],[127.08658100297387,37.14815258100467],[127.08698897816932,37.148384398827396],[127.08741631924359,37.14853023086858],[127.0876287847437,37.14867136190814],[127.0877082773544,37.148690586684786],[127.0880445942366,37.1486715998051],[127.08831895261244,37.14870815350653],[127.0884704002999,37.14855468204007],[127.08878686318839,37.14858553736217],[127.08908405548709,37.14842266772271],[127.08956025993223,37.14827219053744],[127.0897765867595,37.148256622367484],[127.08983908556492,37.14827856086431],[127.08994536697435,37.14839534947911],[127.09002495610082,37.14840078551821],[127.09023328725196,37.14828528607807],[127.09030931959352,37.148137636423506],[127.09041212190171,37.148067907950605],[127.09102041523946,37.148350191257606],[127.09120278788457,37.14836807496068],[127.09160208926116,37.14830757356027],[127.092374976117,37.14804963292894],[127.09285103306436,37.14798095883963],[127.09290580923033,37.1479464954423],[127.09304829881322,37.147962343234916],[127.09319551036529,37.14790837485222],[127.09358056195074,37.14797228457587],[127.09389443454624,37.14792860077407],[127.09409957595689,37.1479717727447],[127.09452135644833,37.14797108212229],[127.09527437992212,37.147863345043724],[127.09564277083496,37.14784276910605],[127.0960921846799,37.14771562473002],[127.09726502296924,37.147570956296796],[127.09775511840664,37.147394123838225],[127.09805929415145,37.14716527105489],[127.09822683646544,37.14694799767806],[127.09851727678247,37.14666641696327],[127.09875138101374,37.14648222936328],[127.09895354976632,37.1464114392983],[127.09907725746045,37.145512132337785],[127.09953757620013,37.14528404703624],[127.10051447796366,37.145566220319154],[127.10078291611259,37.1461253685033],[127.10278308006787,37.1456723416221],[127.1030924948208,37.14455030829695],[127.1030381000234,37.14386329911639],[127.10231721438794,37.14346744991534],[127.10172059866287,37.143404881992765],[127.1018212691115,37.14293624965688],[127.10138170589724,37.142468067877196],[127.1008750887848,37.14237837965438],[127.10014380294015,37.14262228963226],[127.09991764386318,37.141811520752626],[127.0998722505379,37.14153223567487],[127.09960154135382,37.14106392099997],[127.09967934936644,37.14031597709813],[127.09912717437774,37.139784812530834],[127.09851905057947,37.139514995882514],[127.09803491525152,37.13938023634859],[127.09782063758205,37.13903800124127],[127.09755011028821,37.13871384045616],[127.09744833715223,37.13833548037047],[127.09752666548613,37.13797500416586],[127.09793105841155,37.1373529404259],[127.09764896930609,37.13678550460205],[127.09560320959817,37.13674210289071],[127.09538626237799,37.136643429440944],[127.09492474300046,37.136292103083264],[127.09440715069734,37.13639163497515],[127.09397939141279,37.136301856130906],[127.09289941117328,37.136690145755935],[127.09238178736976,37.136762633383704],[127.09201074377232,37.13706025955976],[127.09150449027243,37.137240865475306],[127.09090722971526,37.136583539498034],[127.09009668319975,37.13639493184673],[127.0898263457388,37.136187891097805],[127.08909447481793,37.135918112396986],[127.08908266490688,37.13544056231409],[127.08894739508574,37.13524243937308],[127.08867707838453,37.135062416976574],[127.08824915834657,37.13483746732265],[127.08792270714036,37.13476562677629],[127.08775391841937,37.13479277738655],[127.08782131682459,37.13466657614795],[127.08776505465221,37.13468464265228],[127.08786616892893,37.13453138907573],[127.08867553190348,37.1337198525116],[127.08876543170886,37.13359363838593],[127.08941750280945,37.13301648228717],[127.08957498138582,37.13295328276054],[127.08954116215628,37.13289924459898],[127.08960847642179,37.13271898676665],[127.08972081712703,37.13254770003381],[127.09024932639653,37.13218688669367],[127.09035047518606,37.13206966438051],[127.09101397559593,37.13166370055351],[127.09129523021899,37.13158239230638],[127.0914188084735,37.13140208826335],[127.09160996346277,37.13126678138449],[127.0921610434076,37.13096900734857],[127.09308292356486,37.13020241124503],[127.09322899159851,37.13001307609195],[127.09321764072676,37.12993199031386],[127.09229573945052,37.130662554037244],[127.09145235770917,37.131221857177394],[127.0911606972618,37.13112323530557],[127.09101322293132,37.13102394704987],[127.09293587866007,37.129589806054916],[127.09284586253357,37.12958086596537],[127.09294705781521,37.12950868546017],[127.09290250249597,37.12931895665047],[127.09247439838182,37.12950906591587],[127.09251946755484,37.12955408386845],[127.09227189728792,37.12956328564409],[127.09187798480235,37.12952754369006],[127.09181056125408,37.12960868973533],[127.09132677792262,37.12970817396752],[127.09118058638339,37.12980740966333],[127.0908094222179,37.129960860736766],[127.09084318269392,37.12996985450455],[127.09074195361514,37.13001497433507],[127.09066293529744,37.129807799472914],[127.0905053907363,37.12981691966525],[127.09019045009046,37.129943303005646],[127.08994288667438,37.129961508733516],[127.08993163979885,37.129943466284864],[127.09012282923578,37.12985324820053],[127.09019021315828,37.12973606065411],[127.09007744597265,37.12954692329856],[127.08993096807833,37.129393862913474],[127.08985215274576,37.12935787026914],[127.08981832316013,37.129294829646355],[127.08968330230218,37.12932195292731],[127.08949164913383,37.129015737435445],[127.08934524532363,37.128925737112766],[127.0892212860527,37.128772658859816],[127.08918740706387,37.12867356207141],[127.08905219507339,37.12852048128709],[127.08902957054725,37.12841237257756],[127.08899578847014,37.12840337830662],[127.08889427431816,37.12819621909101],[127.08892768883292,37.127898845173725],[127.08854491615257,37.12775495805705],[127.08843226159881,37.12764690201084],[127.08773429510866,37.12741315511438],[127.0864506165351,37.12668422109461],[127.0863268429632,37.126684309486386],[127.0857532048809,37.126937014386314],[127.0853256371091,37.126973359998225],[127.08513446375618,37.12709063199577],[127.08450433316753,37.12713613597147],[127.08415564576926,37.127289550258475],[127.08408811497996,37.127289598177214],[127.08394176536869,37.1272266247964],[127.08391928983306,37.12725366087733],[127.08370550785733,37.1272808619193],[127.08361546424216,37.1272629024051],[127.08340168209904,37.12729007406534],[127.08307516712141,37.12712809039798],[127.08297377901563,37.12702005188916],[127.0829512189093,37.12697501093246],[127.08299607040496,37.12681279093721],[127.08291722787715,37.12675878504054],[127.08288335831502,37.12665068118313],[127.0826467943985,37.12643458944496],[127.08265797430049,37.12634447716309],[127.08260165604038,37.1263084684938],[127.08251167478107,37.126344577274935],[127.08241031105698,37.12626355031616],[127.08219652155472,37.12628171819309],[127.08208393586882,37.12621871999277],[127.08202766435778,37.12622777858091],[127.08194883814242,37.126164738867],[127.0818362946004,37.12614680436075],[127.08164497816071,37.12615594780192],[127.08161126995209,37.1261919964086],[127.08137502090104,37.12626425285166],[127.08133004865292,37.1262913110947],[127.08134133743664,37.12631833073194],[127.08126255889168,37.126318382955404],[127.08126251312076,37.12627346500025],[127.08105996832175,37.12627347571219],[127.08050847568433,37.126192736024656],[127.08027206780035,37.12610280085077],[127.08009189956634,37.12598577911439],[127.08004689230137,37.12599482374589],[127.07976536887786,37.12579676522223],[127.07959652841348,37.125751831859255],[127.07929269885331,37.125752026450876],[127.07923639727264,37.12571603508946],[127.07924818502825,37.12623863472783],[127.07912631408728,37.12812192656464],[127.07896865594553,37.12799588111372],[127.07874347633867,37.127878881934805],[127.0787434068221,37.12782481641703],[127.07860825239045,37.12770777336606],[127.07849567489916,37.1276627768028],[127.07831546857825,37.12750973153882],[127.07821413809795,37.12746473989096],[127.07771895676919,37.12742903025149],[127.0774150238674,37.1273210943708],[127.07741504913997,37.127348117227186],[127.07706612478655,37.12727625954189],[127.07633435423664,37.12695234315834],[127.07618795524313,37.12683529916161],[127.0759403186411,37.12677237643866],[127.07577151306002,37.12676347562316],[127.07570398054004,37.12673646885916],[127.07570391324128,37.12667341792753],[127.07545618925013,37.12652039696638],[127.07532110019086,37.12646641729363],[127.0751973202602,37.12645746722108],[127.07488210818255,37.1263315053138],[127.07474687121896,37.12614238545594],[127.07474691551842,37.12618743407153],[127.07451026989025,37.12581815531811],[127.07442018605207,37.125755128478296],[127.07439759369335,37.12568307022937],[127.0743300118218,37.12561101856566],[127.0742174424409,37.12555702981185],[127.07378971663282,37.12544916473297],[127.07365470922973,37.12547626976717],[127.07328331742383,37.12542243523705],[127.0730131483892,37.12532348769479],[127.07295703246112,37.125485706391494],[127.07269866215712,37.125945409070866],[127.07121290530648,37.125540816258045],[127.0707522639908,37.1263610486087],[127.07061735658466,37.12649627587409],[127.07049374686258,37.12669457968109],[127.07024636343942,37.126910978015964],[127.0699089669291,37.127118405698205],[127.06961659815414,37.1273438389511],[127.06933548311343,37.12759631299664],[127.06911053764493,37.12773159655301],[127.06915554531987,37.12773157030668],[127.06899811440452,37.12785780902249],[127.06887448809256,37.128020068599064],[127.06888577695916,37.128074129407565],[127.06834206136155,37.127829454148625],[127.06775993163512,37.12748005880632],[127.06734322443468,37.127083821389775],[127.06700526664592,37.12666952394691],[127.06676897163551,37.126705698881494],[127.06683670231173,37.126939937975834],[127.06680299699299,37.12700302867291],[127.06683689589872,37.127165208994036],[127.0667806455209,37.12718326104982],[127.0667356980329,37.12724634183836],[127.06678085019041,37.12740852484417],[127.06670187057821,37.12719230611501],[127.06655562455336,37.127219418392706],[127.06649938645751,37.12726449318305],[127.0664882638345,37.1274176963238],[127.06627456484183,37.12756197341877],[127.06613970342632,37.12774225859094],[127.06614580729995,37.12821948324541],[127.06633178844882,37.12867024045613],[127.066231228488,37.128955554182404],[127.06618141091603,37.1292263504073],[127.06606231050705,37.129382221363535],[127.06605121571027,37.12958045949746],[127.06596147294097,37.12990488835314],[127.06593895000657,37.12988687602967],[127.06597276569751,37.1299499351917],[127.06626555037677,37.130175039302664],[127.06644122522958,37.13120507147428],[127.06623264069964,37.131175229677254],[127.0650735312514,37.13119387843972],[127.06506223113539,37.1311398299168],[127.06494623595309,37.131169221296666],[127.0662881815722,37.14212364278653],[127.07345905587005,37.14267624765512],[127.07344117615919,37.14209965749752],[127.07346872962363,37.14151552067974],[127.07365637616391,37.141507750617265],[127.07371281333593,37.141475774736435],[127.07421628512951,37.14082954602715],[127.07490119437723,37.138746215633006],[127.0764483695412,37.139659469614685],[127.07692465472633,37.13948035675818],[127.07723726230797,37.139408631767026],[127.07825723915778,37.13941351691437],[127.07812948274926,37.14863314591036],[127.08417817061138,37.14841652379118],[127.0844006184293,37.148657669336046],[127.0846995755535,37.14870800010768],[127.08492645763566,37.14880023420003]]]}},{"type":"Feature","properties":{"HAKGUDO_ID":"Z000210265","HAKGUDO_NM":"진위중학구성호중학군운암중학군공동학구","HAKGUDO_GB":"1","zone_type":"공동통학구역","city":"오산시","base_date":"2026-03-20","schools":[{"school_id":"B000009426"},{"school_id":"B000009458","school_name":"운천중학교","school_level":"중학교","road_address":"경기도 오산시 운암로 133","jibun_address":"경기도 오산시 오산동 911-1","lat":37.1582993175,"lng":127.0780072,"city":"오산시"},{"school_id":"B000009459","school_name":"운암중학교","school_level":"중학교","road_address":"경기도 오산시 대원로 76","jibun_address":"경기도 오산시 원동 815-2","lat":37.1458836561,"lng":127.076929166,"city":"오산시"},{"school_id":"B000009465","school_name":"오산원일중학교","school_level":"중학교","road_address":"경기도 오산시 오산로132번길 29","jibun_address":"경기도 오산시 원동 360-8","lat":37.1397763396,"lng":127.0726757513,"city":"오산시"},{"school_id":"B000009464","school_name":"성호중학교","school_level":"중학교","road_address":"경기도 오산시 동부대로436번길 34","jibun_address":"경기도 오산시 원동 607-2","lat":37.1396159387,"lng":127.081819909,"city":"오산시"}],"school_ids":["B000009426","B000009458","B000009459","B000009465","B000009464"],"school_names":["운천중학교","운암중학교","오산원일중학교","성호중학교"]},"geometry":{"type":"Polygon","coordinates":[[[127.06613972699245,37.12774218288851],[127.06627456484183,37.12756197341877],[127.0664882638345,37.1274176963238],[127.06649938645751,37.12726449318305],[127.06655562455336,37.127219418392706],[127.06670187057821,37.12719230611501],[127.06678085019041,37.12740852484417],[127.0667356980329,37.12724634183836],[127.0667806455209,37.12718326104982],[127.06683689589872,37.127165208994036],[127.06680299699299,37.12700302867291],[127.06683670231173,37.126939937975834],[127.06676897163551,37.126705698881494],[127.06700526664592,37.12666952394691],[127.06734322443468,37.127083821389775],[127.06775993163512,37.12748005880632],[127.06834206136155,37.127829454148625],[127.06888577695916,37.128074129407565],[127.06887448809256,37.128020068599064],[127.06899811440452,37.12785780902249],[127.06915554531987,37.12773157030668],[127.06911053764493,37.12773159655301],[127.06933548311343,37.12759631299664],[127.06961659815414,37.1273438389511],[127.0699089669291,37.127118405698205],[127.07024636343942,37.126910978015964],[127.07049374686258,37.12669457968109],[127.07061735658466,37.12649627587409],[127.0707522639908,37.1263610486087],[127.07121290530648,37.125540816258045],[127.07269866215712,37.125945409070866],[127.07295703246112,37.125485706391494],[127.0730131483892,37.12532348769479],[127.07328331742383,37.12542243523705],[127.07365470922973,37.12547626976717],[127.07378971663282,37.12544916473297],[127.0742174424409,37.12555702981185],[127.0743300118218,37.12561101856566],[127.07439759369335,37.12568307022937],[127.07442018605207,37.125755128478296],[127.07451026989025,37.12581815531811],[127.07474691551842,37.12618743407153],[127.07474687121896,37.12614238545594],[127.07488210818255,37.1263315053138],[127.0751973202602,37.12645746722108],[127.07532110019086,37.12646641729363],[127.07545618925013,37.12652039696638],[127.07570391324128,37.12667341792753],[127.07570398054004,37.12673646885916],[127.07577151306002,37.12676347562316],[127.0759403186411,37.12677237643866],[127.07618795524313,37.12683529916161],[127.07633435423664,37.12695234315834],[127.07706612478655,37.12727625954189],[127.07741504913997,37.127348117227186],[127.0774150238674,37.1273210943708],[127.07771895676919,37.12742903025149],[127.07821413809795,37.12746473989096],[127.07831546857825,37.12750973153882],[127.07849567489916,37.1276627768028],[127.07860825239045,37.12770777336606],[127.0787434068221,37.12782481641703],[127.07874347633867,37.127878881934805],[127.07896865594553,37.12799588111372],[127.07912631408728,37.12812192656464],[127.07924818502825,37.12623863472783],[127.07923639727264,37.12571603508946],[127.07929269885331,37.125752026450876],[127.07959652841348,37.125751831859255],[127.079742864615,37.12578777874213],[127.08004689230137,37.12599482374589],[127.08009189956634,37.12598577911439],[127.08027206780035,37.12610280085077],[127.08050847568433,37.126192736024656],[127.08105996832175,37.12627347571219],[127.08126251312076,37.12627346500025],[127.08126255889168,37.126318382955404],[127.08134133743664,37.12631833073194],[127.08133004865292,37.1262913110947],[127.08137502090104,37.12626425285166],[127.08161126995209,37.1261919964086],[127.08164497816071,37.12615594780192],[127.0818362946004,37.12614680436075],[127.08194883814242,37.126164738867],[127.08202766435778,37.12622777858091],[127.08208393586882,37.12621871999277],[127.08219652155472,37.12628171819309],[127.08241031105698,37.12626355031616],[127.08251167478107,37.126344577274935],[127.08260165604038,37.1263084684938],[127.08265797430049,37.12634447716309],[127.0826467943985,37.12643458944496],[127.08288335831502,37.12665068118313],[127.08291722787715,37.12675878504054],[127.08299607040496,37.12681279093721],[127.0829512189093,37.12697501093246],[127.08297377901563,37.12702005188916],[127.08307516712141,37.12712809039798],[127.08340168209904,37.12729007406534],[127.08361546424216,37.1272629024051],[127.08370550785733,37.1272808619193],[127.08391928983306,37.12725366087733],[127.08394176536869,37.1272266247964],[127.08408811497996,37.127289598177214],[127.08415564576926,37.127289550258475],[127.08450433316753,37.12713613597147],[127.08513446375618,37.12709063199577],[127.0853256371091,37.126973359998225],[127.0857532048809,37.126937014386314],[127.0863268429632,37.126684309486386],[127.0864506165351,37.12668422109461],[127.08773429510866,37.12741315511438],[127.08843226159881,37.12764690201084],[127.08854491615257,37.12775495805705],[127.08892768883292,37.127898845173725],[127.08889427431816,37.12819621909101],[127.08899578847014,37.12840337830662],[127.08902957054725,37.12841237257756],[127.08905219507339,37.12852048128709],[127.08918740706387,37.12867356207141],[127.0892212860527,37.128772658859816],[127.08934524532363,37.128925737112766],[127.08949164913383,37.129015737435445],[127.08968330230218,37.12932195292731],[127.08981832316013,37.129294829646355],[127.08985215274576,37.12935787026914],[127.08993096807833,37.129393862913474],[127.09007744597265,37.12954692329856],[127.09019021315828,37.12973606065411],[127.09012282923578,37.12985324820053],[127.08993163979885,37.129943466284864],[127.08994288667438,37.129961508733516],[127.09019045009046,37.129943303005646],[127.0905053907363,37.12981691966525],[127.09066293529744,37.129807799472914],[127.09074195361514,37.13001497433507],[127.09084318269392,37.12996985450455],[127.0908094222179,37.129960860736766],[127.09118058638339,37.12980740966333],[127.09132677792262,37.12970817396752],[127.09181056125408,37.12960868973533],[127.09187798480235,37.12952754369006],[127.09227189728792,37.12956328564409],[127.09251946755484,37.12955408386845],[127.09247439838182,37.12950906591587],[127.0928567912429,37.12931955112266],[127.09290250249597,37.12931895665047],[127.09291551753034,37.129378103898595],[127.09345012478009,37.12900061339616],[127.09380905295322,37.12869567259301],[127.09519387174157,37.12770483709172],[127.0952923621366,37.12742761542793],[127.09498742164197,37.12717088428356],[127.09490499788892,37.126992054206646],[127.09490434763545,37.126646112409276],[127.09484449247527,37.126325410787345],[127.09452862028745,37.12615131371966],[127.09462184264348,37.12569346786751],[127.09478155151074,37.125369701006285],[127.0947777553103,37.12504524297052],[127.09434038168497,37.12462247694042],[127.09443579242463,37.1239122623042],[127.09418375224887,37.12344935234215],[127.09413219906416,37.12306579532277],[127.09392667326118,37.12266984186747],[127.09432470622785,37.12184814615276],[127.09416297150199,37.12093985485596],[127.09411351145076,37.1199186987826],[127.0930967824487,37.11948718819798],[127.09247936946413,37.11917389752114],[127.09149806175124,37.117785784013165],[127.09113427426833,37.11758933215889],[127.09063264362027,37.117162239202756],[127.09052779045324,37.11712614518359],[127.08975616967001,37.11750660069524],[127.08872156180324,37.11786437023482],[127.08825334666746,37.11827918575303],[127.08783303390038,37.11822733076923],[127.08771900187566,37.11842192519425],[127.08749539468981,37.118592584357984],[127.08577729846898,37.11854244853753],[127.08532609778547,37.118399014747865],[127.08509217107976,37.11825540727797],[127.08482274006191,37.11819972175317],[127.08470536919243,37.11812309807605],[127.08462309056502,37.11800566707606],[127.08440639503067,37.117906450385064],[127.08348443756552,37.11806927308418],[127.08298328049993,37.11794584752849],[127.08252915017394,37.118547206729446],[127.08236338574697,37.118551000144045],[127.08219457024552,37.11861143993495],[127.08179529176677,37.118521768247554],[127.08160151424262,37.118512779403254],[127.08034897015827,37.11859157871643],[127.07918841314897,37.118985998398664],[127.07885284440795,37.11916029320938],[127.078644604275,37.11918376728002],[127.0784023183681,37.119142610358125],[127.07810798722242,37.11920635307098],[127.0778656364583,37.11915878672779],[127.07740204434246,37.11939711175457],[127.07711274780475,37.11949190838336],[127.07704583147326,37.11948966138296],[127.07626505934398,37.11986266242955],[127.07610509104852,37.11990013054226],[127.07557499952843,37.11981237621405],[127.07508828043743,37.11977797828944],[127.07487489992418,37.11973540100576],[127.07445001130007,37.11958291660896],[127.07444130349077,37.11964403944414],[127.07434008771116,37.11958129879302],[127.07313529268704,37.11957580013074],[127.07265499820966,37.11953359765165],[127.07222361894853,37.11961406312532],[127.07163180821475,37.11967088103131],[127.07147850245994,37.11977154851579],[127.0712934060549,37.11984515614742],[127.07110520264762,37.120069241228116],[127.0708945175805,37.120169336835424],[127.07068027344376,37.12022525682781],[127.07058699620332,37.12020496457417],[127.0704058701989,37.12010390802538],[127.06989749318485,37.120123197853694],[127.06866904192815,37.120007734349336],[127.068481224994,37.12010027412233],[127.06804170093832,37.12012843493385],[127.06783175466902,37.120173433627116],[127.0673230063888,37.12037449866891],[127.06695330306945,37.12032379611345],[127.06693183115604,37.120394918398326],[127.06682027534218,37.1203271474313],[127.0666910632463,37.120190690980124],[127.0666104900643,37.11994602352678],[127.06642078666636,37.11981389341109],[127.06626055684185,37.11973232684709],[127.06567950607813,37.11955909621971],[127.06541347211972,37.121078707380725],[127.06529454290845,37.121067169039584],[127.06522679548351,37.12109683150698],[127.06480837225261,37.12112045619167],[127.06470697458678,37.12107496280091],[127.06452098422656,37.121276105913964],[127.0646062983144,37.12148098658275],[127.06460924449938,37.12180176185916],[127.064810462672,37.12227903375582],[127.06474287345416,37.12248802553295],[127.06489313805953,37.12270184686086],[127.06483919013667,37.122901478171144],[127.06487594366625,37.12329467857008],[127.06484097574875,37.12346459141204],[127.06494779188138,37.12390303364812],[127.06509856734375,37.124254798168316],[127.06507953586991,37.1246403970262],[127.06496500837231,37.12484551119844],[127.06501549054025,37.12498425627082],[127.06505121786225,37.125359491641895],[127.06527376440746,37.126283025654686],[127.06530713046905,37.126579689475626],[127.06558769374128,37.12722069311315],[127.06584009614653,37.12765300929919],[127.06613972699245,37.12774218288851]]]}},{"type":"Feature","properties":{"HAKGUDO_ID":"Z000210018","HAKGUDO_NM":"안용중학구세교중학군공동학구","HAKGUDO_GB":"1","zone_type":"공동통학구역","city":"오산시","base_date":"2026-03-20","schools":[{"school_id":"B000009463","school_name":"매홀중학교","school_level":"중학교","road_address":"경기도 오산시 내삼미로48번길 17","jibun_address":"경기도 오산시 수청동 634","lat":37.1680026696,"lng":127.0688472494,"city":"오산시"},{"school_id":"B000009441","school_name":"안용중학교","school_level":"중학교","road_address":"경기도 화성시 효행로 833","jibun_address":"경기도 화성시 송산동 97-7","lat":37.2058889191,"lng":127.0190497814,"city":"화성시"},{"school_id":"B000009461","school_name":"세마중학교","school_level":"중학교","road_address":"경기도 오산시 수목원로 559-9","jibun_address":"경기도 오산시 세교동 625","lat":37.1810583687,"lng":127.0422468,"city":"오산시"},{"school_id":"B000009462","school_name":"문시중학교","school_level":"중학교","road_address":"경기도 오산시 여계산로 52-24","jibun_address":"경기도 오산시 금암동 519","lat":37.1744342944,"lng":127.0471778825,"city":"오산시"}],"school_ids":["B000009463","B000009441","B000009461","B000009462"],"school_names":["매홀중학교","안용중학교","세마중학교","문시중학교"]},"geometry":{"type":"Polygon","coordinates":[[[127.01017381149902,37.22655415595131],[127.01042363084906,37.226545126452606],[127.01041396679281,37.226622563357175],[127.01061114769752,37.22660452669998],[127.01093225926829,37.2264197934913],[127.01138296860776,37.22636146404463],[127.01267649765883,37.2264334417222],[127.01284147442655,37.22645988952842],[127.01357409393178,37.226685067995504],[127.01404629046858,37.22670332763449],[127.01425879623449,37.22661883260864],[127.01466561759638,37.22635691859353],[127.01492421281108,37.22614993901016],[127.01524690382152,37.225980668488994],[127.01577821720184,37.225805754144176],[127.01630761919523,37.22578710462721],[127.01771523567135,37.22584717354941],[127.01840204323858,37.225828777555776],[127.0186973025071,37.22587406664057],[127.01971626941895,37.22562106372671],[127.02050006447685,37.22552238483648],[127.02071907520633,37.225521790779666],[127.02118063150697,37.22528181320586],[127.02147855988342,37.22472001733067],[127.02158140010292,37.22467139970329],[127.02085236713982,37.222616219277775],[127.02032097473231,37.217320953737314],[127.02017267627436,37.21525474658624],[127.02054738816781,37.21185124569135],[127.02123786706068,37.20844447141578],[127.02133251738651,37.208213559279294],[127.0216130097701,37.20777325506424],[127.02195345379691,37.20742088161447],[127.02247436387624,37.207068563169926],[127.02288874698388,37.20686980211498],[127.02341703900447,37.206376013070894],[127.02355024640215,37.20619442489651],[127.02367602221736,37.20590999028873],[127.02377774155771,37.20555936554993],[127.0238159255789,37.20525293383175],[127.02376984672352,37.205195284825734],[127.02332133745911,37.20502597185351],[127.0230871101897,37.204787481557695],[127.02298805707609,37.20465817294294],[127.0228596356683,37.20424378811197],[127.02283965588637,37.20401703430065],[127.02288716880462,37.20381476884472],[127.02339291818132,37.20313064861004],[127.02344321209775,37.20300713334846],[127.02339607427095,37.20274671266074],[127.02318418886674,37.20250437956988],[127.02303341883618,37.20243324302896],[127.0224891573779,37.20201595888586],[127.0225042715259,37.20168085761665],[127.02245350950496,37.201214990184134],[127.02280442854486,37.2005069253189],[127.02255712393811,37.19755946107293],[127.02228239680379,37.19746328338136],[127.02133612187993,37.19699491126602],[127.02096432453386,37.196598503770666],[127.0195506011137,37.19592744878439],[127.01934221580558,37.19587341803459],[127.01861573205773,37.19583297804002],[127.01833979934261,37.19597267971563],[127.01804699774789,37.19617996135337],[127.01648131697418,37.19583776251614],[127.01669527846452,37.195567431201006],[127.01671776941984,37.19544578682841],[127.01657127760241,37.19509890304251],[127.01627273504003,37.19475654349871],[127.01599668982955,37.19424748718326],[127.01573199946007,37.194211476910375],[127.01546169407742,37.19426106679538],[127.01518580703026,37.194522402379114],[127.01436366729787,37.19500455369766],[127.0142116218996,37.195054127228445],[127.01387373918715,37.1950721838261],[127.013490769922,37.195018160388294],[127.01261777178748,37.19434696688542],[127.0123530379653,37.193919003704394],[127.01167720184407,37.1936126989477],[127.01153637363856,37.19330185038599],[127.0115870205949,37.19303153225559],[127.01160387083922,37.19261704982034],[127.01149683731391,37.19242783911075],[127.01121524337356,37.19233324381355],[127.01096184542087,37.19236931505988],[127.01052262171861,37.19259461094467],[127.01017912434295,37.19267122505807],[127.00994261216341,37.192842440713655],[127.00990884513254,37.193036168136835],[127.00992014859791,37.19340559620268],[127.0098075453753,37.193644380996446],[127.00952033893734,37.193657916613],[127.00832078725877,37.19321647928309],[127.00803920196387,37.193076832810384],[127.00789277430664,37.19296421013035],[127.0077801272147,37.19274346049226],[127.00778010233769,37.192446114786144],[127.00784766017952,37.192211839227504],[127.00820801795159,37.19175679107729],[127.00846138511439,37.19114857042989],[127.00855711766458,37.19102241879681],[127.00910892730886,37.19054933546884],[127.00917084369102,37.19027901737802],[127.00909194332726,37.18964828964091],[127.00906368184904,37.188702183744454],[127.00909181741216,37.18839132978406],[127.00930014128616,37.18811649763631],[127.0097337170414,37.187846153889375],[127.00986320097748,37.18766143075689],[127.00978433808764,37.187301017562426],[127.0095252698121,37.187030729715644],[127.0091308991482,37.18684124840026],[127.00895649594852,37.18660726610984],[127.00887181386481,37.186228552275836],[127.0087931620641,37.186129721521645],[127.00834264790916,37.185836907923445],[127.0072221008925,37.18593157778622],[127.00687862039054,37.18618388615258],[127.00668719167993,37.186368609582146],[127.00643941302685,37.18650832542291],[127.00627047927513,37.18653987317545],[127.00594106371396,37.186490324072345],[127.00591546511616,37.18702499995506],[127.00601850737594,37.18750052414556],[127.00597121761183,37.18750302155635],[127.00564702012358,37.18778333096537],[127.00526487334547,37.187801004711865],[127.00491943270698,37.188328582926026],[127.00457191553305,37.18841694335928],[127.00405809751797,37.18873228580569],[127.00357182438637,37.18869184775838],[127.00297722134253,37.18931183953438],[127.0027495535356,37.18939242265194],[127.00202384175657,37.189793268226104],[127.00170562422736,37.19028540880674],[127.00069216710295,37.19001487866914],[127.00010063510484,37.18967028535882],[126.9992635907748,37.189602171576844],[126.99891406209834,37.19023960565034],[126.99769960630863,37.19013905235734],[126.9972767883132,37.190959432667256],[126.99784154410588,37.19121063273055],[126.99760720900328,37.191893156221525],[126.99703367985437,37.19221331356303],[126.99680320369444,37.19283116777008],[126.99654135207943,37.19291989611657],[126.99673276812038,37.19362064412879],[126.99673398227002,37.19383013715701],[126.99663118442162,37.19419252511848],[126.9967242606984,37.19456842712929],[126.9971126175269,37.19530476758959],[126.99736804330082,37.19608599334285],[126.99788961135255,37.19578005318947],[126.99812654969512,37.195697236023975],[126.9991786281569,37.197343408668345],[127.0000185198516,37.19793782309724],[127.00037983075855,37.19823038784004],[127.00082751273789,37.19868019350471],[127.00114845165739,37.198910364591505],[127.0017008519415,37.19986128410622],[127.00273101740093,37.201765536917684],[126.9995765472764,37.202991214929845],[127.00045652871731,37.204308811422685],[127.00117010637915,37.20452227908282],[127.00222596290115,37.203575611326386],[127.00333901865415,37.202858624857406],[127.00375468111034,37.20349252553385],[127.00411395361822,37.203850142694],[127.00463291011226,37.20414069817012],[127.00652112923945,37.20505066291013],[127.00748040643184,37.20571617483067],[127.00878348542403,37.20678692860017],[127.00782010625251,37.20748422925714],[127.00475797295674,37.20920481470692],[127.00483870487065,37.2094954047304],[127.00481324362418,37.20956365042996],[127.0046757859696,37.20964121655773],[127.00409663884751,37.2101663494645],[127.00414386664112,37.210254200233436],[127.00411458213682,37.21038536084768],[127.00418920169643,37.21048056321139],[127.00386023326939,37.21047637909823],[127.00400082127764,37.210539604739225],[127.00404349580623,37.210588640250826],[127.0041218411588,37.21081058696395],[127.00446877362671,37.21113071934324],[127.0044964000004,37.21121689203852],[127.00444478427235,37.21128167679402],[127.00415400949834,37.21147506082979],[127.00384099449018,37.21162228587126],[127.00383528921611,37.21186153379099],[127.00398057551563,37.21209910707717],[127.00402056217551,37.21234726843144],[127.00394306359739,37.2124885232449],[127.00369251803787,37.2127503647389],[127.0028978428555,37.21304468418135],[127.00263663611769,37.21326507448102],[127.00264342479291,37.213355330696444],[127.00257439882152,37.21358494585641],[127.00261216081466,37.21388988642543],[127.002544995963,37.214101833722324],[127.00242350097085,37.21432200057234],[127.00216847906427,37.21461516384628],[127.00207727006271,37.214701121116875],[127.00190085697254,37.214268872505414],[127.0017993933922,37.2144408989032],[127.00177312556487,37.21474866093647],[127.00160465200526,37.21483681483063],[127.00135138430028,37.21471210280357],[127.00099462733446,37.21478070054584],[127.00019011004454,37.214767700620214],[127.00023106133176,37.21463759888353],[126.99986281038821,37.21505093123714],[126.99922077593533,37.215940756652635],[126.99903601221729,37.21603144862796],[126.99888523156886,37.216163278051994],[126.99877672737153,37.21646384545104],[126.9985395323792,37.2168270485667],[126.99835059145781,37.21707129533544],[126.99810948095583,37.21733561815181],[126.99803900939709,37.217375943466905],[126.99776988425707,37.21738075481401],[126.99768068151134,37.217426677780594],[126.99742972498564,37.21735837126319],[126.99621971377545,37.21714738876756],[126.99711447587534,37.21563493579242],[126.99534185281955,37.21408767705245],[126.99518396093765,37.2133466518542],[126.99591660311489,37.21312719533073],[126.9971273199922,37.211700714587],[126.99700227254543,37.211685842358854],[126.99640169221847,37.21175618954435],[126.99498077670724,37.2101172130268],[126.99496626724344,37.2098541975986],[126.99466952893602,37.20868615823603],[126.99482797669602,37.20804860794596],[126.99350402762434,37.20729457590256],[126.99291342643514,37.20689017204711],[126.99195670593774,37.20629643462582],[126.99165743949179,37.20639549619513],[126.99111583108353,37.20649653670958],[126.99028854376448,37.2065857208716],[126.98972511261795,37.206680563013336],[126.98900657430502,37.206911093652536],[126.98834521608244,37.207299595992495],[126.98798045372494,37.20760872989291],[126.98361103355727,37.21197511083038],[126.98313197301944,37.2123351752719],[126.98239696243944,37.21272053391533],[126.9818922486927,37.21303896998518],[126.98174284256062,37.21316498411256],[126.98299043635018,37.21382553306156],[126.98426170706438,37.213962286318036],[126.9843680096622,37.21402819506661],[126.9844329404198,37.21416223387068],[126.9846187861404,37.214360490896055],[126.9849268263262,37.21445627063311],[126.98543923213731,37.21455686124188],[126.98650332775917,37.214674983329864],[126.9877093140994,37.214791697818484],[126.98814166009142,37.21475429967227],[126.9890043816907,37.214864213645654],[126.9897124423337,37.21570421947478],[126.9909951108773,37.21642967957603],[126.99173801942054,37.21624024482956],[126.992528249797,37.21619047108017],[126.9932483783141,37.21655600339475],[126.99492903811105,37.21628439023114],[126.99542542241585,37.216707060285756],[126.99581797648818,37.216894613805735],[126.99662681087524,37.217909727479665],[126.99744727755922,37.21902169847945],[126.99787682322157,37.21900904361494],[126.99874280129228,37.21866019320291],[126.9991728650252,37.21866499597433],[126.99954414390182,37.21889617293654],[126.9994994232008,37.21893756694927],[126.99958498356249,37.21898007877379],[127.00023968193743,37.219168468786364],[127.00091516378889,37.21875540118533],[127.00168693431225,37.2183930114837],[127.00239920088484,37.218126922087464],[127.00250992470936,37.21761275948955],[127.0031575604588,37.21708339015369],[127.00338430068591,37.21713519603052],[127.00383583434859,37.21695497961033],[127.00386962836772,37.21679926997344],[127.00408509615349,37.21670690878122],[127.00411248224401,37.21686179822084],[127.00631460847198,37.216463837528686],[127.00673778383593,37.21609636444545],[127.00789966003046,37.21648882944086],[127.0108537065591,37.21760338463517],[127.01098444517947,37.21852159755699],[127.00984483954615,37.21875754195134],[127.0075357820587,37.220381859300566],[127.00709565754869,37.22259943570301],[127.00754660481975,37.22413249297089],[127.00792918315653,37.22425326610791],[127.00843746115326,37.22436052420804],[127.00897901861983,37.22439202828614],[127.00917004874856,37.22449563599537],[127.0094679527124,37.224591909377764],[127.0091700680725,37.22468316033912],[127.00906462754898,37.22481972771014],[127.0090583215022,37.22519140873882],[127.00888456024951,37.22530208502184],[127.0085997344092,37.22565688740571],[127.00834112945205,37.22591707720273],[127.00834148791627,37.22602069769412],[127.0083890356275,37.22611643068111],[127.00836756636286,37.22620399423671],[127.00825630806544,37.226341130726304],[127.00867250343104,37.22625720080596],[127.00885930625549,37.22631828974291],[127.00902551837375,37.22641795201416],[127.00900898223796,37.22646216769351],[127.00938188301845,37.22659166797934],[127.00937697871419,37.2267699028431],[127.01017381149902,37.22655415595131]]]}},{"type":"Feature","properties":{"HAKGUDO_ID":"Z000201405","HAKGUDO_NM":"남양서신송산화도중학군","HAKGUDO_GB":"0","zone_type":"중학교 학교군·중학구","city":"화성시","base_date":"2026-03-20","schools":[{"school_id":"B000009456","school_name":"서신중학교","school_level":"중학교","road_address":"경기도 화성시 서신면 바다뜰길 49-9","jibun_address":"경기도 화성시 서신면 상안리 872","lat":37.169563595,"lng":126.7005958626,"city":"화성시"},{"school_id":"B000009428","school_name":"남양중학교","school_level":"중학교","road_address":"경기도 화성시 남양읍 시청로45번길 9-12","jibun_address":"경기도 화성시 남양읍 남양리 1663","lat":37.2079236814,"lng":126.821599386,"city":"화성시"},{"school_id":"B000009454","school_name":"화도중학교","school_level":"중학교","road_address":"경기도 화성시 마도면 석교로 162","jibun_address":"경기도 화성시 마도면 석교리 212","lat":37.20499973,"lng":126.7752046603,"city":"화성시"},{"school_id":"B000024730","school_name":"신백중학교","school_level":"중학교","road_address":"경기도 화성시 남양읍 역골중앙로 56-6","jibun_address":"경기도 화성시 남양읍 남양리 2057","lat":37.2034374514,"lng":126.8302503055,"city":"화성시"},{"school_id":"B000009455","school_name":"송산중학교","school_level":"중학교","road_address":"경기도 화성시 송산면 송산포도로 162","jibun_address":"경기도 화성시 송산면 사강리 551","lat":37.2153567122,"lng":126.730643935,"city":"화성시"}],"school_ids":["B000009456","B000009428","B000009454","B000024730","B000009455"],"school_names":["서신중학교","남양중학교","화도중학교","신백중학교","송산중학교"]},"geometry":{"type":"MultiPolygon","coordinates":[[[[126.78612050470383,37.172592557878716],[126.78608183195884,37.17276565090142],[126.78601649955515,37.17266332634419],[126.78578812626264,37.17260377572775],[126.78567106899285,37.17250444627733],[126.78529443570271,37.17193272120635],[126.78582530312266,37.17246220798741],[126.78593436107876,37.172472262584115],[126.78568766211332,37.17205057551958],[126.78533770809614,37.171687265853535],[126.78544326795814,37.171193008742264],[126.78494963541262,37.170686961088236],[126.78454945793978,37.17060428867009],[126.78455550168528,37.170459285718714],[126.78446002582,37.17031606966208],[126.78417168253043,37.170067473666585],[126.7839924284235,37.170001539453935],[126.78397671460161,37.169897889510956],[126.78381714000405,37.16971513491134],[126.78350440003948,37.169757637990315],[126.78326043525145,37.16986165671681],[126.78311100311592,37.170130281475075],[126.78280680456078,37.17001315126534],[126.78260691971657,37.17002347845904],[126.78245636818377,37.17007050574495],[126.7819585571604,37.170411423941026],[126.78141810341307,37.170102658632366],[126.78113297609079,37.17002637888592],[126.77999360748719,37.170284432361065],[126.77968657724203,37.17029399339654],[126.77964652791384,37.17027421286623],[126.77993758214011,37.16988983938442],[126.78023461646944,37.16877844754449],[126.77941963683129,37.16850801351654],[126.77924279016564,37.16852289220903],[126.77912854089972,37.16860743074295],[126.77746116702053,37.165193255373715],[126.77188105823319,37.16518680102975],[126.76559038091287,37.1657581545087],[126.76170237906524,37.1658128666596],[126.76085910812127,37.165785810480976],[126.76083538321978,37.16555571604623],[126.76077853392471,37.165397358013216],[126.76048699497991,37.164969605956045],[126.76032905561094,37.164789363952075],[126.76013345751737,37.16478191835464],[126.75990747831618,37.16487213031671],[126.7596794781176,37.165038639093716],[126.75929467860105,37.165503586461625],[126.75918173399947,37.16572494985248],[126.75929168376526,37.16611066256505],[126.75657900151064,37.16670568899651],[126.75526315750032,37.166961167046395],[126.75003552188868,37.168109728977804],[126.75000841707528,37.168164861386515],[126.7497328919834,37.168277185550494],[126.7496809170127,37.16819653952809],[126.74916507796426,37.16777983380557],[126.74886264290967,37.167628264830384],[126.74864250962798,37.16764385129954],[126.74840415305536,37.16758646011143],[126.74814630207804,37.16746342123535],[126.74782413561921,37.167375447350125],[126.74764839456877,37.167371692488054],[126.74745088961969,37.16751205790492],[126.74734557193061,37.16754562115255],[126.74724884796818,37.16753837585683],[126.74718306528665,37.16758694653963],[126.74701556407581,37.167486344959705],[126.74656091484619,37.16703540308688],[126.74671917746424,37.16684652359252],[126.74674170163415,37.16673676020786],[126.74664722867756,37.16663631594573],[126.7465300956979,37.16657439548827],[126.74632977234666,37.16655819659069],[126.74615045537782,37.166627083888706],[126.74600532279244,37.1664147349358],[126.7461520849984,37.16635057353678],[126.74631918840942,37.16620057597979],[126.74666110523593,37.16580287724065],[126.74683865237802,37.165264034841755],[126.7469760735639,37.16499317028883],[126.7469301780002,37.164829756090604],[126.74655069176045,37.16431703777109],[126.74673893744917,37.16389394977214],[126.74650405833536,37.163640024049855],[126.74620301574329,37.16339637417636],[126.74692683859284,37.16168312746284],[126.7448472719827,37.15891270361185],[126.74400818235222,37.158141612340856],[126.74354891819982,37.1580341741085],[126.74370879249989,37.157834036815856],[126.74366187780635,37.15755968276451],[126.74389055988229,37.15708994127547],[126.74373839238743,37.15673173271243],[126.74341003351867,37.15646041349828],[126.74323689383388,37.15642399447644],[126.74325489521813,37.156304645341464],[126.74323318746086,37.156222376941805],[126.74317670891968,37.1561729848181],[126.74295066687826,37.156230212827275],[126.74245744803987,37.155922779375],[126.74216337341903,37.15586244140012],[126.74213194334469,37.15574354353263],[126.74203093641007,37.15560056938762],[126.74203636821977,37.155555807727424],[126.74217448769778,37.15549218914901],[126.74218067123454,37.15543222829787],[126.742044602546,37.15530775766041],[126.74204347281308,37.155226092472844],[126.7421193238186,37.15511109533907],[126.74212788671107,37.154973704687826],[126.7420250484488,37.15469809284602],[126.74205311376397,37.15446388107913],[126.74216510324436,37.15411976262799],[126.7421624942643,37.153957847921326],[126.7420465839528,37.153748947066724],[126.74167050889487,37.15329111930195],[126.74152674073385,37.15331276280061],[126.74124969466587,37.15342112845797],[126.74121126046174,37.153395418495606],[126.74163800209547,37.15318151781178],[126.74161120018906,37.15299392247722],[126.74155462527281,37.15292424656495],[126.74123411017126,37.15263099035344],[126.74105460245953,37.15255681798004],[126.74100186521707,37.152599223611055],[126.74090862244822,37.15245175111643],[126.74034707921358,37.15207404633629],[126.74017268470384,37.15189513778308],[126.73995998544011,37.15176707266174],[126.73840767416138,37.151229530068285],[126.73836285691692,37.15116860980903],[126.7376055811839,37.15068739687447],[126.73752135742681,37.15068185630481],[126.73747111509248,37.15081577543406],[126.73744314191387,37.15076700233689],[126.73737791869199,37.150758414931495],[126.73742757629833,37.15069207200833],[126.73737171556355,37.150619296027976],[126.73733783344747,37.15035031132878],[126.73723209353889,37.15015494406179],[126.7371360228813,37.15001506720666],[126.73681819902457,37.14986512705076],[126.73644918481186,37.149769404159436],[126.73617392853646,37.14991830776698],[126.73583998741917,37.15030303792145],[126.73533951014112,37.150177741368935],[126.73484127348402,37.15016817946424],[126.73461833439428,37.150194420265024],[126.73458755926904,37.150143387576264],[126.73448245403094,37.15012147093506],[126.73414465298946,37.15015140010463],[126.7337876319947,37.15014411474505],[126.73328264386228,37.15030319815475],[126.73323025373132,37.150447247538665],[126.7331924395488,37.15044490977944],[126.73337117350435,37.15013500963944],[126.73342709155435,37.150091490025446],[126.73318929723054,37.14994172011957],[126.73297076716284,37.14986463634516],[126.7322330945365,37.149722172959336],[126.7317593485811,37.14945133971488],[126.73102257688011,37.14940207616433],[126.73082944784412,37.149358556390375],[126.73172973781391,37.146252265601994],[126.72980923572678,37.14215767801764],[126.72896150756331,37.14099618720413],[126.7284741434176,37.14042430369527],[126.72762777264343,37.1396775795693],[126.72742690147429,37.13954448925644],[126.72743678859855,37.139368927251816],[126.727167078375,37.13919386907503],[126.72746056687264,37.13908221918621],[126.72773611336763,37.139283898359075],[126.72775574355087,37.13925522671421],[126.7274831756432,37.13905467174638],[126.72765212146857,37.138730125737766],[126.72918846707127,37.136602957246595],[126.72915844943398,37.136588246459276],[126.72839579674624,37.137608905812904],[126.72764686396538,37.13867464449746],[126.72747180575541,37.13879616077004],[126.7272270363682,37.13878968502264],[126.72697872443959,37.13874236283868],[126.72657002702836,37.13859584218753],[126.72630033776629,37.13843190113423],[126.72526000455139,37.138130440357536],[126.72496039589471,37.137829583138256],[126.72424336448711,37.137799750176924],[126.72330710921023,37.13765536339683],[126.72263833201775,37.13746569726236],[126.72221237198308,37.1372864488039],[126.7218343696398,37.137073530673526],[126.72184309795067,37.137041167108414],[126.72128162283694,37.13670110967461],[126.72101394807869,37.13632879148585],[126.72095080507462,37.136284148581126],[126.72094083104406,37.136224150632636],[126.72064399973416,37.13579291659555],[126.72055234814735,37.13570709998583],[126.72045922060181,37.13554468982442],[126.72047301359393,37.13543039780775],[126.72030944264104,37.134962310168135],[126.71991353949919,37.134221380732484],[126.71990627669024,37.13404593819263],[126.7197426859883,37.13382479207764],[126.71962896805529,37.13347733609356],[126.71938166265257,37.13325852341273],[126.71940919039402,37.13294941895335],[126.71925461709527,37.132476278016625],[126.71915511554242,37.132329620196046],[126.71900537186451,37.13221410095421],[126.71878458626084,37.132146832338016],[126.71828214891589,37.13206735894684],[126.71763812331649,37.13162177203969],[126.71703063350542,37.13100252655188],[126.71680985714374,37.131074927498425],[126.71685757928189,37.131385625853554],[126.71684395266772,37.131595367133805],[126.71662011971269,37.131687187254435],[126.7160228123045,37.1317265776859],[126.71596560726451,37.13169687688027],[126.71478213482865,37.13152732498132],[126.71452093272559,37.131408709736874],[126.71439545529738,37.13087791060059],[126.71464481128525,37.130732941340895],[126.7148568989692,37.13044567670962],[126.71448085630533,37.130518265621745],[126.71379600887953,37.130369058493585],[126.71388826928539,37.130010825315246],[126.7138771375452,37.12993420838847],[126.7137986103066,37.12982110705956],[126.71341573079269,37.12979792951183],[126.71259139402821,37.130355990964404],[126.71218064022989,37.130680774237995],[126.71197575289297,37.130781642188374],[126.71231305333832,37.131046581546215],[126.71238713102163,37.13112785663424],[126.71238137735135,37.13116135307072],[126.71221487361507,37.131017905810474],[126.71218888623464,37.13105360396267],[126.71200087571917,37.13097289720659],[126.71162182122205,37.13132591360908],[126.71165781072649,37.13138766964951],[126.71135373387025,37.13158571592658],[126.71079005303827,37.13170682485706],[126.70989589728578,37.13184682357823],[126.70958644174105,37.1319311024274],[126.70795120486599,37.13177359869973],[126.70731795289353,37.131738526532125],[126.7070283026334,37.13175019700361],[126.70630881293913,37.1316923726012],[126.70618716671719,37.131728670382834],[126.70577208309324,37.13134610180944],[126.70542541927604,37.13118839172021],[126.70483034412912,37.13074764156663],[126.70455271883998,37.130876760170366],[126.70444461722222,37.13068642127621],[126.7043636502226,37.13043786223058],[126.70435204322986,37.13025790977029],[126.70448121472776,37.12987134040582],[126.7042324392345,37.12914171068086],[126.70435411248657,37.129009111517796],[126.70655037005626,37.12317660363279],[126.69241357725544,37.115735248021934],[126.69151092918217,37.115970408172565],[126.69102429053363,37.11602860561802],[126.6903803057503,37.11601637421561],[126.68962673833883,37.11589320219677],[126.68645871093564,37.115122626612795],[126.68648065412171,37.11504059796646],[126.68651748847702,37.115057096477514],[126.68663235116908,37.11487052182843],[126.68663588027108,37.11480592506685],[126.68674858908817,37.1147312582115],[126.68673521820702,37.11464544185448],[126.68647863335312,37.11468638906709],[126.68498570805939,37.11460402156299],[126.68466330047545,37.11461820863747],[126.68466039375777,37.114559451716126],[126.68462654517,37.11455512669844],[126.68413409373147,37.11457858776431],[126.68410479393876,37.1145626510266],[126.68404318931627,37.11347220993923],[126.68375862888462,37.11347712437741],[126.68380484569377,37.114398937818954],[126.68342209320703,37.11463750141647],[126.68330517086426,37.1146425036244],[126.6833034836233,37.114615377176555],[126.68325837148424,37.11461453582046],[126.68327073738533,37.114724586620376],[126.68290443666203,37.11490246275792],[126.68108737968139,37.11497613828006],[126.68108111285342,37.115208413158115],[126.67926856576749,37.11527774782112],[126.67773327532448,37.115261222150245],[126.67757169468382,37.115316645023015],[126.67710975146215,37.11557191271829],[126.67650725986569,37.11572515373774],[126.67656882781945,37.115930493255405],[126.67698008296819,37.11574239704834],[126.67774944181842,37.115322716644535],[126.67927324349951,37.11534191601574],[126.67927753386338,37.11539175629247],[126.67987820533224,37.11532094153343],[126.68084810014679,37.11528509359073],[126.68087689379435,37.11531697854799],[126.68091263305718,37.115940064679],[126.68101345819531,37.11593736248477],[126.68106552981736,37.116823780611206],[126.68098349283603,37.116826711812024],[126.68100800557411,37.117615245540826],[126.67985036241238,37.11796653938336],[126.67947516288757,37.1180354425306],[126.6777877540319,37.11803129937129],[126.677789174712,37.11796210178416],[126.6775624634413,37.11795950130159],[126.67756141335825,37.118020858864895],[126.67553335916834,37.118029537526574],[126.6753477796666,37.11801226797607],[126.6752025613154,37.11795005568859],[126.67451146988374,37.11716711937473],[126.67447626051488,37.117165130481574],[126.67504398018123,37.117855280117546],[126.67523098265207,37.118012937459774],[126.67535323931881,37.118051208737775],[126.67565065877987,37.11806878609847],[126.67756080509307,37.11805816111576],[126.6775593329986,37.118139432769404],[126.67778526253007,37.11814076964973],[126.67778692007944,37.11806878122222],[126.67937934809005,37.11807672235093],[126.67961674650269,37.11805375812026],[126.67992511384124,37.11798395327045],[126.68382680150138,37.11679210454107],[126.68382423479724,37.116773481779134],[126.68402838323048,37.11695152779475],[126.68422014386616,37.11729390115973],[126.68434019099253,37.11782997894015],[126.6842938138846,37.11788347757755],[126.68429235216122,37.117958566281004],[126.68438980018317,37.118104860632684],[126.68455256503061,37.11813796806572],[126.68457523591368,37.11821430316741],[126.68464764732235,37.11820210801081],[126.68470179844145,37.11835125862888],[126.68472023128594,37.1185748517762],[126.68486424955067,37.118681740030716],[126.68481338200098,37.118764734859305],[126.68492374811548,37.11883312316155],[126.68526833284935,37.1189043607771],[126.68537033030098,37.11913209522344],[126.68535813043928,37.119389951771886],[126.68524362422052,37.11952931040251],[126.68514837041558,37.119563124773414],[126.68489498684049,37.121514076141814],[126.68492616846005,37.12213278543779],[126.68392908183002,37.12525255590929],[126.68373298385238,37.12560146742482],[126.68322931995469,37.12696858863789],[126.68267535321633,37.128124384296044],[126.68249815711552,37.12857556030473],[126.68209262895027,37.12921646721053],[126.68132643861492,37.13023738213937],[126.68093106491891,37.13063277727026],[126.68088279372512,37.13076183932724],[126.68078087406992,37.13087789880261],[126.68053613297681,37.13100509432511],[126.68010388467292,37.131110428407645],[126.68004095823382,37.13121568964527],[126.67993865376909,37.13121210478991],[126.67963554897564,37.13221626180395],[126.67937997514127,37.13232216244648],[126.67955857698288,37.132826245077155],[126.67977100427659,37.13277056784179],[126.67939828199682,37.13291461636863],[126.67930151658207,37.13302734553291],[126.67897837742613,37.1336355231787],[126.67893720800207,37.13384262622451],[126.67895643351596,37.134120463700235],[126.67819998227596,37.134933205142175],[126.67817041564479,37.134930890251056],[126.67794247839936,37.13522790324986],[126.6779498740853,37.13530985473556],[126.67788229326673,37.13531471703753],[126.67781684500834,37.135405345984466],[126.6776860874069,37.13545663735925],[126.67767179093241,37.13549987629519],[126.6774014845938,37.135650342095886],[126.67729014679723,37.135673590895436],[126.67700997478107,37.13561404101896],[126.67680696642572,37.13570677962449],[126.6767434773763,37.13580791964498],[126.67669390389536,37.13579939560063],[126.67630268633535,37.135907853322905],[126.67590581964372,37.13590877468806],[126.67578418758798,37.135868208046475],[126.67558888074264,37.13573082826168],[126.67564390271117,37.1355713222012],[126.67500290115451,37.13516718654405],[126.67487831660576,37.135350431840074],[126.67489025896825,37.13605187859214],[126.67468614211559,37.13640948362129],[126.67431524327678,37.13686320190567],[126.67425038096495,37.13699173794946],[126.67408851892019,37.137109248674875],[126.67400739287018,37.13705996121333],[126.67394202849553,37.137119647699095],[126.67400766367942,37.13719830131975],[126.67412418349275,37.137187792794215],[126.67419469235197,37.13736037513027],[126.67419344102721,37.13747843725316],[126.67424279683814,37.13754526917331],[126.67442703142773,37.13760642730986],[126.67451060756659,37.13767195646229],[126.67486131941257,37.137652461343336],[126.6749573147757,37.137659518584336],[126.67502077140986,37.13769791723154],[126.675093158282,37.13766457830384],[126.67520896335814,37.137770851010806],[126.6752800239587,37.13778449127344],[126.6753443560797,37.13792043882221],[126.67531358197049,37.13795286288292],[126.67533439140408,37.138000432638414],[126.6755635465842,37.13810571967794],[126.67570747494402,37.13810479076975],[126.6758373881568,37.138207417931326],[126.67608970976951,37.13850955643319],[126.67620717831457,37.13856152777609],[126.67629356069412,37.13853485092357],[126.67659421848663,37.13874600721458],[126.67679954832987,37.13909690733854],[126.67700302106142,37.139205761829594],[126.6775515174026,37.139899906861004],[126.67780829215134,37.13993890361527],[126.67781965053807,37.14000425212338],[126.67786176486976,37.140020711760485],[126.6787103991218,37.140205037583016],[126.6792946239205,37.14049189078076],[126.67951702746214,37.1407034297777],[126.67970459094688,37.14102325336033],[126.67976747667271,37.14130939895417],[126.67986536763365,37.142146118164746],[126.67983611984037,37.14309617836733],[126.67896433946984,37.14313852904334],[126.67897502151332,37.143960850577315],[126.67993597395602,37.14401529249129],[126.6803818429697,37.144150544008575],[126.6805771775608,37.144063941096306],[126.68109014096773,37.144325506052795],[126.6812828081528,37.1445115896709],[126.68142089020087,37.14475777812233],[126.68165482805439,37.145375628561965],[126.68187211455616,37.14573297623518],[126.68189954972122,37.145731923546776],[126.68252077384702,37.147020969744595],[126.6827910630445,37.14799285715073],[126.68293443790584,37.1482573312986],[126.68337388592519,37.14871285633341],[126.68383953601435,37.14908437208079],[126.68424253853276,37.149345584842166],[126.68448992958537,37.14947282578722],[126.6847206702704,37.149551932572415],[126.68595322718375,37.14956293407188],[126.68603564962997,37.149524282682506],[126.68603563362952,37.14947641854893],[126.68584809663317,37.14896024008443],[126.68623778313899,37.14891608074887],[126.68639912639098,37.149199493401014],[126.68659918023302,37.14926619790233],[126.68669709842956,37.1494052734589],[126.6868986226331,37.149413133375845],[126.68722817049556,37.14929770958177],[126.68742020375197,37.14926217574047],[126.68762908601792,37.149279066182004],[126.68767401069648,37.149303684284945],[126.68763312418693,37.14932356195929],[126.6873432970714,37.149317450910615],[126.68700953085933,37.14942947591473],[126.68993419338004,37.150689378520134],[126.69463613865516,37.15216443385958],[126.69472809053485,37.15212947729812],[126.69677697732887,37.15047978728046],[126.69742925026057,37.15102815553714],[126.69727828232263,37.151195146591164],[126.6975609702925,37.1513836339141],[126.69447361113217,37.153339600667195],[126.69363779456967,37.153899462054845],[126.69360236276214,37.15387571775603],[126.69324888174769,37.1539474500989],[126.69297758364358,37.15413905446459],[126.6925478936963,37.154870884209274],[126.69221099493492,37.15536107765892],[126.69216856925377,37.15536857057599],[126.69172885998661,37.155793446554334],[126.69135174856798,37.15648035751845],[126.69130989055617,37.15682264578604],[126.6913587899289,37.15695314677925],[126.6875945121903,37.158493038645155],[126.68264938107701,37.16045932175801],[126.6824845413989,37.16042170994851],[126.6821637282843,37.16041183404715],[126.66964906433091,37.15597246069016],[126.66955903510042,37.15596545180145],[126.66401364929375,37.15692587743299],[126.66310114691446,37.15673437919041],[126.66303006607254,37.15678014890014],[126.66289450585288,37.15667081511713],[126.66249817785325,37.1565215772468],[126.66220231164043,37.15628673773655],[126.66157343026515,37.15602222681271],[126.66148449368858,37.155849078509554],[126.66133777254025,37.15573715206353],[126.66124205578447,37.155507390772065],[126.66111103909617,37.155425360861166],[126.66088480857948,37.1553537539229],[126.66072684749972,37.15523531597225],[126.66048057875172,37.155123671112186],[126.66018702194962,37.15480604607202],[126.66007912012135,37.154786587438494],[126.6599097753453,37.15481454610897],[126.65982415585667,37.15492382896875],[126.65950111073559,37.15502595130208],[126.65920722347371,37.15501721877584],[126.65852047654545,37.1551090057974],[126.6584549695941,37.155084594892614],[126.6584491119452,37.155020379687116],[126.6582388314881,37.15503948496942],[126.65818201787914,37.15488247458373],[126.65801136771826,37.154803154442206],[126.65802197330089,37.154319726968744],[126.65785754163697,37.154249964008415],[126.65772301345241,37.15401022845718],[126.65765798879443,37.1540753653037],[126.65764648040587,37.154014231552466],[126.65655099858444,37.15421463192169],[126.65622013717831,37.154138764410476],[126.65462095053793,37.153594592365614],[126.65437729409064,37.15352799516282],[126.6539219451782,37.15348188760816],[126.65383883477588,37.15369310977598],[126.65378567371108,37.154011700713816],[126.65351363388424,37.15414914910125],[126.65310819758803,37.15441911922572],[126.65274046484161,37.154560799982576],[126.65188330908597,37.15433376970081],[126.65187795631198,37.15424659499028],[126.65170812767468,37.154061587130606],[126.65149882430049,37.1540132231909],[126.6514227071659,37.153929498635605],[126.65112202870452,37.15392013860835],[126.65040052419164,37.15411125267653],[126.64974634092849,37.15446100089328],[126.65030536051589,37.15510071697093],[126.65030959058831,37.15566838816067],[126.65052601790705,37.15621793787073],[126.65043259300336,37.15619814551783],[126.6503876981937,37.15627147422324],[126.65038320261024,37.15638428013202],[126.65085374591509,37.1564760213689],[126.65115695603484,37.15635603423231],[126.6512969652643,37.15634340079546],[126.65163238764804,37.15641009567811],[126.65229032979953,37.15640014291116],[126.65320588341943,37.15628541993522],[126.65345201716954,37.15634864962557],[126.6539886265121,37.156668410316165],[126.65419813825082,37.15688011354046],[126.65415525032354,37.156901584858204],[126.65445838217838,37.15748766757127],[126.65490960629594,37.15771051902393],[126.65506663439231,37.157869399451826],[126.6552243933127,37.157885340408214],[126.65520142965102,37.15790470032342],[126.65586205514747,37.15834915145207],[126.65673289866032,37.15880486021002],[126.65716900045318,37.15879523421629],[126.6575133998093,37.15888196885523],[126.65779615564337,37.15902276615219],[126.65868847099762,37.15978614046663],[126.65918975525015,37.160145196879014],[126.65972710302738,37.16067979705639],[126.65997812980058,37.16088612175367],[126.66011989652455,37.1610678834629],[126.66022574795251,37.161325086359774],[126.6604064643083,37.16161829354683],[126.66093027343342,37.162180673909205],[126.66092456480348,37.162590137672],[126.66108985430422,37.162847401663335],[126.66111395075548,37.16293694516327],[126.66110258002976,37.163162813909146],[126.66101303644689,37.163422481028384],[126.66101229109395,37.163641315882394],[126.66080801798384,37.163899661627234],[126.6606662020833,37.163847742430136],[126.66037307419167,37.16386041492054],[126.66026539141843,37.16434001975483],[126.65946519773738,37.164761960444196],[126.6591187236512,37.165089156637514],[126.65900388103252,37.165274207058005],[126.65833058925931,37.16657116956769],[126.65838990730917,37.16688614854552],[126.658073030493,37.16742923794325],[126.65773476284673,37.16839386166565],[126.6576985030516,37.1685317332778],[126.65770563436526,37.16869207811859],[126.65750608723276,37.16943504988193],[126.65753358061053,37.169529856957965],[126.65770499205826,37.169731178720056],[126.65774890351939,37.16984316216677],[126.65769421231727,37.17000574142018],[126.65737602422281,37.170352422527316],[126.6568069111553,37.17227376819141],[126.65674496259753,37.17240197782099],[126.6566366487994,37.172502580007645],[126.65663846516968,37.172546592636415],[126.65643872880871,37.17268213198258],[126.6561299405953,37.1735970183042],[126.65605513792863,37.17362726395768],[126.65600018147664,37.17355484910715],[126.65562584346121,37.17346833850869],[126.65550505073689,37.17348952072966],[126.6553418883255,37.17381170740785],[126.65534882131011,37.17387191781172],[126.65538334841052,37.17393013605011],[126.65554333359339,37.174008724183714],[126.65567982212397,37.17432388336116],[126.65532158737179,37.17468055206306],[126.65511140912626,37.174665008288095],[126.65512154516956,37.17483455077488],[126.65500392307246,37.174933042895],[126.6554720523142,37.1749828418355],[126.65613511357842,37.17541924217254],[126.6563858487669,37.1755328910742],[126.65655953902485,37.17602812399886],[126.65713708343328,37.17639219391043],[126.65756522243703,37.176609399506205],[126.6585873824305,37.176665586758425],[126.65890093462082,37.17673913612513],[126.65908089564141,37.17666757354556],[126.65920194256061,37.17655360719268],[126.65993343247744,37.176338052647374],[126.66100013193022,37.17772000757034],[126.66189360162835,37.17901387633164],[126.66156350448226,37.179681818205204],[126.66237224131098,37.17995859447378],[126.66250739740475,37.18019472141406],[126.66260063023059,37.1804817805507],[126.66274982812075,37.18073366150356],[126.66296371002569,37.18085197612102],[126.66309762998198,37.18083117507898],[126.6636059838413,37.18146132024484],[126.66381623495987,37.18161956477517],[126.66510679793231,37.18229577435813],[126.66496992588358,37.182423055453995],[126.66492538877911,37.1825246472921],[126.6649597651379,37.182588944343046],[126.66519385895751,37.18275313047881],[126.66524380443646,37.18282129189179],[126.665259177322,37.183362061030124],[126.66551297888623,37.1846939911419],[126.66572742516445,37.18527854525433],[126.66583692894832,37.18548851045512],[126.66609049193812,37.18571406611945],[126.66608917614825,37.18592238335342],[126.66585631329856,37.186118782871304],[126.66588713296203,37.186570202049076],[126.66580118387554,37.186628408944294],[126.6655804715694,37.18663847803666],[126.66546504838114,37.18667701266873],[126.66515165618036,37.186914620840135],[126.66506034668711,37.187106671989454],[126.6648692262129,37.1872475026409],[126.6650924829164,37.18779606041526],[126.66525528577462,37.187829473683536],[126.66550435027807,37.18829139555355],[126.66584000037408,37.188354574583805],[126.66664047290587,37.18923648090209],[126.66709396105858,37.188955628403036],[126.66723758191718,37.18859195740513],[126.66766275099066,37.18834649566553],[126.6687308195207,37.188806491937],[126.6689014693639,37.188774875370264],[126.6689978286279,37.18846913376038],[126.66995898004396,37.18896637236274],[126.6667411816984,37.190547529689994],[126.66673824089459,37.19052526550188],[126.6665882977929,37.190482672729296],[126.66642187629542,37.190677998669315],[126.66622769015947,37.19126871301431],[126.66640235173905,37.19132462126556],[126.66593141578855,37.19197122785292],[126.66588276394657,37.191843141699785],[126.66568719122836,37.19170238677005],[126.6655071447676,37.191718183964696],[126.665015269047,37.19185257510611],[126.6645418369444,37.191410260363895],[126.66125787744457,37.190431353511826],[126.66120583533922,37.190433367222994],[126.66095558867171,37.190582762534675],[126.66023748991277,37.19035750831868],[126.65981377698463,37.190311685125025],[126.65956862918982,37.19020384443475],[126.65937332058124,37.19000784372267],[126.65928149419699,37.18986665559904],[126.65922420153508,37.18963465267585],[126.65899002132413,37.18949287277321],[126.65840831546008,37.189693113158455],[126.65791967520018,37.18969563369709],[126.65405969199344,37.18567023668752],[126.65517242857244,37.18498834018804],[126.65367266940241,37.18342568484292],[126.65277331046718,37.182989099756824],[126.65251283359859,37.18282025966724],[126.65249556822943,37.18258314456279],[126.65132423556214,37.18271439597043],[126.65012104846369,37.182574325678125],[126.64949846869601,37.182949564220856],[126.64936418076168,37.18364035505783],[126.64961537860611,37.18369894737028],[126.64977452644297,37.18393666431435],[126.65003869724873,37.18401466844773],[126.6503023856421,37.18458385441437],[126.64870161679852,37.18556195690453],[126.64856969677753,37.186370068362365],[126.648680684014,37.18638211295535],[126.6487015843864,37.18624683910727],[126.64866331223112,37.18624284930969],[126.64877038841688,37.18559405794398],[126.65005189116441,37.1848104460641],[126.6500908919357,37.18485164911381],[126.64979396294451,37.185036923293204],[126.64992215735055,37.18498044770306],[126.64995768990737,37.185016684775015],[126.64984780854266,37.18510700388595],[126.65145632143728,37.18678932602558],[126.6504570162157,37.18740466593213],[126.65053871557707,37.187491317561104],[126.65199575802988,37.186596203917325],[126.65236133043577,37.1869851806971],[126.6527299033855,37.18677181720556],[126.65533643982215,37.18952203498619],[126.65535022428722,37.1897640680346],[126.65524767985669,37.18989973618989],[126.65547003580926,37.19023974509441],[126.65537358556374,37.19039737161082],[126.65058934084159,37.19121759101642],[126.65068348899085,37.1915694290072],[126.65647798169924,37.19057396057617],[126.65695395239707,37.19064669916291],[126.65735500064658,37.19094674124836],[126.65760902433256,37.191332583939115],[126.65774453578636,37.19182449582727],[126.65798110966188,37.19191159139466],[126.65813422735782,37.19184914191586],[126.65915821023285,37.19374951877464],[126.65932240809414,37.193952997285685],[126.65924632874206,37.194364373837175],[126.65912123256014,37.19448078624176],[126.65908672006908,37.194590975262635],[126.65922273020728,37.19477635180278],[126.65954398494105,37.19484494777334],[126.65987207000681,37.19507178477668],[126.66011199598567,37.195467673155505],[126.66001517638216,37.19573293067371],[126.66002558452138,37.19594776864451],[126.66043381175764,37.19608833519223],[126.66097416198562,37.19595203136349],[126.66115910896943,37.19615169214208],[126.66138860282457,37.196314268469955],[126.66177973886359,37.196524522660276],[126.66214402833799,37.19651763648847],[126.6633991354136,37.19666089598311],[126.66420740780676,37.1966631897132],[126.66457792522408,37.19643330967136],[126.66509606000875,37.195595053413776],[126.67108960984072,37.19391523951336],[126.6716123301202,37.19406948040647],[126.67239031129195,37.193863237003846],[126.67344923122593,37.193860585670045],[126.67362113224021,37.19400703558632],[126.67402992471911,37.194176266136246],[126.67415770443674,37.19413184632805],[126.67431260230369,37.19400218962497],[126.67445386955366,37.19393275020415],[126.67482989603016,37.19398502912473],[126.67496445686085,37.19395864803334],[126.67493079915536,37.194011492310885],[126.67499474660029,37.194363073212536],[126.67512919819798,37.19460785147286],[126.6761229531388,37.19588922538495],[126.67626234627221,37.19601012343466],[126.67631888806453,37.19632789576205],[126.67624098678226,37.19651802760564],[126.67621512552182,37.19672012158503],[126.67627352568623,37.19697257476287],[126.67635548598066,37.196986314423526],[126.67677574835045,37.197191606929124],[126.67714486156686,37.19730299545793],[126.67794609246776,37.197276191349005],[126.67807285125615,37.1973052540862],[126.67819621025886,37.19735036233465],[126.67860295838906,37.197633327078236],[126.67907261723292,37.197691200552335],[126.67977838464185,37.197889095587406],[126.68008218934992,37.19800537132218],[126.68037764295406,37.198221295919126],[126.68045206196753,37.19847688802483],[126.6802519821215,37.19847239978046],[126.68019314776954,37.198941060014484],[126.6802271830775,37.19934043159875],[126.68112671906498,37.19958670693839],[126.68167118912278,37.1996858862923],[126.68216941140216,37.20019434472976],[126.68261439343966,37.20042981384502],[126.68290644118571,37.20062376621538],[126.6833023638629,37.20081067007919],[126.68396419584356,37.20104699475532],[126.68537063391686,37.201423840806164],[126.68574789101264,37.201486235966414],[126.68617891993337,37.20182555270537],[126.68640164935708,37.20193371143292],[126.68684175080432,37.20203708692881],[126.6872824203299,37.20204783455852],[126.68763546810902,37.20188067188742],[126.68805196599143,37.20211913604793],[126.6889687649759,37.20246001634282],[126.6911498112538,37.2030626885857],[126.69256219636216,37.20299063838705],[126.69323871208682,37.20291834403906],[126.693628802485,37.20294441708917],[126.69368445825833,37.20289247323153],[126.69390523845308,37.202875873535866],[126.69388766428564,37.203043078850925],[126.6937266245298,37.20321611073796],[126.69327560472601,37.204145542447655],[126.69259642399814,37.20413898837443],[126.69248942255749,37.20417700339017],[126.692302947858,37.20480189315383],[126.69222346793885,37.20495570996683],[126.69226483120654,37.20517122007176],[126.69266497916325,37.205975036409164],[126.69279421920218,37.20639576255013],[126.69327154457629,37.206875125853166],[126.69393058026436,37.20708548241684],[126.69419697409128,37.2071067269122],[126.69477845891463,37.20860312168191],[126.69464055944663,37.209359917956434],[126.69466663740573,37.20944135873533],[126.69659290057481,37.210954727509396],[126.6978402975215,37.21260232811114],[126.69917940914874,37.21382159788346],[126.69906998745871,37.21393592043644],[126.69905609239373,37.21406456357495],[126.69252334692199,37.21424733698204],[126.69182503346724,37.21433280656931],[126.69169877536697,37.21442933867787],[126.69119152770548,37.21548588510313],[126.69096821163137,37.215339439551165],[126.69104677096999,37.21502625525696],[126.69151942344499,37.21438156499859],[126.69147030952747,37.214123226068104],[126.6910930687723,37.2140816903759],[126.69112273288607,37.21375768301841],[126.69100639192554,37.21366895811139],[126.69077515916635,37.21365117894279],[126.69049111597862,37.21371941758611],[126.68938697862326,37.21057526484604],[126.68929156385701,37.210492794095266],[126.68913612774263,37.21023699358929],[126.68891594472198,37.20946433916157],[126.68893923945217,37.20940667927114],[126.68901711832538,37.20938773830818],[126.68905648419161,37.20931744285425],[126.68903971759858,37.209245315087784],[126.68900173432277,37.209236204902105],[126.68840213247941,37.207634996770764],[126.68832015593492,37.207623518017456],[126.68511427306558,37.20840538207055],[126.68503167351683,37.208457529520004],[126.68470423856456,37.20897277990928],[126.68463659197226,37.20902920179611],[126.68464149495867,37.209076231473745],[126.68455219531529,37.209216220017666],[126.68444794016291,37.20914554355226],[126.68412254992813,37.209423714282586],[126.68099459503307,37.208162154193495],[126.67954992962883,37.207467950238446],[126.67904616913086,37.207343011416945],[126.67885172399515,37.20675085154389],[126.67876526083458,37.206677963878846],[126.67884775195606,37.20652754509026],[126.67886286586396,37.20636624456903],[126.67880818215477,37.20589980801275],[126.6789874893133,37.20516426459317],[126.67896466184771,37.20502875729889],[126.6787907474353,37.20490918361475],[126.67877748279535,37.20496376913619],[126.67851663630779,37.20504612547657],[126.67851648190675,37.20499966705789],[126.67871127043162,37.20493092660805],[126.6786431423811,37.20472715917378],[126.67883484848805,37.20426646714532],[126.67879507639606,37.204016877291075],[126.67854574657878,37.20371069181687],[126.67844554982938,37.2036391830677],[126.67822364092973,37.20354622133594],[126.67801349334,37.20354592605163],[126.67762238927529,37.203467422737745],[126.67752258605238,37.20338577569137],[126.6774641733099,37.20325806617734],[126.67732325274747,37.20312195581511],[126.67729175500273,37.20303571184544],[126.67694876382937,37.202739114444775],[126.67672210734894,37.20223588453946],[126.67667031596426,37.20192009896896],[126.67673352902007,37.2015418350211],[126.67689811858615,37.201289994251596],[126.67691000570892,37.201186128646064],[126.67678369671789,37.200966153676376],[126.67666487114339,37.20089064598125],[126.67654316194395,37.200951410183606],[126.67577750955236,37.20063676348677],[126.6758268667032,37.20057720593659],[126.67569330613848,37.20044872037649],[126.67526878344741,37.20020737051615],[126.67472895697135,37.20009183850426],[126.67452332875506,37.199819831226314],[126.67412538923476,37.199699065463406],[126.67366232351608,37.19974509038589],[126.6727570255227,37.20014213940817],[126.67219051898563,37.2008236629597],[126.67196818616573,37.20147996539749],[126.67155773356637,37.20156526023042],[126.67128542687833,37.2017737137971],[126.67128054451166,37.20229434897775],[126.67111842234868,37.202699635294586],[126.67056205475747,37.20310410857077],[126.67034698369035,37.2032234631124],[126.67005264031009,37.203319781974045],[126.6700504470918,37.20337542274862],[126.6697686668649,37.20389790459053],[126.66980756752498,37.204502558050706],[126.66914372078823,37.205892803709645],[126.6690351717505,37.205962609144876],[126.66872609474845,37.20632187744052],[126.66862047165802,37.20680588928742],[126.66822945753918,37.20730739868943],[126.66777615413025,37.207361032615516],[126.6679577789941,37.20748599442576],[126.66760248999637,37.20754525640039],[126.66719551212319,37.20775162654787],[126.6664366058587,37.208689375426445],[126.66654930477345,37.20955553704488],[126.66627236998767,37.209726231673365],[126.66638153975316,37.21095224136455],[126.6656819772539,37.21163673455942],[126.66570821174307,37.21207212733329],[126.66601010316731,37.21258798072891],[126.666743414602,37.213111531806696],[126.66725747301078,37.213140293071355],[126.66739875639271,37.21363373130275],[126.66749977023589,37.21419997611826],[126.66788339784074,37.21506492803881],[126.66758919538164,37.215077335521386],[126.66728765563202,37.21539466789511],[126.66667061234463,37.21592369206513],[126.66665655012102,37.21619706208828],[126.6666906430719,37.21636948294684],[126.66631249126996,37.21673389300489],[126.66684540713536,37.217120314239985],[126.6670814232676,37.217889962206996],[126.66811915914931,37.21797538675119],[126.66885739553452,37.21731012629747],[126.66939194552958,37.217288821292215],[126.66968655507482,37.21738650740366],[126.67013685805163,37.21771045723862],[126.67118322495239,37.218723668927105],[126.67200045432504,37.21988686822291],[126.67194056926267,37.21993344858063],[126.67182140477831,37.220334078020564],[126.67147971898187,37.220573026766026],[126.67160094003556,37.22075160039834],[126.67210641453504,37.22082311651784],[126.67244516940305,37.220327927750525],[126.67403565645932,37.221202962732335],[126.67410039821617,37.221213279445635],[126.67546004584476,37.220959953706725],[126.6762087355164,37.22133932251943],[126.67642142421636,37.2218250514889],[126.67622023297909,37.222022448574435],[126.67684809498267,37.222623082249754],[126.67745686975113,37.22369388325924],[126.67646901827355,37.22497065027668],[126.67587148960025,37.22562451355132],[126.6735880160035,37.22794120196165],[126.67335969143043,37.22797519777453],[126.67329216428173,37.22803667714521],[126.67326244202164,37.22827255686429],[126.67309839661509,37.22870966357655],[126.67306894557171,37.22920825221855],[126.6732075452419,37.2294831736791],[126.67329222911158,37.22952451292065],[126.67251987612327,37.22987715302778],[126.67186687451199,37.230234905144926],[126.67157831351166,37.23035067686982],[126.6714979505884,37.23036790719789],[126.67132495002333,37.230272257213386],[126.67100701649852,37.23001795421509],[126.67089521300957,37.22997906811596],[126.67069722153461,37.2299987894359],[126.66997767921441,37.23022766808293],[126.66957472443008,37.23045545636447],[126.66939450557449,37.23035611618065],[126.66943872039585,37.23031288320015],[126.66941748526406,37.23021652042417],[126.66930477108869,37.22998221381838],[126.66894546617665,37.22973088935156],[126.66831570758394,37.22960128908773],[126.66748904005692,37.2295688293241],[126.66725733142543,37.22980807772646],[126.66688803030404,37.23030570393221],[126.66705798798351,37.230973229494474],[126.66704581275523,37.23137725541288],[126.6668997592333,37.231995178247764],[126.6662997419309,37.232704174043654],[126.66582322618747,37.23291315360521],[126.66492510362282,37.232986633293514],[126.66475942671774,37.233219584942994],[126.66473495385029,37.23349827844434],[126.665047553835,37.233720758207895],[126.66538984814785,37.2337594651015],[126.6649258106632,37.23456907877128],[126.66488821441136,37.23470863217421],[126.66461826756526,37.23629621823658],[126.66460029746492,37.23651063521187],[126.66463057422622,37.23667388618015],[126.66457519653974,37.236853618803316],[126.66416923313407,37.23707934885979],[126.66367815185531,37.23748846637246],[126.66334256660652,37.23760069002156],[126.66304135114886,37.237634008055906],[126.66283842480657,37.237712525747796],[126.66278980611614,37.237637490905705],[126.6620532329841,37.23795383566497],[126.66183969506011,37.23813765675447],[126.66188899524059,37.23817553315605],[126.66150218564103,37.23843825499118],[126.66157526062592,37.23847760510204],[126.66145274634226,37.23858621610404],[126.66249143157286,37.239465170144385],[126.66249242270767,37.23951838849111],[126.66375882208503,37.2404371249638],[126.66429676217344,37.2410333403816],[126.6644685844712,37.24136017375918],[126.66470668001332,37.241989602047504],[126.66476612435575,37.242087190936104],[126.66484846516029,37.24214261459269],[126.66440234681164,37.2426312815245],[126.66440828697044,37.24276279631827],[126.664140676125,37.24334151522295],[126.6640804093931,37.2433489400534],[126.66386315860021,37.24365383417071],[126.66354633046537,37.2438137918559],[126.66293291397501,37.24390957606424],[126.66244849421244,37.243915876667096],[126.6623128894302,37.244177067646774],[126.66229151287358,37.24529316206909],[126.66249803383153,37.24561756690355],[126.66267204731878,37.245614685643964],[126.66290111115238,37.24530982746422],[126.66284995690415,37.244896619478325],[126.66291196076496,37.24446961791088],[126.66357729256785,37.244421871661324],[126.66414508066812,37.24448696714516],[126.66456329099661,37.244571783568475],[126.66488732047864,37.24480978470353],[126.66554164694689,37.24490541316352],[126.66577228066038,37.2451183694185],[126.6661193234268,37.2452891423926],[126.66665772210453,37.24508032924656],[126.66662874137091,37.244543852559985],[126.66676051005321,37.244254767618415],[126.66703617699486,37.24404014558661],[126.6673157582195,37.243617728577874],[126.66723070416816,37.24329734244664],[126.66731218949586,37.242950674126014],[126.66746093398385,37.2427644087803],[126.66763700124422,37.24261003569999],[126.66861479745974,37.24210765042803],[126.669779025956,37.242496955717414],[126.67044147750914,37.242584967770185],[126.67056296342678,37.242669219790955],[126.67091391775641,37.2427521309207],[126.67105191309386,37.24284628751297],[126.67111476476589,37.242932619666604],[126.67146502208287,37.243092404076506],[126.67189970353385,37.24348246445386],[126.67210687195157,37.2438302275082],[126.67227241250106,37.243827308668415],[126.67274399300834,37.243546477013474],[126.67278597124094,37.24357249975682],[126.6728928370611,37.243539852933615],[126.67331725307213,37.24357453968597],[126.6736245797773,37.24356806526354],[126.6736812745,37.24353049671051],[126.67393852819544,37.243781525434265],[126.67420316905759,37.24395063322152],[126.67435366877264,37.24437453478622],[126.67434524408556,37.24465242696765],[126.67462588533938,37.24499587339493],[126.67484999574437,37.2451738877611],[126.6752956774605,37.24542683815867],[126.67547367866143,37.24539691778563],[126.67583886400611,37.24540918646576],[126.67641011403323,37.245908296568984],[126.6768575632103,37.246162381217374],[126.6770457425275,37.24618119834201],[126.67707332624961,37.24623786795534],[126.67715631712339,37.24626878370787],[126.68116170231889,37.256662406738435],[126.68195333268505,37.25672170678795],[126.68217260488868,37.2568492826906],[126.68259273073411,37.25696079063952],[126.6834174426794,37.25723951684091],[126.68361773173804,37.25736000038462],[126.68342812967022,37.257378359558224],[126.68358164007103,37.25743959186896],[126.68381196123234,37.25762182247639],[126.68424204233632,37.257882020859824],[126.68474679619571,37.258228305398596],[126.68501376770476,37.25845117800469],[126.6856111326863,37.25872251525407],[126.68584686984079,37.25895938627412],[126.68598695374226,37.25903015607973],[126.68619318199296,37.25920640730865],[126.68634709378252,37.25967957059798],[126.68743836305124,37.260802003003434],[126.68744246696777,37.261043038173135],[126.68730322224083,37.26140449711652],[126.68743214030832,37.262089055837606],[126.68778949269219,37.26222628444589],[126.68863724088868,37.26202073015554],[126.688920826754,37.26223378018405],[126.68944262190041,37.26226218839953],[126.68978870862009,37.261757117290976],[126.68994414742382,37.26165165417895],[126.69052436346472,37.261736246214575],[126.6915396132367,37.26157277646073],[126.69168901854077,37.26147771134116],[126.69176921977882,37.261378249024425],[126.69185232142691,37.26095751429275],[126.69243623527511,37.26082613651514],[126.69293824209402,37.26082350919262],[126.69305830615149,37.26075314480485],[126.69334569957654,37.26068349492593],[126.69549584050397,37.26098810647505],[126.69660047516805,37.26101714093123],[126.69692150096667,37.2607735616527],[126.69761766567892,37.260758456198545],[126.69819009604996,37.260985461325745],[126.69869769279569,37.260468955706976],[126.69891537594766,37.259988296770445],[126.69923910392926,37.25972726668225],[126.69967676904064,37.25960421079982],[126.70036060847853,37.259675494649635],[126.70081562938572,37.25988135609469],[126.70107588891102,37.259766855210316],[126.70159076288687,37.25971832471777],[126.70188854900607,37.259822698025815],[126.7020806900402,37.260006200800056],[126.70225874442127,37.259923585466254],[126.70212862638714,37.259333080877],[126.70240957240236,37.25864429378564],[126.7031770620856,37.25840040047015],[126.70348007409756,37.258164705250806],[126.70352380889014,37.25807404582224],[126.70352137005956,37.25762463166988],[126.70360611979042,37.257438728655266],[126.70370896063622,37.257621444831564],[126.7036322188936,37.25783327465727],[126.70365214871434,37.25800424098867],[126.70423105681897,37.2579260095812],[126.7043562373448,37.257894228981925],[126.7044674745466,37.257824677897645],[126.70460083988155,37.2578168490874],[126.70477734522305,37.25767621710691],[126.70482893975988,37.25754682305534],[126.70489132387765,37.25758048823583],[126.7050531215077,37.25755330335652],[126.70507229054371,37.25769526489482],[126.70517072728236,37.25774619354713],[126.70585282062721,37.25780899858384],[126.70686592434306,37.257633289036555],[126.7070695068564,37.25773121512762],[126.70720055623505,37.25790864949128],[126.70772603180765,37.25784688041035],[126.70785710611656,37.257702482461404],[126.70803424722057,37.25766828523213],[126.70822045367696,37.25770478945635],[126.70841012006815,37.25762163298571],[126.70882368014612,37.257760344077404],[126.70935986339767,37.257887253825274],[126.70956834776004,37.25812935224614],[126.70973718201842,37.25819481414464],[126.71006049651763,37.25775523023729],[126.71021031711835,37.257729693923466],[126.7112361996879,37.2571547057409],[126.71181683144859,37.25694635824074],[126.71207406533897,37.25689713310368],[126.71230747330758,37.25691432826264],[126.71257254851932,37.25682459230559],[126.7127264700304,37.25654959354632],[126.71366411424839,37.256060814039195],[126.71450853416955,37.25544283638179],[126.7148450304963,37.25523078184558],[126.7161472376939,37.25474033161205],[126.71750077899091,37.255297441992],[126.71992124332004,37.25531504451304],[126.72254380558668,37.25602208443],[126.72327741856984,37.25630087841858],[126.72370255048176,37.2561205440442],[126.7239913559482,37.25623159689836],[126.72421017320539,37.25625942993385],[126.72466831466755,37.256156593583015],[126.72555409817184,37.25648585391873],[126.72570784154739,37.256492402131926],[126.72584600128584,37.256422613950626],[126.7257195548526,37.25617678935317],[126.7261324001165,37.255743001899766],[126.72593781145807,37.25495864984116],[126.72603040515665,37.25453735183046],[126.72619024993386,37.254269099672136],[126.72624659180065,37.25403187054614],[126.72640732114147,37.254003518660966],[126.72656334366332,37.25366937302261],[126.72677796489684,37.253786726262966],[126.72700493463067,37.253802740476324],[126.72704959540201,37.2536781051264],[126.72723692965567,37.253499179204944],[126.7272511202078,37.25342375151006],[126.72751311463598,37.253202758095135],[126.7277193317623,37.25291602923518],[126.72760228262027,37.25274934673237],[126.72747801507177,37.25267979775404],[126.72747643166096,37.25258489645517],[126.72739570407673,37.252406196348815],[126.72748032402464,37.25228785195766],[126.72741969012434,37.252155369258666],[126.72734000094434,37.252080289433934],[126.72708910078987,37.25201269016501],[126.72705720082539,37.25196981717721],[126.72742289097997,37.251560972314195],[126.72756435895927,37.2513551882892],[126.7276600376889,37.25114901945746],[126.72760334269273,37.251044710639604],[126.72762815627667,37.25100393252368],[126.72782409291587,37.25092808648508],[126.72796884171152,37.250787914320334],[126.72800636921673,37.25054021592839],[126.72798559070706,37.250491457894185],[126.72807428618049,37.250363544326156],[126.72812217022732,37.250318883330536],[126.72832776139923,37.250252625872086],[126.72884133594302,37.250148784878625],[126.72901575446025,37.25008104199915],[126.7292454396553,37.24992614134691],[126.72949365798645,37.249514768640005],[126.72967474946942,37.249010324925315],[126.72964981557269,37.248453033119745],[126.72971894744656,37.24847233807612],[126.72972707302714,37.24861399138714],[126.72984251996287,37.248637348538814],[126.72982545357634,37.24872937805193],[126.72979641858673,37.24872312164325],[126.72962655969155,37.24938583757003],[126.72927092790268,37.249940282905456],[126.72902409002559,37.250114003154934],[126.72878938264073,37.25019680854444],[126.72815220246544,37.25034260462303],[126.72802819464826,37.25049464633018],[126.72800926313724,37.250811938837785],[126.72790123361301,37.250927416797424],[126.72764527918106,37.25104113986762],[126.72770545273599,37.25115419676639],[126.7276017635062,37.25138568448975],[126.72712553242201,37.25196856904499],[126.72737481793244,37.2520462940251],[126.72746254044377,37.25214110529741],[126.72752545343917,37.25227612694734],[126.72743881085825,37.252418405577586],[126.72752808987057,37.25266582972101],[126.7278286526467,37.25283349471572],[126.72789509405953,37.25291924812939],[126.72781429455553,37.25329721494909],[126.72785604502356,37.25353749061402],[126.72937160159071,37.25397489481037],[126.73136764411166,37.251598483810014],[126.73175674799847,37.251831097554344],[126.73374388719998,37.24934453596248],[126.73428861692521,37.24939250382422],[126.73492436795401,37.249349164974426],[126.73523468776244,37.249647770699376],[126.73590900573636,37.24970222176698],[126.7357466617027,37.24994288464266],[126.7357916787407,37.250062650646655],[126.73633567684264,37.25092605196196],[126.73736030489445,37.251838099927134],[126.73738508656945,37.251956414782654],[126.73872694057239,37.25322310100768],[126.73884286323761,37.25331656045386],[126.74075137533713,37.25437414197316],[126.74168245727343,37.2534289771392],[126.74189188387767,37.25332188014488],[126.74191245015889,37.25338217580618],[126.7453494810239,37.255049537386],[126.74668992575424,37.25349871295515],[126.74664420066404,37.25363714843627],[126.74680051606667,37.25376588300176],[126.74702941173113,37.25362924636941],[126.74757070127771,37.25355860479926],[126.74802631612677,37.2536679849436],[126.749430722596,37.254356895619416],[126.75267829275279,37.25414160428008],[126.75335287964677,37.25402673382066],[126.75521808639985,37.25433528444517],[126.75631409153102,37.25428772298402],[126.75655809581454,37.2541043637928],[126.75729991751452,37.25383530568913],[126.75775236661634,37.252966172022795],[126.75777156878131,37.252470641964834],[126.7581837384057,37.25202012556299],[126.7582736502727,37.251770561972606],[126.75819251119158,37.25159018792483],[126.7577059590943,37.25108122912329],[126.75687988984598,37.25034208347217],[126.75774594809013,37.24889150824124],[126.76370120299647,37.24912447954632],[126.76502735866691,37.24743883879502],[126.76513293633107,37.24516854827418],[126.7645845159904,37.24494949155087],[126.76343158564221,37.24491038986458],[126.76344296782595,37.24470596774269],[126.76597808857414,37.24478086642736],[126.76659978760131,37.24499102550366],[126.76674835133666,37.24495669295017],[126.7669234098003,37.24404192021821],[126.76684559301233,37.24392125249873],[126.76643493878227,37.24391762657804],[126.76663157268861,37.2395125077758],[126.76465119661894,37.23941874009983],[126.76444814950393,37.23959178373288],[126.76319807304543,37.2395397169927],[126.76321227513111,37.238665740025844],[126.76316727117484,37.23864171830404],[126.76204886579117,37.23860651975506],[126.76201200463505,37.23812185882355],[126.76204138403736,37.237797257276085],[126.76065268549937,37.23654847865882],[126.76055923530683,37.236423549186746],[126.75899773210098,37.23515552996261],[126.7586364650701,37.23491996222202],[126.75773124112649,37.23508451512746],[126.75714831733526,37.235222127080476],[126.75710048643593,37.23514684584365],[126.75721951878118,37.235040092705276],[126.75743042201022,37.235050106584055],[126.7579331298712,37.23483207147001],[126.75790061857579,37.23486719980804],[126.75795774765285,37.23495291580383],[126.75846878840953,37.23477150487633],[126.75850935720841,37.234693874325295],[126.75850813694551,37.23457899046704],[126.75859970451279,37.234467674696276],[126.76184558398612,37.23712558941558],[126.76192755312854,37.23743267509378],[126.76220348457377,37.237320034915726],[126.76379565630671,37.23765549934358],[126.76395365020876,37.237807865560704],[126.76507705796072,37.238099293150256],[126.76515964473965,37.23809777200053],[126.76647265289324,37.237499781114515],[126.7665323973553,37.237371222592365],[126.76627569304468,37.23639844079924],[126.76608696544949,37.23615788398735],[126.76580360632768,37.235664283266765],[126.76605471040422,37.23396012755],[126.7660778928983,37.23392300524784],[126.76633278579163,37.23394491185945],[126.76640697586076,37.23392478651382],[126.76681666745462,37.23178057000158],[126.76661948426641,37.231148885962305],[126.76650224739662,37.23091354516009],[126.76619017686419,37.23065500348406],[126.76603824089901,37.23048265605318],[126.76560679903878,37.22948671013182],[126.76522909101371,37.22899235850498],[126.76483143453315,37.228740968995595],[126.76441757601864,37.22883108180827],[126.76413851928052,37.22855007598672],[126.76474596813081,37.22718875900298],[126.76525554163443,37.227228069941916],[126.76525679564374,37.22733535093154],[126.76486580392387,37.22805399541107],[126.76500941142945,37.22829840071451],[126.76518836063265,37.2284457450027],[126.76665260243315,37.23012148753137],[126.767285488521,37.23072080522316],[126.7676550664183,37.23077384914384],[126.76760050597517,37.230955264860405],[126.76698450498363,37.247495485754385],[126.76698950784484,37.24768119868993],[126.76708291378928,37.24792438464314],[126.7672469791862,37.24809069731415],[126.76743438271347,37.24818170320493],[126.76763515118547,37.24823776556339],[126.7679709290149,37.24823052725999],[126.76862720836942,37.24794960667762],[126.7689762902987,37.24793687533278],[126.76922269000607,37.24799793470307],[126.76988248152473,37.24830636435939],[126.7707646195183,37.248552384076774],[126.77138170396552,37.248633975320224],[126.77171846608798,37.248644666248545],[126.77260625468635,37.24858819593562],[126.77322120272903,37.24844091947906],[126.77359368000869,37.24831692614395],[126.77421669792851,37.248045216925966],[126.7748034594587,37.24766878114823],[126.77535638579569,37.24714363320543],[126.7757305788561,37.24660011257604],[126.77583524992569,37.24638477588349],[126.77601781229677,37.245852260707814],[126.7760789132066,37.24553020289556],[126.77639861892844,37.23688109294362],[126.7764405996992,37.23645991948696],[126.7801446579496,37.2343786935752],[126.78068540468313,37.23370983596103],[126.78081030917087,37.2336909217976],[126.78084977386422,37.23362144316793],[126.78080559391788,37.23355322438056],[126.78120854961793,37.23303756255084],[126.78127544793954,37.23262124467895],[126.78136694307969,37.23258114771574],[126.78137783590748,37.23252795389735],[126.78129913707903,37.2324652922748],[126.78158216114997,37.230137761991976],[126.78076395741783,37.22838681954853],[126.78060830816375,37.2281483128243],[126.78018765216254,37.227260851405184],[126.77289729266111,37.221123596388594],[126.77254319009492,37.22079572698168],[126.77211965494743,37.22049671682404],[126.77095531676471,37.22013629401796],[126.76708110785539,37.2205828681904],[126.76700868124318,37.22060469145986],[126.76652720396433,37.22094050057159],[126.7663893732282,37.22099231651029],[126.76604328495124,37.221042592996184],[126.765906812655,37.22066050480227],[126.76579643842477,37.220317052662026],[126.76651763674076,37.21993863481857],[126.76873870398082,37.21945420492385],[126.77166459030626,37.21944669199399],[126.77169049816584,37.219027758656345],[126.7718488559763,37.21882279084442],[126.77279828404875,37.21811365355663],[126.77288676811361,37.21801753013345],[126.7723504455904,37.21665732827854],[126.77224502741348,37.21629896104915],[126.77164230593067,37.21495186432739],[126.77171423956585,37.21480051163305],[126.77279693766661,37.21342768260679],[126.7732494887334,37.212912141146866],[126.77394491224118,37.212523500327954],[126.77356064954367,37.210998596440525],[126.77345137298137,37.21028402190718],[126.7687671192988,37.21112105310655],[126.76854536728891,37.21105191148731],[126.76841293636413,37.21095704258208],[126.7681895607315,37.210443009926585],[126.76413705039026,37.21092433150902],[126.76369485967251,37.21081897907554],[126.76287313222188,37.21077819362645],[126.76137463049598,37.21094551673595],[126.76103224385568,37.211117993539894],[126.7608699222478,37.211237609882744],[126.76079534983975,37.21138472481169],[126.76069146406495,37.21167369373535],[126.76061761677235,37.21203536574859],[126.76066540674367,37.212393345944385],[126.76038725587341,37.212410080128265],[126.76033603801771,37.212234427147514],[126.7603781382341,37.212223816881696],[126.76080811510627,37.21102601811308],[126.7608757281652,37.211129216506485],[126.76125330974654,37.210847840135955],[126.76133346731932,37.21082914453145],[126.76138543882136,37.21075659952231],[126.76136519081382,37.21064758596605],[126.7612316285584,37.21046935980147],[126.76115882217609,37.21050412684026],[126.76106875905347,37.210375266515776],[126.76119830237873,37.2103214666498],[126.76141010566437,37.210363849858695],[126.76151682713552,37.210344358841745],[126.76157199349906,37.21038051362565],[126.76156176498495,37.210440465005185],[126.76145184651226,37.21046558838369],[126.76152645521532,37.21064059602435],[126.7615877648238,37.21067929331018],[126.7634357350354,37.210544487340385],[126.76370936068527,37.210627535256016],[126.76379530154495,37.210559571191446],[126.76385824943901,37.21058335101426],[126.76396263630322,37.21046839788977],[126.76414086476893,37.21060587622501],[126.76428915788158,37.21063574380641],[126.76509074513514,37.210588915623894],[126.76536364193421,37.21051287099482],[126.76592963481929,37.21048640066545],[126.7665578353625,37.210384026992884],[126.76805901120721,37.2102507121386],[126.76816246677829,37.21026781112313],[126.76832677805884,37.21035373399125],[126.76837047576998,37.21033945673578],[126.76850079620627,37.21095073578465],[126.7686383306658,37.2109304551855],[126.77383146317386,37.20997474069561],[126.77382601747195,37.20967653909935],[126.77422133364672,37.209570021602296],[126.77435477011373,37.20950664560955],[126.77433931939946,37.209433685303615],[126.77443801623184,37.2091587777307],[126.77445695323301,37.208650851198605],[126.77441374159783,37.20850406196339],[126.77426060778184,37.20822577597487],[126.77460842102397,37.2082679108483],[126.77475327592252,37.20844699049567],[126.77484508938305,37.208883324886685],[126.77476212586124,37.209020863623294],[126.77495839175776,37.20978543039368],[126.77486779100869,37.209945190748485],[126.77489685323239,37.21040956347726],[126.77467174787336,37.210694086651586],[126.77454568595388,37.211055954703774],[126.774064692971,37.211321398951725],[126.77481196026683,37.21224893911891],[126.77478605966634,37.21231730466277],[126.77493264443235,37.212507652172626],[126.77485910092354,37.21291100536012],[126.77491702148849,37.21308316155257],[126.77483303679942,37.2130297860368],[126.77455354746462,37.21301573509814],[126.77442740959853,37.21304815614654],[126.77444145706936,37.21341338306658],[126.77434214647863,37.21359818627396],[126.77377002722336,37.215715658364985],[126.77364714843986,37.21577483688941],[126.77326319544542,37.21584167570836],[126.77334160134616,37.21610875931339],[126.77444162282283,37.218293922249416],[126.77464456626386,37.218596159365504],[126.7763935736417,37.21775871769314],[126.7765828186708,37.21781567138969],[126.77686305360605,37.21800119727978],[126.77691496213103,37.21801172017456],[126.77707001522656,37.21796554689437],[126.77728917454411,37.21772888099738],[126.77802642217033,37.217194433633175],[126.77777763470634,37.21703037115417],[126.77788379930347,37.21696665177637],[126.77850852870354,37.21739779789422],[126.77860170186574,37.21738220555907],[126.77867635568622,37.21743500228968],[126.77882728149224,37.217654067533296],[126.77881902364018,37.21776808687186],[126.77857977177479,37.21777411659351],[126.77844006510281,37.217808767330894],[126.77839410881813,37.21775236589654],[126.77825696483389,37.2176974787263],[126.7780696994873,37.21768360868588],[126.77800660979403,37.21776543171027],[126.77801040595966,37.217911010237664],[126.77809553078896,37.21793623868561],[126.77812199139584,37.2179802143144],[126.77807904346498,37.21815611380821],[126.77812452113474,37.21819590095385],[126.77820020623982,37.21820139492523],[126.7781652679969,37.21822836091533],[126.77792198225208,37.21810794678965],[126.77788426303388,37.218065074512246],[126.777895307837,37.21801779203976],[126.77760512427157,37.21833880610741],[126.77691307925012,37.219000041128524],[126.77686831987374,37.21913567975146],[126.77677680544716,37.21924362937209],[126.77603539869018,37.21897697231798],[126.77594994794393,37.21900158950838],[126.77579495624482,37.219203469582006],[126.77563920079596,37.219601314927],[126.77541103585976,37.21996016961343],[126.77543278331231,37.2201069085085],[126.77605272857649,37.220964367014126],[126.7762469963783,37.22111171293237],[126.77652531607411,37.221233036329025],[126.77688837995927,37.22157302979381],[126.77762307931829,37.222033950736254],[126.77803005341276,37.2220527404791],[126.77842396335544,37.22202335244652],[126.77852513064418,37.222222049466964],[126.77881889800916,37.222545850725865],[126.77888059697818,37.2227554592772],[126.77900982857035,37.22281145723715],[126.7791124932651,37.222744072050446],[126.77922728053683,37.22274118826951],[126.77918216147312,37.222881043911556],[126.77920091437613,37.223028904581014],[126.77943780868151,37.22323377541778],[126.7799182120773,37.2233692637928],[126.78035246323545,37.22327237663361],[126.78041329833336,37.22317843819232],[126.78057894258569,37.22318973253997],[126.78078980294184,37.22386843624439],[126.78097378101289,37.22411121217973],[126.78113313942735,37.22404084129697],[126.78108395600118,37.22418519535819],[126.78109716965528,37.22424012774991],[126.78093803871215,37.2243524625368],[126.78062252484602,37.22442226289197],[126.78048361419053,37.2246627524987],[126.78060457164975,37.22496425949266],[126.78073503791555,37.22514274608034],[126.78072579340318,37.22535305840052],[126.78099044339037,37.22576577673348],[126.78115340574024,37.225847741584545],[126.78117614328164,37.2259604125697],[126.78112821475838,37.226036633609546],[126.78113681725158,37.22616588475712],[126.78128024538063,37.22624668702243],[126.78148471763608,37.22628423440375],[126.78160535073016,37.22621518628247],[126.78175630486426,37.22588518245549],[126.78193676345444,37.225825263688115],[126.78208055006277,37.22602826373396],[126.78227793217086,37.2261395653529],[126.78281286704933,37.22630161492101],[126.78298620216857,37.22639035411415],[126.78337524583165,37.22634798370345],[126.78347273402504,37.2263053640806],[126.78336793609188,37.226624202249845],[126.78336793101167,37.226748094280005],[126.78351386897843,37.22681537372584],[126.78356147550844,37.22691344949755],[126.78380558415134,37.227066516333274],[126.78353801310857,37.227478807605706],[126.78357310889142,37.22770272580676],[126.78381205140151,37.22867403555621],[126.78390488590826,37.22884399805112],[126.78406730384665,37.22899859837912],[126.78396349163633,37.22909470201942],[126.78360394054984,37.22928804436592],[126.7833402418033,37.229515070890265],[126.78320372468971,37.22953876005186],[126.78290452674335,37.229679832934366],[126.78286088503319,37.22979267016689],[126.78312056013074,37.229923231738745],[126.78315792611532,37.22997370465096],[126.78343485675185,37.22985680151698],[126.78351629369371,37.23000983982559],[126.78408132432725,37.230614014989776],[126.78513287756502,37.23139533900845],[126.78529260460822,37.231507414187085],[126.78541220895197,37.23155099827664],[126.78545295175908,37.23158851953952],[126.785488146643,37.231780902421164],[126.7854160845711,37.23198153018741],[126.78544925818491,37.2320815522598],[126.78600153388075,37.23272004282944],[126.78614458914709,37.23293908403072],[126.78624902137221,37.232746398426634],[126.78634847646212,37.23294198756779],[126.78651030785886,37.23299774775048],[126.78640935931587,37.23301981253648],[126.78622650731643,37.233484362453886],[126.78525030854927,37.23435461690262],[126.78518167924415,37.234402363152405],[126.78515814736716,37.234383175061595],[126.78508921588264,37.23440951188078],[126.78508908015117,37.23445653536925],[126.78452841285701,37.234838170557516],[126.7836654755992,37.23439788939419],[126.7834496435543,37.234325688858874],[126.78320190515778,37.23432016992563],[126.7830794566571,37.23434782043089],[126.78290373995493,37.23446547045783],[126.78131582449252,37.23574792177464],[126.77831913147484,37.23901926852712],[126.77818403839031,37.2389705826374],[126.77813336558101,37.2390141324891],[126.77814572609844,37.23906343375086],[126.77832227703462,37.23914429248917],[126.77820375011423,37.239630349641864],[126.77798102137868,37.24015872257521],[126.77789810893424,37.24104412206726],[126.7780809361622,37.245444334182025],[126.78199569219537,37.24479079887956],[126.7893974600079,37.24404601294875],[126.7894105201111,37.245859937524315],[126.7891507744858,37.24579189345587],[126.78886785647842,37.245824048570945],[126.78842299641366,37.24602147686809],[126.78824717828178,37.246167010860894],[126.78832888944744,37.24635581738008],[126.78894682489643,37.247118015289054],[126.78908980849485,37.24724611004153],[126.78959844504924,37.24754830207467],[126.78811630705627,37.25510645237687],[126.79317111662898,37.25915180785224],[126.7931237648926,37.259460607491086],[126.7931294845338,37.25962309324631],[126.79316390119897,37.25965919502514],[126.79307269188558,37.260097720184106],[126.7926625201545,37.26033296006149],[126.79242793954776,37.260574698430425],[126.7922325737946,37.260645869589915],[126.7919576099583,37.260842763409165],[126.79177969480766,37.26103561222594],[126.79153098399324,37.26141557785579],[126.79137928444132,37.261746998236006],[126.79147372833204,37.26230833826925],[126.79158095069887,37.26264473061746],[126.79190911618237,37.26308794591779],[126.79211524807963,37.26351545357674],[126.79212377387294,37.263808025625124],[126.79194916581656,37.263890493916534],[126.79170295772383,37.26412489380397],[126.79167961643641,37.26422002063813],[126.79185658497106,37.26462383404772],[126.79196415901207,37.264644010000325],[126.79219744964031,37.264490408451024],[126.79217143919777,37.26466268498623],[126.79211579801523,37.2646524505952],[126.7919646679197,37.26471638246493],[126.79175722818167,37.26469010926324],[126.79179549142229,37.26493401612358],[126.79152297429758,37.26506418201992],[126.79119187731902,37.26548201644974],[126.79097959468318,37.26587021008239],[126.79060098973704,37.265950908593766],[126.79044968787774,37.26601033120344],[126.79046326041369,37.266451014345826],[126.79032988551454,37.26677627536516],[126.79011951278194,37.26685361371549],[126.79010631061041,37.26691385187248],[126.79010398302444,37.2671179855851],[126.79044189693931,37.2670366490139],[126.79070094481315,37.267317555979425],[126.7911378761104,37.26754499684516],[126.79146461216796,37.26812815823496],[126.79168694003462,37.26805815499458],[126.79191523315177,37.268186677139376],[126.79208471337266,37.268627077028356],[126.7923314871807,37.2686990274918],[126.79240546989,37.26838407620932],[126.79356288969042,37.268488049135264],[126.79403692434828,37.2685573051437],[126.79460574849946,37.26868162410448],[126.79477482533379,37.268566479687216],[126.79484662187109,37.26859476342259],[126.7948839928581,37.268715619783634],[126.79486955676275,37.268902838067426],[126.79496244159184,37.26907729612082],[126.79517749904362,37.269283783047086],[126.79525582682022,37.26924449984505],[126.79530563210545,37.26932455325287],[126.79537515081917,37.26934832572574],[126.79550989641888,37.270132457723],[126.79605037677001,37.270710059041114],[126.79743367389183,37.27062290671922],[126.7986674816174,37.27017732982501],[126.79897613857406,37.27010267698182],[126.79897283056425,37.27002467736366],[126.79909405136775,37.27001615386625],[126.7993020092685,37.26991824279816],[126.7998678005813,37.269601593085035],[126.79995685731285,37.269567388752606],[126.79999836099896,37.269591958148325],[126.80006656522076,37.26958137981007],[126.80040393146739,37.26944369892216],[126.80050193488412,37.26935573520145],[126.80067538635342,37.269446412472305],[126.80077573905136,37.26946713410811],[126.80092218506073,37.26944880281717],[126.80144785768853,37.269308618797275],[126.80169279140831,37.26928341456532],[126.80184766713516,37.2692059628002],[126.80192370304273,37.26909767871743],[126.80234164056404,37.269131892313034],[126.80257935392832,37.2691030087594],[126.80281634342776,37.269015276602325],[126.80281538498616,37.26897641315195],[126.80290931777283,37.268896892402346],[126.80299938332048,37.268606172173925],[126.80318699380446,37.26834096933024],[126.80355488523603,37.2679718727776],[126.80369754295492,37.267917491954734],[126.80384508896516,37.26781355103696],[126.80405821547147,37.26782123302462],[126.8043540670604,37.26778708992402],[126.80476922652224,37.26787225138916],[126.80554338404059,37.26789296271778],[126.80564618064035,37.2677889550526],[126.80732106835985,37.26724236275349],[126.80749624258128,37.26728207003201],[126.80758825349346,37.267192117377306],[126.80862323588148,37.26674976944755],[126.8088230015987,37.266399250479544],[126.80866463309309,37.26633479551046],[126.80934551665155,37.26645360406497],[126.81027396473289,37.26682312553572],[126.81040954439179,37.2669162580155],[126.81078641786934,37.26729311016802],[126.81100475501906,37.2675730517293],[126.81096184338848,37.26766332151903],[126.81065510742117,37.26789259120833],[126.81057723424672,37.26806829202586],[126.81080791540512,37.26810777864898],[126.81071696401557,37.26837276975525],[126.8105180656115,37.268448757074594],[126.81044456240298,37.268535921368304],[126.81063030199638,37.268715581466076],[126.81067316909294,37.26883532437294],[126.81048065385455,37.26896312442665],[126.81020380068323,37.268795705566596],[126.81013002223419,37.26878207166367],[126.80938209431815,37.268906157613],[126.80888687408398,37.2687113526786],[126.80884328873226,37.26839254116885],[126.80866292424233,37.26845476036856],[126.80866929822922,37.268511085678256],[126.80834902525572,37.26851872746725],[126.80830912247006,37.268828671118136],[126.80831540598346,37.268990866701614],[126.80836277287116,37.26906865808839],[126.80829809740817,37.269212438660134],[126.80813066881427,37.26924538697476],[126.80804880682366,37.26935957642817],[126.80804352573864,37.26997874809936],[126.80769493414326,37.270379137903035],[126.80753911883109,37.2706880440707],[126.8074321703462,37.27076164549181],[126.80716993064677,37.27107995604559],[126.80699437777811,37.271456407279494],[126.80680997750822,37.27164644752704],[126.80670419607084,37.271948966498314],[126.80647246722134,37.272181158837256],[126.80639288769152,37.272165260527835],[126.80631433028185,37.272294373535246],[126.80631028727342,37.272428117225495],[126.80616787897021,37.27265792493132],[126.80608267170702,37.27263807785513],[126.80598728198713,37.27273561947206],[126.80594987223888,37.27289718480975],[126.80586650513904,37.27305022302684],[126.80590405667552,37.273104067641604],[126.80580708940762,37.27327115774715],[126.80558450490254,37.273369903143184],[126.80548475504692,37.27358739074344],[126.80551796186896,37.273825939589265],[126.8054951561119,37.273924455994525],[126.80525670025332,37.27470711208391],[126.80522448698719,37.27476843787327],[126.80501605824348,37.27491029314911],[126.80485006153901,37.275263672054706],[126.80461979041438,37.2756053933217],[126.80445674067977,37.275976797272534],[126.80407871120332,37.276366990648626],[126.80384369531124,37.276769529808945],[126.8034951318229,37.27686778126346],[126.80316952058776,37.27701337438879],[126.80303963395893,37.27703314159214],[126.80265620255362,37.27685736451014],[126.80257043870743,37.276910157535184],[126.80235241656611,37.27687628048969],[126.80103731533488,37.27771652522858],[126.80047121119134,37.277850243440334],[126.80025039663089,37.27780140958975],[126.80005213753658,37.277907952478856],[126.80016617875086,37.278428520029074],[126.80026300175828,37.27856820924577],[126.80040541700089,37.278600474164065],[126.80055613271084,37.278568959371874],[126.80074541243603,37.27831627912274],[126.80117803622113,37.27810699065907],[126.80139208719677,37.27817286809115],[126.80204647780084,37.278595626782526],[126.80223760865523,37.278844598621745],[126.80276456556625,37.279196571019256],[126.80299474872764,37.27949654958435],[126.80306962706776,37.279498359116346],[126.80331529340842,37.28001010680674],[126.80333297935705,37.28018836877269],[126.803438089801,37.28048222776201],[126.80369219551281,37.280869248881466],[126.80383838985787,37.28149402418762],[126.80407126008939,37.282254657085474],[126.80399046559003,37.2823589878686],[126.80453825121393,37.28337186551932],[126.80476349566469,37.283882729197394],[126.8047336753539,37.28424000092799],[126.80490792342043,37.28458155625128],[126.80599685760839,37.28463262730734],[126.80664186940776,37.284787992587205],[126.8069125076295,37.28499342222118],[126.80726180074598,37.28516857111187],[126.80792742422123,37.28573759863349],[126.8081505380005,37.2858593139888],[126.80941111425558,37.28597681472107],[126.81030937981602,37.28660308023674],[126.81074088935716,37.28646890007549],[126.81149068298241,37.286303136100145],[126.81172781391629,37.286177083531896],[126.81234199925872,37.28605276956418],[126.81283379046883,37.28569539479355],[126.8129137025129,37.285512217641006],[126.81335234358352,37.28526767289597],[126.81352746783936,37.28513194988427],[126.81372834665287,37.28491602072338],[126.81382569315682,37.28474047511998],[126.81363703536124,37.28457742199961],[126.81344148454563,37.28463793040793],[126.81320588164482,37.28443539301229],[126.81211246650496,37.28413292854548],[126.81184769025339,37.28411673621362],[126.81208738791894,37.283876941736196],[126.81180053969211,37.28338625835076],[126.81170416165607,37.28310763210138],[126.81138942659945,37.283126274486285],[126.81099079382635,37.28323009777929],[126.81094816559624,37.283155694077145],[126.81070776659021,37.282976228604234],[126.81038798244872,37.282557011658746],[126.8104683972193,37.282180681339575],[126.81038328629884,37.281903756946214],[126.81000350495398,37.28152611578805],[126.80979732987923,37.28126054607882],[126.8097589674578,37.280962575966164],[126.8096909890577,37.280880814612075],[126.80956549137085,37.280555671350434],[126.80953841314292,37.28053507510202],[126.80944306695521,37.28061404002714],[126.80941084938762,37.28053430934302],[126.80983647587142,37.28013657271531],[126.81049115535649,37.27979692376123],[126.81129166229886,37.27926745126798],[126.81140945917828,37.279083776671285],[126.81144149132012,37.27895908972101],[126.8116291681544,37.27893996392453],[126.81176603800125,37.278879363339506],[126.81186197331307,37.278774771913014],[126.81198219768804,37.27881832270459],[126.81338057484929,37.27852828538394],[126.81354583698744,37.27845308741398],[126.81367196605164,37.278321790223885],[126.81369918290504,37.278213989538585],[126.81393594545126,37.27822394175581],[126.81425764122709,37.27801721524833],[126.81456115612852,37.27767558107781],[126.81465763738093,37.27763124969017],[126.81480364907036,37.27772073691328],[126.81501030729058,37.27779399191949],[126.81536317173983,37.27773090784613],[126.81557289101143,37.27763212409419],[126.8161257874308,37.27718529400289],[126.81629912772509,37.27711967374612],[126.8165519824411,37.277104301277085],[126.81662699058654,37.27705176257687],[126.81735354087128,37.27691014319768],[126.81776340246216,37.27673338550847],[126.81782167260754,37.27668251423202],[126.81811497286535,37.27662495994772],[126.81836098793731,37.27651863123216],[126.81852376725178,37.276380349732555],[126.81856972161431,37.27639055686068],[126.81866996769122,37.276317782155026],[126.8186708504653,37.276241196987115],[126.81876649078954,37.27617995745351],[126.81890787757567,37.27613934954339],[126.8192145994795,37.27613926331103],[126.81959243280099,37.27602298935812],[126.81999064613949,37.275851837662614],[126.82017931441541,37.275711340631645],[126.82042085781899,37.275632869962465],[126.82054761650419,37.275523812978676],[126.82052869143111,37.27548323752377],[126.82081417332874,37.27530206191691],[126.82110438484148,37.275056126057116],[126.82151220519236,37.27491933855091],[126.82194498012927,37.27465729224095],[126.8221604105741,37.2745956714107],[126.82254564133619,37.274249925983355],[126.82258944578352,37.27427364392284],[126.82297272193031,37.27400897689569],[126.82309538752267,37.27398691540006],[126.82340022560278,37.2735867034899],[126.82359584348785,37.27322276430579],[126.82362628216262,37.273248498297896],[126.82377559776026,37.27323816227816],[126.82474173542457,37.27284448701536],[126.82400087575562,37.27264911655204],[126.82416016522644,37.27263528081741],[126.82420887663392,37.27259959269534],[126.8245478454483,37.272664865887826],[126.82490212829082,37.272662015127494],[126.82511574795183,37.272614462253905],[126.82521580687238,37.272539717403106],[126.82537671883017,37.272361156139915],[126.82542673579363,37.27221481274409],[126.82525677344341,37.27189356655825],[126.8252793225491,37.27182151845416],[126.82518628134716,37.271681999245956],[126.82505310699987,37.271677016196385],[126.82511954430737,37.27159123804799],[126.82535476465563,37.271573277954495],[126.82545777131402,37.27151908995293],[126.82576172962388,37.27126387483293],[126.82584100593854,37.271262018205874],[126.82598840965393,37.2711301821489],[126.82619865935868,37.27101814392909],[126.82625065555922,37.27100442533014],[126.82638605417378,37.27103700914864],[126.826485336122,37.270993789451275],[126.8265048563634,37.27092821333744],[126.82663833867745,37.27087800650372],[126.82663436862997,37.27076649878957],[126.82668191621025,37.27077023564151],[126.82715538713347,37.27049217309201],[126.82727870781743,37.270565283258634],[126.82736221869499,37.27055920771395],[126.82754781068473,37.270445725501304],[126.82760766131045,37.27038893901843],[126.82772628808677,37.27005207403647],[126.82789262858535,37.26987604908855],[126.82787414516154,37.2696423212225],[126.82793266250174,37.269782624361795],[126.82792380427387,37.26987919398454],[126.82780920254514,37.26999671942119],[126.82767600966588,37.270235585988345],[126.82764218825817,37.27038701781481],[126.82780257638156,37.27050523340167],[126.8280800357424,37.27058166100429],[126.82855890568429,37.27063163873095],[126.82867664104232,37.270607879347224],[126.83085700768878,37.27357656568458],[126.8310560353121,37.27375452769079],[126.8333631317874,37.27210836863064],[126.8351693281186,37.2710046237112],[126.83714937960728,37.27069991107267],[126.83804275984852,37.26985896132987],[126.83992718311839,37.26770301507716],[126.84138133827933,37.266240343086025],[126.83932184402279,37.26451937983149],[126.83933606159772,37.264398733497586],[126.83890979639197,37.2641459384373],[126.83862915746391,37.264025946646576],[126.83820624002179,37.263480345830274],[126.83747857085618,37.262860973544804],[126.8372842021119,37.26213346343014],[126.83715476374908,37.26183953873207],[126.8366230041747,37.2614693088339],[126.83642379829121,37.26114699250603],[126.83650273998659,37.26097887166518],[126.83623447966075,37.26070223073153],[126.83613956797035,37.260233507262704],[126.83556568732477,37.259750818274625],[126.83504300224979,37.25903426570713],[126.8346576057547,37.25840869334913],[126.83444604844078,37.257895535406234],[126.83366003020132,37.257526794157656],[126.83339013448125,37.256736692646555],[126.83373608047943,37.25612210042907],[126.83395146194654,37.255459628320075],[126.83413873567976,37.25460079180936],[126.83290290542712,37.25433122831795],[126.83230363587842,37.25365411794661],[126.83230549845244,37.25330809674698],[126.83135093235741,37.25361217645112],[126.83064806115316,37.25369280771643],[126.83034624034468,37.253220715829755],[126.82980433981037,37.25276122808645],[126.82851823601939,37.2525659528376],[126.82758951864736,37.25187321237838],[126.82729945738336,37.25190707615957],[126.82692175231007,37.251428925053425],[126.82731982766796,37.25051625045853],[126.82728709756469,37.25039367887757],[126.82710769709108,37.2502310833316],[126.82703124161777,37.25007660495637],[126.82677331414777,37.249410811081134],[126.82635048207834,37.2485431393669],[126.82646299873781,37.24774191084414],[126.82663333649708,37.24759168428052],[126.82670308693527,37.2471781334852],[126.82679463475061,37.246913286711155],[126.82669093081647,37.24664229025527],[126.8266756981714,37.24618014785406],[126.82661348442491,37.24610267513516],[126.82647075889314,37.24543215793061],[126.82654269021707,37.24528611760222],[126.82664534131172,37.244715712472676],[126.82685068636417,37.24445172588318],[126.82696323517764,37.2441933700444],[126.82703774643281,37.243561551420925],[126.82715958461962,37.243385139070696],[126.82734596681019,37.24328048076],[126.82727214680787,37.243066421953756],[126.82649550496116,37.242290588504964],[126.8261551185146,37.2421629915761],[126.8261472532677,37.24174725255331],[126.82624980138675,37.24116195120385],[126.82596564181868,37.240885702572285],[126.82584807357928,37.24019722895125],[126.82556116283399,37.23968313189125],[126.82545221465654,37.23897319854142],[126.8251049364526,37.23870122297068],[126.82480089768555,37.23838275696148],[126.82454338325455,37.238178844069544],[126.82410662648526,37.237341199221625],[126.82373351873031,37.23672687054288],[126.82431017166687,37.23628718120095],[126.8246683336248,37.23613286016907],[126.82524794729247,37.23577612983448],[126.82520260664718,37.23513942929866],[126.8268021882798,37.23526369992026],[126.82711101887853,37.23412946093369],[126.82714118723571,37.233570299814666],[126.82720054950954,37.23325559350456],[126.82741041778002,37.23273189995711],[126.82775225435623,37.23216671921867],[126.8280193037086,37.2321107991564],[126.82807738023575,37.23158997978787],[126.82808607781641,37.23087310393885],[126.82821201363063,37.23039433739052],[126.8289321487196,37.230161974551855],[126.82930366335044,37.22992684554736],[126.82976273442567,37.23021774953356],[126.83009348024794,37.23035798216914],[126.83035316298205,37.230430894059296],[126.83087018753568,37.23031775570555],[126.83119954224857,37.230425997926716],[126.8317723535636,37.23052905828169],[126.83234818897161,37.230485404591505],[126.83315427272366,37.230546813913996],[126.83387059306224,37.23051742859701],[126.83432058563888,37.230613245487945],[126.83520275939475,37.230581835004585],[126.83535147553901,37.23148561097113],[126.83559130115117,37.23219551432321],[126.83686273658441,37.23234794725724],[126.83714282663139,37.23221148908606],[126.83720920922936,37.232129642828895],[126.83850730749529,37.232168618820346],[126.8391797077182,37.232257402009076],[126.83953791608369,37.23181329913201],[126.83977945946233,37.23117445643157],[126.84007342078988,37.23079783437261],[126.84007623164699,37.23022990686415],[126.84038998081145,37.23006984654359],[126.84056985959371,37.22984849267773],[126.84072331969756,37.229802803458306],[126.84114615245679,37.22959051354409],[126.84212583630932,37.22923650664804],[126.84327255027098,37.22893817759609],[126.84436382675977,37.228979628559685],[126.84477267561506,37.22905253719151],[126.84506351406513,37.22922778053428],[126.84517622757141,37.229213287728406],[126.8459442868951,37.228933303306626],[126.84629215990508,37.228605165202744],[126.84659183872415,37.22842901347473],[126.84664133208678,37.22824718687195],[126.84700413004865,37.22802240701504],[126.84703223022473,37.22771693978522],[126.8486477374116,37.22722884759439],[126.84915909067334,37.22761553188093],[126.84942387849908,37.2278819587708],[126.84961089878566,37.228207699558475],[126.85004436201159,37.228211638914715],[126.85039871426667,37.228159159554814],[126.85073878453078,37.22828856266244],[126.85058982469394,37.227417179663746],[126.85022899316495,37.227019133345635],[126.85015557100944,37.2267569006744],[126.849922173347,37.226297910933354],[126.85000683292478,37.22587059746759],[126.85018743474849,37.22545015414923],[126.85035762008395,37.22522173756798],[126.85047209535499,37.22441180096235],[126.8506465891841,37.223876755709895],[126.8503421567032,37.22354495535094],[126.85022151704858,37.22313144909582],[126.85014774038437,37.223046882565775],[126.85013481648444,37.2224603815205],[126.85021336155681,37.22222327466671],[126.85011845139735,37.22214737468655],[126.85015076489921,37.2216228670145],[126.85008672898604,37.22121958689996],[126.85005236632689,37.221122806903054],[126.84973451391569,37.22094026445795],[126.84905160544422,37.22073982480644],[126.8488308196563,37.22057594715957],[126.84891624543044,37.22011793272741],[126.8498025693809,37.21963691095912],[126.85065685309657,37.21973398343428],[126.85108654156734,37.219663010048265],[126.852048554107,37.22004915237431],[126.8529359578806,37.220187526789196],[126.85328825207567,37.218632663531345],[126.85367946817766,37.218222740670775],[126.85410871097189,37.21812804735701],[126.85454228714521,37.21822750850376],[126.85454924933622,37.21781473056322],[126.8546182459229,37.21743109116823],[126.85474332806136,37.217308884042964],[126.85464762691694,37.21697899369198],[126.8545340717189,37.21629335993467],[126.85432515533365,37.21572620298468],[126.8545029928941,37.21572503034499],[126.85544820573261,37.215392204880075],[126.85591079424412,37.215317707531476],[126.85629403077438,37.21456379515091],[126.85759784016928,37.213827448473744],[126.85914870142288,37.214124726112814],[126.86025991269912,37.213711757901294],[126.86109049048243,37.21387921807931],[126.86192463961169,37.21226447332592],[126.86248404983773,37.211937199773025],[126.8629642499372,37.21171467806161],[126.86347482877446,37.21158215379412],[126.86421302643129,37.211989892812234],[126.86490563064122,37.21173503178234],[126.865573422297,37.21164568475214],[126.86542216051238,37.21094071745596],[126.86553052516409,37.21026259882855],[126.86543807849498,37.21002104045772],[126.86689967293509,37.209459408594775],[126.86648681995663,37.208824539997366],[126.8663860236413,37.20840065894893],[126.86614737767289,37.208086714197776],[126.86611719040427,37.20706821953967],[126.86585971932507,37.20665738996426],[126.86541047364128,37.2062961773624],[126.86567623621458,37.205709343794325],[126.8658228022618,37.20508022527911],[126.86590065058759,37.20451509704556],[126.86515481045481,37.20408768043791],[126.86474569314244,37.20334330659108],[126.86504913317418,37.20301411675924],[126.86466395069381,37.202949727967],[126.8636616757737,37.20223805325975],[126.86356761531353,37.20189921469872],[126.86344368723054,37.201621712202765],[126.86308185770768,37.20122032325907],[126.86277750244889,37.20067793661738],[126.86261763102335,37.20020959848208],[126.86232469674516,37.20005185197669],[126.86233695436303,37.19979873569881],[126.8624789321805,37.19954323090018],[126.8622441973217,37.19941821483586],[126.86211789103272,37.19930992281778],[126.86210739759501,37.19889127673538],[126.86228496858381,37.19797891638489],[126.86249377144952,37.197107572609106],[126.86278963477058,37.196410051079894],[126.86267476122954,37.19649483129777],[126.86264108640601,37.19644399997092],[126.86270921531383,37.19642138234857],[126.86281218887467,37.19631478376446],[126.86283700626065,37.19622048228791],[126.86300413974713,37.19614239499346],[126.86304373976726,37.196020232019805],[126.86312127140235,37.19596115135009],[126.86281773753828,37.19573819360311],[126.86178054548783,37.1953580858354],[126.86135631701195,37.195308125991644],[126.86108047473088,37.19520767526974],[126.86056303341154,37.19513321988191],[126.86043060391722,37.19474950594094],[126.86057360265508,37.19403390378682],[126.86010326329252,37.19361943030776],[126.8596860263222,37.1931374317133],[126.8597967480884,37.192747862188696],[126.85970470406086,37.19246645460415],[126.8597205605334,37.192365105890836],[126.85990325668587,37.19197224336682],[126.86054885564803,37.19125387052378],[126.86058021444735,37.19038524676236],[126.86103823251544,37.189841216519525],[126.86076719808942,37.189570301356326],[126.86049390454103,37.18944301973357],[126.86024052420659,37.18924286579528],[126.86021062372599,37.1888370620827],[126.85990897662391,37.188480329453775],[126.85885073490803,37.18833466711582],[126.85860570448143,37.188148459788906],[126.85819102074579,37.18814168744776],[126.85777619055806,37.187891153411925],[126.85759629627641,37.18750738698052],[126.85738130982193,37.187160186904755],[126.85732177184853,37.18630447240491],[126.85756787942238,37.185633392787835],[126.85707104193939,37.185585763105244],[126.8567046451601,37.185146334541805],[126.85663541068091,37.18482046770408],[126.8569409789678,37.184599580652375],[126.857449082652,37.18434475247843],[126.85770542051574,37.184088545065485],[126.85761672984523,37.183628624541434],[126.85766862835251,37.18355454008969],[126.85803711562453,37.183424064465335],[126.85802557034579,37.18333556805826],[126.858097095707,37.18316714047337],[126.85805732779072,37.182626726377485],[126.85886410023178,37.18212551025786],[126.86002806512606,37.181867882130376],[126.86111645126367,37.18152267876105],[126.86088538174674,37.18069063024517],[126.86082373402276,37.180341122732194],[126.8605599570949,37.18016453667098],[126.86006351494676,37.17945211853316],[126.85971207552323,37.178546992988785],[126.8598720880559,37.17812679174454],[126.86062570285513,37.17697828626894],[126.86085192769684,37.17680820323988],[126.86125391971218,37.17692834820454],[126.86164243118624,37.17681787002739],[126.86314172453302,37.17688495656015],[126.86328521246844,37.17692517498414],[126.86359339908046,37.17667880063869],[126.86360688999721,37.17661011164088],[126.86355984480855,37.17645462552443],[126.86360587821453,37.176392452574916],[126.86388922571257,37.17615597756498],[126.86421911923586,37.176064003323454],[126.86460409707985,37.17527349058656],[126.86507476346245,37.17506848688004],[126.86533620330167,37.175169028455855],[126.86606988792896,37.17516311197392],[126.86636173177371,37.1752895918805],[126.86675080317195,37.1756476335361],[126.8668300170879,37.17562379146715],[126.86751879578046,37.1758495551687],[126.8682035733628,37.17594493767279],[126.86835367684486,37.175827970088946],[126.8685427133441,37.175386389982286],[126.86885102042449,37.17494803312548],[126.86910754041375,37.17474783649813],[126.8692661397794,37.1747097194421],[126.86951352487351,37.17469732598481],[126.87015603210236,37.174814608475536],[126.87032304677115,37.17479311468285],[126.87074662894955,37.17504362297713],[126.87121421821936,37.17518408036766],[126.87117705702398,37.175205159804],[126.8712328817618,37.17548229311343],[126.87134572163842,37.175653336811294],[126.87141984792906,37.17592908513692],[126.87142203460698,37.176190950301496],[126.87147363520656,37.176266469633],[126.87157101517896,37.176318954441314],[126.87163150870545,37.17644291504232],[126.87156689051437,37.17646592824653],[126.8715719941905,37.17694400285535],[126.87166976308924,37.177013427829465],[126.87259012282273,37.177231251747756],[126.8727884485343,37.17731481420148],[126.8729250604045,37.17747573689049],[126.87341680237142,37.17790388938641],[126.87347123426882,37.17680959395714],[126.87355384495135,37.17258067690496],[126.87363049074625,37.17188610609435],[126.87377688130813,37.16717377897549],[126.87395477870429,37.16610650660295],[126.87469002645648,37.162794531324785],[126.87505732518736,37.16132480657327],[126.87644689296368,37.15787271716607],[126.87665280697205,37.15725046107933],[126.87629396291007,37.15694252356612],[126.87626483821651,37.15686447416078],[126.87628283998383,37.15650886700141],[126.87625675072508,37.156437593109],[126.87617452470151,37.15637725348008],[126.8761926609329,37.156152009722845],[126.87606566143079,37.15594293964467],[126.8758999622074,37.155835484479866],[126.875677320045,37.15559929105677],[126.8755946239026,37.1554020978144],[126.87558876517377,37.15511375485109],[126.87553159014875,37.15501823671381],[126.87532832222556,37.154866248821506],[126.87524390911435,37.15464624772061],[126.87495441091397,37.15431986586053],[126.8742657515774,37.15328686677794],[126.87418961957218,37.1530654589942],[126.87424849238872,37.15277690702376],[126.87410381068085,37.1527345190121],[126.87396922572849,37.15275239534542],[126.87381062407256,37.152820930500205],[126.87366322390929,37.152929455546484],[126.8738270018874,37.153438167589776],[126.87375021543134,37.15350003178569],[126.8733456122137,37.15352775277593],[126.87298572983671,37.15343105892153],[126.87252997218931,37.15344661207127],[126.87239377331976,37.15337354104966],[126.8720508069694,37.153055546390426],[126.87199321221543,37.15309771681081],[126.8713069477042,37.152759638963445],[126.8711743476788,37.15274175126533],[126.87121990293757,37.15264465765298],[126.8701316581735,37.15193753768438],[126.87013185304241,37.15182490556841],[126.86998155185137,37.15177968785215],[126.86972849121445,37.151550764538214],[126.86962586108416,37.15149911834217],[126.86923413542242,37.1511126354027],[126.86926387286314,37.15090120954019],[126.86917902093442,37.15084282642244],[126.86908291736721,37.15078808911456],[126.86866027563347,37.15067780408469],[126.86853622120991,37.15061064579741],[126.867841776058,37.150041642364094],[126.8669513518553,37.14969851410411],[126.86663578488701,37.1495216041566],[126.86651765740332,37.14928916916618],[126.86629781551517,37.148980876332594],[126.86611979229474,37.14821195843844],[126.86625810257722,37.14787506979275],[126.86670101583438,37.1474543325467],[126.86677555388515,37.14726998032629],[126.8673556362493,37.146742837202154],[126.8677752924562,37.14643104395165],[126.86817848270303,37.146181176922454],[126.86825650585098,37.146022453735384],[126.86845814656137,37.1457715109443],[126.86853783156542,37.1458005341746],[126.86866277197906,37.14572962593756],[126.86912420458437,37.14536380154414],[126.86924865147243,37.14520091197049],[126.8685348088807,37.14488445775049],[126.86825683546401,37.14484078652118],[126.8677373950841,37.14469237478116],[126.8673680970881,37.14467731449831],[126.86706975996151,37.144411726332734],[126.86674187889301,37.14424860515074],[126.86671333161412,37.14397684225583],[126.86679923076399,37.14383952899664],[126.86671028311994,37.1437166596052],[126.86598139671771,37.144654049991736],[126.86564926722991,37.14489667357459],[126.86523391421241,37.14496152347529],[126.86426424459984,37.14501474731167],[126.86390691990002,37.14488903262467],[126.86315787118669,37.14518522975375],[126.8627192267201,37.144812464170165],[126.86250046768338,37.144795881601596],[126.86235305042878,37.14481664572064],[126.86238122043038,37.14488562210691],[126.8620521281267,37.14494515461887],[126.86164319378257,37.14492629997696],[126.86127532277142,37.144870757592486],[126.86105272447662,37.14469728436725],[126.8604482598113,37.14405230575985],[126.86028903694593,37.14373850434682],[126.86025108941122,37.14343141627765],[126.86025956502793,37.14197265889384],[126.86028688307043,37.14175418583316],[126.85989538513226,37.14157547242758],[126.85970356664683,37.14145839427087],[126.85958512906285,37.14133035755574],[126.85945828426762,37.14130568758053],[126.85814567440282,37.140560242960355],[126.85793158641835,37.14060363932691],[126.85646664332761,37.1411150697143],[126.85630903195626,37.141128726250834],[126.85468189021398,37.14082517581468],[126.85384348327017,37.14010566122328],[126.85364852138726,37.1395623264],[126.85358561293818,37.13929916792196],[126.85360121781989,37.13918071577568],[126.85367640409858,37.13905773457115],[126.85467179631036,37.13809280059382],[126.85477007687403,37.13794984343646],[126.85476292595725,37.137672904506275],[126.85458911764246,37.13712037006043],[126.85464081182926,37.137056162602065],[126.85454664598883,37.13686919412669],[126.85423619396356,37.1368308745202],[126.85159572091497,37.13683724318035],[126.8502345577151,37.1367702223953],[126.84985670017724,37.13673960932619],[126.84871033794967,37.13647903916563],[126.84848683829217,37.136533696788696],[126.84841654253766,37.13657850677543],[126.8476741347419,37.137251270955126],[126.84729091869374,37.13775930945537],[126.84724537426732,37.138101147374236],[126.84783337342307,37.13836622612875],[126.84789709655469,37.1390801315694],[126.84786232731233,37.1400211470957],[126.84779459826221,37.14068186342586],[126.84721349708886,37.141270535262066],[126.84667835262145,37.14160336261442],[126.8458921709892,37.142642155368364],[126.84573136495358,37.14275547611878],[126.84545289268715,37.14288432713557],[126.8442378604032,37.143238138082516],[126.84247018915363,37.14380855516061],[126.84197398482185,37.144455125709534],[126.84043114577464,37.14551064113631],[126.839906740111,37.14596230899453],[126.83984447633587,37.146082937979465],[126.83984754033983,37.146234496668974],[126.84007862236871,37.14745787382584],[126.8399577689044,37.14749938828668],[126.83960113948027,37.14778183872014],[126.83956718958214,37.14792082616291],[126.83958528738204,37.1484655407418],[126.83951942179431,37.148578444355714],[126.8394031602526,37.14867785568367],[126.83891401884253,37.14891254666046],[126.83799278218692,37.149180166968506],[126.83721807142955,37.149514299341746],[126.83636865232916,37.14977551977799],[126.83508889678346,37.15023941133145],[126.83497435869712,37.15026502218436],[126.83411972584477,37.150277525256435],[126.8337824188665,37.150406624907255],[126.8336362909463,37.15051679954798],[126.83341824940119,37.15041386274142],[126.83230767684286,37.15010377424868],[126.83155916380386,37.14997728552356],[126.82954660092457,37.14987366995342],[126.82847796896891,37.14989267244302],[126.82797981990366,37.149862575998235],[126.82698045372334,37.14966829484909],[126.82614874226626,37.1494546983356],[126.82516351551259,37.14938062380824],[126.82449102977851,37.14939062283157],[126.82438022424424,37.1493588315489],[126.82418865244888,37.149206809288664],[126.82411651747448,37.14919949379928],[126.82403741758124,37.14923370672359],[126.82395357650292,37.1493708134331],[126.82382977612926,37.14945767173614],[126.82306289458712,37.14963962447608],[126.82166122973017,37.15016680543831],[126.82077231610148,37.150394423509255],[126.82012078460217,37.150440832162765],[126.81821823513044,37.150410331858026],[126.81386317581823,37.14974873737411],[126.81125682996647,37.14931204994564],[126.80604271705243,37.14870257400774],[126.8045190924607,37.152339413736904],[126.80434009655445,37.15224901080033],[126.80415722937694,37.15222730685181],[126.80404664215976,37.15214490254599],[126.8041386036202,37.15208677593487],[126.80413088033224,37.152012984558645],[126.80401856055484,37.15198266571109],[126.80388239134729,37.15199792785305],[126.80384517492368,37.15203756687241],[126.80369662399123,37.152074208430804],[126.80364581007825,37.15213522318544],[126.80361259868627,37.152327208799974],[126.80342795190741,37.15251724754427],[126.80350646611478,37.152556799011975],[126.80348206353057,37.15260800170526],[126.80329426611421,37.15271891313172],[126.80323455468023,37.15282046053064],[126.80308074386339,37.152853154955565],[126.80265409951608,37.152829913483714],[126.80256462586465,37.15287340089058],[126.80241933237252,37.153011415250845],[126.80222305412593,37.15300714665631],[126.80210812847129,37.15303482273359],[126.80189366539965,37.15318680266119],[126.80187542133852,37.15323716831625],[126.80191481141304,37.15337295865709],[126.8016480877797,37.15346684068959],[126.80130176985502,37.15332884571601],[126.80116460663776,37.153318476984715],[126.80073546857919,37.1534374203144],[126.8006362700866,37.153502010696876],[126.80051840204709,37.15370821401243],[126.80028542398347,37.15374751864652],[126.80002996306612,37.15383803703978],[126.79983050268683,37.15376842523674],[126.79940616548234,37.153735318399136],[126.7993172731512,37.15376304663498],[126.79930810028212,37.153703615372805],[126.79909736570913,37.153514034470355],[126.79868647546364,37.153251747649925],[126.79840346165072,37.15299108622945],[126.79826520780303,37.15292636950567],[126.79821108178143,37.15291022952984],[126.79795929675167,37.152940207673225],[126.79788746820981,37.15296457414943],[126.7977848495893,37.153061549335035],[126.79770322791063,37.15299692135816],[126.7974140609251,37.15300037047073],[126.79716608869775,37.152726248315794],[126.79660433537802,37.15238372711297],[126.7963034410189,37.152299011934545],[126.79609229882132,37.152198404402625],[126.7958520280368,37.152200239831984],[126.79574432997633,37.15215612771779],[126.7955429967463,37.15194149824993],[126.79505760116763,37.151793108121566],[126.7948226468647,37.15178171412102],[126.79492466698255,37.15145526086355],[126.7949219312175,37.15135951874257],[126.79472298517885,37.15104380411574],[126.79454826571649,37.15093762708665],[126.79438499211575,37.150894821230075],[126.79341686925282,37.15078640386828],[126.7919904092893,37.15067070190322],[126.79119004423617,37.150372014850696],[126.79148607760783,37.148595140539086],[126.7914507229779,37.14859450886836],[126.79131540825277,37.149319335920055],[126.79126406493918,37.149377534953274],[126.79129625092885,37.14944094502076],[126.79123300625031,37.14979674793733],[126.79085233080814,37.149753550480966],[126.79022040885886,37.149872661872585],[126.79026407757688,37.149980307448935],[126.78956765583857,37.150332159779204],[126.78952144187623,37.15056804313904],[126.78899483750493,37.150884999990126],[126.78887352276713,37.15092983503868],[126.7887175166138,37.15105485452485],[126.78859177386002,37.151048440039425],[126.78824730888874,37.15082762102907],[126.7879088468438,37.15085066501484],[126.78703835601989,37.15098734980393],[126.78703623267883,37.15093046221558],[126.78668209695476,37.15089462645411],[126.78652966784009,37.15093602413164],[126.78645314929462,37.150997552877406],[126.78644571774645,37.151078355351444],[126.78638723793047,37.15110668554666],[126.7861879807544,37.15103987145469],[126.78494623317468,37.15122204434677],[126.7844629980097,37.15124790454082],[126.78426551375887,37.15129766747717],[126.78425909783056,37.151325246182786],[126.78383563682792,37.1513624848365],[126.78354016888669,37.15141825808267],[126.78352742556025,37.151446113530184],[126.78346005046278,37.15139584479921],[126.78312963850331,37.15135865413735],[126.78282091289248,37.15143608077558],[126.78270284266328,37.151513856304994],[126.78271431408092,37.15154901858041],[126.7824976863392,37.15163980466077],[126.78230225915671,37.151845288852996],[126.78182664242856,37.152077204301676],[126.78175400721054,37.15204859535602],[126.78155572350367,37.15212057417176],[126.78159835478696,37.15218196068467],[126.78176489696123,37.15215990501331],[126.78206437835374,37.152364736603715],[126.78234865493295,37.15277946605579],[126.78291270768358,37.152849772022954],[126.78311311021523,37.15294897770033],[126.78337401836303,37.15292721135894],[126.78346952557654,37.15286318734858],[126.78364121530663,37.15285618610667],[126.78381548012058,37.15281060783848],[126.78417101623941,37.152850680673254],[126.78447472854695,37.153051441087094],[126.78422285432407,37.1532993268105],[126.78417673536292,37.15343271465301],[126.78429113393621,37.15359229291547],[126.7844311709243,37.153707154976935],[126.78463888958534,37.15370978704653],[126.78481849839014,37.15364196991855],[126.78490711177137,37.15389893028197],[126.78505821614648,37.154140237217376],[126.78515395901609,37.15424600750726],[126.7855751125956,37.154531452006296],[126.78580273348302,37.15458620995967],[126.78587582953774,37.15455339939313],[126.78586558257118,37.15463025006417],[126.78596259152386,37.15460058408524],[126.78632021457355,37.15465050279692],[126.78673746939013,37.15463661756504],[126.7869593760003,37.15466292384971],[126.7874372704326,37.15460522040535],[126.787603320611,37.15466296229405],[126.78787521234925,37.154616715005574],[126.78803885877701,37.15452830951986],[126.78791423855169,37.1547491231124],[126.78874499843278,37.15511920946661],[126.78894153917474,37.15509956697529],[126.78911770931091,37.154812106348274],[126.7890666140248,37.15477907097099],[126.7892595994641,37.15476646969134],[126.78930375016972,37.154830748510804],[126.78977471239628,37.154671933713146],[126.79058926470036,37.15448388521066],[126.79131153808743,37.154337333538244],[126.79134422483698,37.15435119528564],[126.78989776133706,37.15469721211197],[126.78938137739524,37.154871713386335],[126.78930578184762,37.15485721617117],[126.78913637904107,37.15492702255013],[126.78909519066225,37.15500241279708],[126.78944283093551,37.155226612019206],[126.78961309759323,37.15541641570433],[126.7897958786388,37.15528017941869],[126.7900284635112,37.1556407352033],[126.79014291267137,37.155727378114904],[126.7903307139992,37.156000568586855],[126.79034280388204,37.156077459146005],[126.7909198387399,37.15642594770565],[126.79116706984163,37.15645651854522],[126.79158954811192,37.156274526067065],[126.79166616119201,37.15634144710743],[126.79132682302625,37.15639616060047],[126.791280837207,37.15650952990132],[126.79164321008994,37.15662175801307],[126.7921436464779,37.15670553037381],[126.79214644908458,37.156542058332974],[126.7920830455561,37.15640751843359],[126.79211045248982,37.15637653591135],[126.79210000482676,37.156149002499234],[126.79229768940755,37.15653905444532],[126.79228912156883,37.156711364765236],[126.79241020907868,37.15681322695181],[126.7929026878984,37.157019361913335],[126.79320413910324,37.1570373543769],[126.79360292913948,37.156896978273544],[126.79357397904381,37.15687046381187],[126.79355577431318,37.156389775888634],[126.79360333986092,37.15642618034016],[126.79364017777829,37.1568483319997],[126.79374876929373,37.15702056883361],[126.7937233676249,37.15710837767114],[126.79461004197064,37.15731801668896],[126.79498982787078,37.157570406109805],[126.7953859718742,37.1578861830604],[126.79518236963723,37.15824033773417],[126.79519725009118,37.158266268830495],[126.79572267300479,37.158851449625665],[126.79620150716096,37.15916652110398],[126.79573764907222,37.15968551323133],[126.79579641619306,37.16007137300543],[126.79633866292937,37.16074951485451],[126.79678008347805,37.160723525649786],[126.79692428047821,37.161002253302314],[126.79740930712043,37.1615755353045],[126.7975205154304,37.161692583343616],[126.79792941853498,37.16198528114406],[126.79779034319405,37.16222551419626],[126.79781487226754,37.16225962498003],[126.79863093039413,37.1625890601173],[126.79880571441147,37.162485180471414],[126.79921226542214,37.162738446818366],[126.79950565515033,37.162820321517515],[126.80045193550049,37.162935976136254],[126.8006608101333,37.16291126388159],[126.80116291077098,37.16329224671652],[126.80140020171484,37.16343061611354],[126.80090474468106,37.16359872557498],[126.80064251157593,37.163776807349706],[126.80047409465475,37.163933925776114],[126.80040263113936,37.16414892893306],[126.80014092418499,37.164259422261985],[126.79973361588863,37.16428210263644],[126.79909421849725,37.16425933378356],[126.79855223626494,37.16418913334283],[126.79844117058403,37.16414614434022],[126.79802453770424,37.164107134717575],[126.79776616741842,37.164152310946],[126.7975388173952,37.164242024737405],[126.79746285857144,37.164357904081044],[126.79738565031154,37.16474606047417],[126.79693423162993,37.16481736506849],[126.79638347187195,37.164998316167136],[126.79650406850568,37.16548509157828],[126.79633964686465,37.16545862264547],[126.79610510737395,37.16547398421379],[126.79605703551273,37.1659469520824],[126.79590642993738,37.166149138359046],[126.79589815972228,37.16647547560849],[126.79596712510308,37.16679828755755],[126.79598282609597,37.16710776044562],[126.79611244570847,37.16738027344961],[126.7963647935145,37.16761104592423],[126.79604132416269,37.1682406516508],[126.7957882870649,37.168846445790855],[126.79581660071665,37.16917594555257],[126.79596340081945,37.16934204659747],[126.79610159704464,37.16943774403593],[126.79657757393183,37.16966467641293],[126.79747439068377,37.16988585548107],[126.79763723251091,37.16984558800184],[126.79802246796065,37.170129511690746],[126.79809429845106,37.17024001333095],[126.79804286710882,37.17026019942585],[126.79764713925177,37.170088599623796],[126.79753227243147,37.17008389634477],[126.79726677318139,37.16995841924525],[126.79690346136003,37.169967369940125],[126.79643207974642,37.17025179185795],[126.7963785945533,37.170381792471474],[126.79679949831034,37.170807976857695],[126.79671979776846,37.17094328492284],[126.79697960675138,37.17121770504687],[126.79726039420048,37.17141641962459],[126.79803459030666,37.171710023990784],[126.798592321104,37.17209702653159],[126.79884028806374,37.17213293306558],[126.79974181130864,37.17238479103545],[126.79994832471445,37.17239865927872],[126.80020025855508,37.17246469192061],[126.80016356885959,37.17263582862923],[126.79960357787176,37.172429887602604],[126.79882505953326,37.17223596083467],[126.79833826666156,37.17216389062263],[126.7983805430463,37.172013882895584],[126.79832358918863,37.17199322391046],[126.79835165809864,37.17195667263904],[126.79811125931774,37.17178928706445],[126.79773171564234,37.171613209877165],[126.79745775895044,37.17155698107009],[126.79724430760226,37.17157435420574],[126.79727701268634,37.1717101360327],[126.79733662535415,37.17178823329516],[126.79727945339692,37.17178616219343],[126.79721851421904,37.17161542519699],[126.79716513420034,37.17157647134862],[126.79725965737421,37.171493287344475],[126.79693568606642,37.17132490757045],[126.79667799661887,37.17111243850872],[126.79662043168052,37.17112275411641],[126.79656129162217,37.17119896112811],[126.79655268308198,37.1714557451522],[126.7963427373101,37.17147593577563],[126.79611279390365,37.171541430892646],[126.79591945347175,37.171666395141976],[126.79576881081148,37.1716821815907],[126.79552965767301,37.17157729728918],[126.7953284231636,37.171627073760284],[126.79528364946412,37.1716621898131],[126.79512569093069,37.17158589483927],[126.79493399076405,37.17155823967094],[126.7948360506515,37.17167070017691],[126.79439766340043,37.171721186948545],[126.79406033795117,37.17187095477523],[126.7937769005263,37.17206728281521],[126.7933043131889,37.17252317695712],[126.79312111986967,37.17279682649875],[126.79341436500953,37.17300486175128],[126.79354474666498,37.17319290477018],[126.79357084524358,37.17330050910399],[126.79326178956606,37.17302960892949],[126.79267606258367,37.173033126904556],[126.79227925331249,37.17318335319223],[126.79246934916027,37.173856382817135],[126.79252097937787,37.17467662541889],[126.79245661080608,37.17465040735436],[126.79234658808682,37.174988944287016],[126.79245151142932,37.17502939802077],[126.79257013682592,37.17495273861066],[126.79254781647145,37.17487948888669],[126.79264880386361,37.174943586424895],[126.7927034232473,37.17507543412446],[126.79256651966907,37.175190933145004],[126.79270333229698,37.17609870878704],[126.79305050158207,37.17660334717491],[126.79304448385456,37.17667851159112],[126.79432289876162,37.17719351104855],[126.79469803282781,37.177189661738495],[126.79486164935643,37.177127431794794],[126.79558670006594,37.17713714569641],[126.79563796643058,37.17711329492618],[126.7957398680875,37.17716528122606],[126.79597357827886,37.17721215481944],[126.79640716535515,37.17712476491103],[126.79650156044401,37.17722573696756],[126.79699594750177,37.17736230712668],[126.79758323923248,37.17769474285308],[126.79807400706397,37.17787297426258],[126.79846509633654,37.17795474032876],[126.7984632287901,37.17852211627107],[126.79738128745258,37.17833639128289],[126.79607796582977,37.1782347350012],[126.79533317623313,37.17823231556773],[126.79479769987967,37.17799936271703],[126.79455274628783,37.17794628608614],[126.7943530001055,37.17796395886137],[126.7942644132318,37.1781203613612],[126.7943831600376,37.17832161057497],[126.7947192281028,37.1787085200163],[126.7950125742072,37.1789517554792],[126.7951828855537,37.17902131578188],[126.795982353245,37.17975537225225],[126.7982159262398,37.18033110282064],[126.79835059312406,37.17991178717685],[126.79845617957055,37.17970810707066],[126.79845452779864,37.18032559980278],[126.79830774798204,37.18040701071434],[126.79817467413112,37.18036172964995],[126.79806946479007,37.18048656975482],[126.79741261205011,37.18042658450661],[126.79661367420506,37.180468293389694],[126.7964244980133,37.180543986786745],[126.79654888501531,37.181070188498715],[126.79643258763457,37.181129961056676],[126.79633713710123,37.181617486682015],[126.79632359729226,37.18193930698293],[126.79656983867598,37.18288470580888],[126.79667962057324,37.18308707251111],[126.79673951001278,37.183128848964635],[126.79719140280763,37.18305585050205],[126.79768006242458,37.18318002745095],[126.79844685023843,37.18319401210364],[126.79844630853992,37.18339618043541],[126.79701688847908,37.18343426782307],[126.79693298580888,37.18348622293602],[126.79693871973925,37.184295758465794],[126.79688421053167,37.184475873787214],[126.79690848937392,37.185261240500644],[126.79702711388688,37.1853853385105],[126.79699456210162,37.18544948093897],[126.79700986344058,37.1856477387262],[126.79708294981934,37.18581990008296],[126.79722863078959,37.18608821262002],[126.79743397638966,37.186353248041925],[126.79764900838408,37.186354186746996],[126.79775961431184,37.18631551500208],[126.79773602053424,37.186257194651624],[126.79781029678117,37.186251691650426],[126.79791510821622,37.18640363473493],[126.7979156036445,37.18635295137764],[126.79800175896811,37.18631030010158],[126.79798112388147,37.18705053536445],[126.7980250268607,37.1877716088603],[126.79795234512888,37.187807076502104],[126.79795378952211,37.18805374021644],[126.79789060508384,37.18825693325763],[126.79795522508977,37.18837473890876],[126.79803708983083,37.188425851006194],[126.79805487941921,37.18854948766533],[126.79814073842613,37.188685080136445],[126.7979949450283,37.18898020194167],[126.79833382725225,37.18946002180113],[126.79842852659326,37.189512561107044],[126.79842985282367,37.18954325319498],[126.79802156707599,37.189489338133704],[126.79775612681696,37.18958039075988],[126.79765835658651,37.189748610617826],[126.79768893992538,37.18996011991508],[126.79779560097592,37.190150937554115],[126.7979623391922,37.19031143984528],[126.79805876900673,37.190710038564134],[126.79804091982533,37.19086824905722],[126.79798612288992,37.19095853834025],[126.7980633075704,37.19105018975089],[126.79828043190685,37.191851365736],[126.79854082174376,37.192135353524826],[126.79873199498735,37.19211428027129],[126.79886672745099,37.19227163445936],[126.79893277165925,37.19225090704072],[126.79907880012782,37.192464028216165],[126.79938390287437,37.192682214070466],[126.79937869657692,37.19265347973106],[126.79957954573167,37.19263327028801],[126.7997989598713,37.19264490620554],[126.79978873978588,37.192582662314095],[126.79989554369989,37.19259213439696],[126.80009364308634,37.192478435335794],[126.80015619675133,37.19251711488563],[126.8000720414716,37.19259693942874],[126.79984030117181,37.19271846582193],[126.79969480660229,37.19270217039513],[126.79926496030889,37.19273973216353],[126.79911179419122,37.19263049757689],[126.79884682160444,37.192277511562615],[126.79867121963304,37.19233352721121],[126.79892346683674,37.193297228323665],[126.79915780021386,37.19339111169382],[126.79944694848253,37.19404908790119],[126.7999375406963,37.19440217796843],[126.80012828085229,37.19467816753871],[126.80015531692021,37.195232067702406],[126.80024702323396,37.19555857227387],[126.80046219806825,37.19584642604621],[126.80056112187225,37.19590657558881],[126.80058139012883,37.196096387279326],[126.79964489342123,37.196114790720415],[126.79957829998328,37.19561262323994],[126.79958833901013,37.19527728160695],[126.79955312336953,37.195022397549465],[126.79936848879677,37.19476781737732],[126.79885834097237,37.1943564117796],[126.79790758088608,37.19287819583374],[126.79779502147738,37.19265584051867],[126.79725027938554,37.19092151863666],[126.79718638419105,37.19092647138502],[126.79718996413351,37.19083947375464],[126.79712016877635,37.190684769810616],[126.79664180843562,37.190703929630054],[126.79630165640759,37.190765854864004],[126.79535695055633,37.19084953484595],[126.79492663099113,37.190997736441794],[126.79491164839139,37.19094562070627],[126.79460077930815,37.19091184778179],[126.79450567851363,37.190874793813194],[126.79416270846852,37.190871104238305],[126.7943609178236,37.19065688457968],[126.79447904571704,37.19031666677332],[126.79517578876779,37.1891988929971],[126.79605424327328,37.18855364041674],[126.79608438138213,37.18834082052455],[126.79637600997144,37.18747744907295],[126.79638981569849,37.18731951112107],[126.79549336501134,37.18610970817989],[126.79253293504587,37.18699177358376],[126.79150860726367,37.18712258878553],[126.79128713173486,37.18766986019689],[126.79105225527975,37.18765142156519],[126.79082006300227,37.18742912594861],[126.7907423233914,37.187415752216275],[126.79056372870868,37.18747259580242],[126.79053270576192,37.18736582213794],[126.79472849222874,37.18570037271425],[126.79471267875387,37.1814958416495],[126.78875664877069,37.17378734148739],[126.78795927081832,37.17382286956354],[126.78512479716184,37.1748854406511],[126.78367653212948,37.17571680489665],[126.78359186637313,37.17568552789993],[126.78384132580915,37.17520706225069],[126.78411606226383,37.17499187420757],[126.78423860804732,37.17496028299192],[126.78434585312095,37.174801948576295],[126.78460565429447,37.17463798415276],[126.78579303379333,37.174283677734294],[126.78614650049084,37.17409763396859],[126.7862430182745,37.173995315005854],[126.7862575407629,37.173901289165116],[126.78607179283108,37.173513223127536],[126.78615536496757,37.17345340160441],[126.78623331277889,37.173201248846794],[126.7862600871287,37.17288057946831],[126.7862474914419,37.17266881077229],[126.78618362184436,37.17260674805471],[126.78612050470383,37.172592557878716]]],[[[126.62125764633736,37.17912713863956],[126.62235759196335,37.179243127457646],[126.62267831794426,37.17914492922181],[126.62301459279244,37.17990906977997],[126.6230901996964,37.17988811041032],[126.62273373834613,37.17912795871325],[126.62287092455267,37.17908595958698],[126.62257987739187,37.17842107808609],[126.62263902647113,37.17830638441348],[126.6229682210139,37.17905827540625],[126.62372254171513,37.1788467477803],[126.62325526239842,37.17773139764749],[126.6230589066451,37.17748410892023],[126.62310271499024,37.1773789443546],[126.62322475464318,37.17725121396439],[126.62342426603824,37.17714767238407],[126.62407950127724,37.176896902061245],[126.62494159785322,37.1764432123627],[126.6260820275029,37.17602531427325],[126.62652808481677,37.17576767623313],[126.62680141636565,37.175676741998835],[126.6271021037323,37.17560448369539],[126.62780751393274,37.17551998440894],[126.62972756479107,37.17534215663142],[126.63012763759262,37.175237258746],[126.63115980843124,37.175072102178376],[126.63239239934005,37.17500949620689],[126.63245768481781,37.17486384744979],[126.63122274967377,37.17414337786238],[126.6309056964893,37.17382138956674],[126.63063442306728,37.17345674500627],[126.62906405140346,37.16943541674939],[126.62882013717032,37.16902073697615],[126.62725225795572,37.167241864837436],[126.6261875855412,37.16627775931585],[126.62353389872202,37.16400263106489],[126.62325418236473,37.16382885367515],[126.62227786789893,37.16344081638812],[126.62187858639572,37.16318612035263],[126.6215539465976,37.16291927188442],[126.62117295666616,37.16245738985109],[126.62088385691908,37.161945118171346],[126.6199227357676,37.15966125768692],[126.61986911519313,37.15961828570765],[126.61911653060906,37.159466878522956],[126.6188238112671,37.159628052089836],[126.61864296074093,37.16005183000966],[126.61862111022498,37.1604195278962],[126.6183245267264,37.161789445939476],[126.61790419714444,37.16402954421819],[126.6176643677171,37.16564354747729],[126.61742821141645,37.167682010024215],[126.61724212040251,37.170064560670376],[126.61711823238063,37.17240294060565],[126.61694125844971,37.173208609792916],[126.61718520665758,37.17340319608894],[126.61718857720679,37.17350287938199],[126.61743840100323,37.17371205592055],[126.61772368984113,37.174458314719644],[126.61785964267023,37.17523421875791],[126.61895167110491,37.17625451297027],[126.61948998050549,37.17731722747784],[126.62019486508636,37.17783338117882],[126.62069618472414,37.17838603489382],[126.62125764633736,37.17912713863956]]],[[[126.6800756512741,37.276854661015264],[126.67940032381527,37.276076814524856],[126.67892073453652,37.27546618693689],[126.67847493322279,37.27548495655502],[126.67761616124969,37.27559017412629],[126.67704031597015,37.275288726950244],[126.67668503051381,37.27515034546365],[126.67608093680295,37.275192044732975],[126.6750755740128,37.274564186389014],[126.67465124595908,37.27454865303798],[126.67408680368962,37.27438322349329],[126.67352264166267,37.27435660393718],[126.67332339234831,37.27439800473819],[126.67226782188843,37.27483441639195],[126.67102194671136,37.274339793059816],[126.67066518302728,37.27426788590859],[126.67030251116795,37.27425768043324],[126.66984473036625,37.27413322930958],[126.66945627026216,37.274167550630665],[126.66940576097966,37.27462945572533],[126.66850981394597,37.27527685166903],[126.66815792508295,37.27489175216164],[126.66802316549133,37.275101043705945],[126.66784039798534,37.27497303257435],[126.66771448305,37.27524767191447],[126.66810002280715,37.275518885969696],[126.66835187897749,37.275883610498035],[126.66870243988608,37.27600902880936],[126.66901991902753,37.276246981324476],[126.66945415654801,37.27606105659184],[126.67114711875391,37.277457793334726],[126.67205345871416,37.278384323759454],[126.67197393547299,37.278960220413474],[126.67287028289009,37.279416920236116],[126.67390601485153,37.28024757575954],[126.67435070133978,37.28053150169326],[126.67519054256299,37.280990533308525],[126.67578530204523,37.28141030199923],[126.67733471942722,37.28181523331599],[126.67789403321932,37.28208425242993],[126.67880447484815,37.28227285505791],[126.6795033824047,37.282529018056486],[126.67977113555628,37.28221128789108],[126.68043405858647,37.28189942168823],[126.68063605920663,37.28167020634661],[126.68118593388368,37.28142391277199],[126.68137750354845,37.28123357657376],[126.68499336152519,37.28123945881721],[126.68500071589645,37.28109603527592],[126.681507353372,37.28108562092487],[126.68230331670112,37.279922213990666],[126.6823465503928,37.27932342575794],[126.6820094566024,37.278710942428965],[126.68148652860896,37.27846540620657],[126.68112243708252,37.2779071963474],[126.68113978962194,37.27780362571606],[126.6808437127898,37.277575593689036],[126.6800756512741,37.276854661015264]]],[[[126.74278854289136,37.28859386541176],[126.74180990013927,37.28730382265443],[126.74290365452066,37.28733549964422],[126.74393536139256,37.287218074815065],[126.7444770049204,37.287528980106494],[126.74519339542854,37.28749027514063],[126.74538461535577,37.287428176332],[126.74502515133813,37.2866539187957],[126.74512631630404,37.28617856607635],[126.74552756780092,37.28600823966475],[126.74534352091581,37.28561871324208],[126.74508488114765,37.285614774040496],[126.7451922961945,37.28511464712251],[126.7452749157329,37.28491266297137],[126.74521823032849,37.28479287430455],[126.74507995711629,37.28472837594351],[126.74528233333403,37.284388108022945],[126.74592983415745,37.28433939292987],[126.74618669018953,37.28361940289682],[126.74582324948555,37.283136566542396],[126.74387900351566,37.28353866227873],[126.74325021965822,37.283268947933536],[126.74231552241758,37.2833190022175],[126.74216774369565,37.28330346912344],[126.7414535549056,37.283071013479464],[126.74142759920889,37.28288371412749],[126.74123355294446,37.28238715397275],[126.74060374976564,37.282109827577834],[126.73992437191835,37.28230965375748],[126.73953526592786,37.28314534422544],[126.73940392080058,37.28325191810031],[126.73885846577548,37.28353912976575],[126.73860526529722,37.283719094502835],[126.73818752768172,37.283764064696605],[126.73810014909664,37.28381202099721],[126.73791440820271,37.28382145642439],[126.73776070417551,37.283891232876904],[126.73644331811435,37.28378410394594],[126.73527036571723,37.28409204680404],[126.73546241274887,37.28529732584802],[126.73515476122591,37.285550886919566],[126.73645677002752,37.286028543536325],[126.73639721481581,37.28607768679484],[126.73645348214998,37.28616228423327],[126.73659435450055,37.286135847835176],[126.73666759219638,37.28620471660232],[126.73667117912323,37.28633649932665],[126.73659478172772,37.286367863809986],[126.73657340614899,37.28648213070279],[126.73664149787548,37.286560564242684],[126.73631509343812,37.28668625655233],[126.73660221149962,37.287413354356474],[126.73698603327135,37.2879508919109],[126.7374021394214,37.28832968502187],[126.73767103530098,37.28822554124421],[126.73847201901948,37.288592806312714],[126.73923730652943,37.28873529059448],[126.73944164385351,37.289059545837034],[126.74048516248618,37.29030531454749],[126.74093085848355,37.29105811682856],[126.74315366753461,37.29021254474992],[126.74278854289136,37.28859386541176]]],[[[126.53729284811503,37.11221466149785],[126.53733804973564,37.11238519177045],[126.53746381783894,37.112429899150406],[126.53801884521911,37.112336332942924],[126.53836648208018,37.11240892816058],[126.54013492108402,37.11180929864941],[126.54038732543194,37.11187335316273],[126.54056776827234,37.11177297548025],[126.54053052089924,37.11118940003853],[126.54067934921,37.11065018733924],[126.54100099001728,37.109758558638134],[126.5411399775377,37.10898390575446],[126.54105929365177,37.10828809931554],[126.54113496025853,37.107606125448875],[126.541020776064,37.107389999034346],[126.54099482408024,37.10674085196966],[126.54105375366277,37.10600785112738],[126.5411844786596,37.10518798663096],[126.54167805192908,37.105179071942196],[126.54167461576932,37.10486359988682],[126.54122215126358,37.10487106253665],[126.5413001498739,37.103722759692104],[126.54142380149122,37.10344439093294],[126.54163341148326,37.10276180957605],[126.54141965315696,37.10244477450736],[126.5409843215201,37.10229131216741],[126.54031838834153,37.100858584289924],[126.53937756452535,37.09821624447832],[126.53972800021977,37.09804669764645],[126.5397786638254,37.097837113217615],[126.53976027273677,37.097681897412194],[126.53944409404536,37.097562960837536],[126.53910171951897,37.09643390585892],[126.53942564833496,37.09484115174306],[126.53920288349791,37.09456658937811],[126.53843468503227,37.09444616671689],[126.53796327682133,37.09500129410804],[126.5382381923872,37.09514062535004],[126.5381469781205,37.09536946912252],[126.53825403552915,37.09582857772507],[126.53790107912293,37.09620986670064],[126.53814610530044,37.09646621761827],[126.53856856974969,37.096619353809274],[126.53909645277649,37.097907665653004],[126.53895171349807,37.09800988324397],[126.53913260089338,37.098380300091],[126.53906455553971,37.09905074995335],[126.53862550815646,37.0992788054293],[126.53861078998558,37.099791510323016],[126.53886489432425,37.10014700245848],[126.53875700184614,37.10092402740812],[126.53795360460781,37.10160962586127],[126.53774175669768,37.10187545414346],[126.53723770915562,37.10267175948971],[126.5372199385141,37.1028479552337],[126.53756136550213,37.1031235532937],[126.53783080322044,37.10355964387865],[126.5382747702575,37.10535644410979],[126.53809014642778,37.10602953640948],[126.53716075493624,37.106985800444434],[126.53700276155486,37.1089379292223],[126.53752106852231,37.10987507686761],[126.53791508515893,37.11075711570983],[126.53754104097482,37.11184620354151],[126.53729284811503,37.11221466149785]]],[[[126.65151012156996,37.2491303182758],[126.65184283132513,37.24874301003591],[126.65214761882959,37.24856708209498],[126.65246072663714,37.2484556562094],[126.65265268977191,37.24845396867169],[126.65270851644944,37.24841753397468],[126.65286143783808,37.24844248346528],[126.65298287537584,37.24838314731007],[126.65312666047964,37.24848183603293],[126.65363815005503,37.24850501951795],[126.65432716678306,37.24883648563383],[126.6544886806871,37.248600716931854],[126.65492866826749,37.24824243988727],[126.65490248065873,37.24796022265819],[126.65515860400262,37.24779540808851],[126.65482281381709,37.247360802289585],[126.65483904554698,37.247200358107115],[126.65491565260672,37.247085132888856],[126.65466138621075,37.24673130093396],[126.65432799117463,37.24677480891437],[126.65404312792492,37.246641916916005],[126.65386191417743,37.24645160120371],[126.65380331105047,37.246251795368515],[126.65348598671376,37.245595929715904],[126.65347745735029,37.24530587962582],[126.65342621706492,37.24530517102271],[126.65341420409553,37.24500554166727],[126.65338711036162,37.24488522750322],[126.65334066288634,37.244839192527735],[126.65339514816634,37.244823306288495],[126.65330913803696,37.244724219354296],[126.65345154038458,37.24473900057765],[126.6534360421851,37.244660961140504],[126.65328525033253,37.244289399084],[126.65320664347055,37.24430296383503],[126.65318745706644,37.24388026907399],[126.65305671535823,37.24336178942282],[126.65275687250467,37.242509709812325],[126.6526130989137,37.24168568616266],[126.6525771885662,37.240803973301446],[126.65276322449448,37.24036498741515],[126.65310444000617,37.23995714894933],[126.65302881288652,37.23989695227083],[126.65267743507188,37.240143423861916],[126.65207769723504,37.24044152807944],[126.65193252754126,37.24068578463611],[126.65172543900674,37.24068657958941],[126.6515238861665,37.240974314427056],[126.65156386318019,37.24143170683963],[126.65077155226139,37.24224283453915],[126.65065570968898,37.24310916804974],[126.65050361824035,37.24325063139182],[126.65029690985287,37.24396380759221],[126.65009701096514,37.24408232205169],[126.6499909580121,37.24450915055041],[126.64998468986984,37.24456995226353],[126.65028714154474,37.245005597945564],[126.65030723740124,37.245457300240275],[126.6500447910427,37.24580877225407],[126.6498355102932,37.24646984336641],[126.64998798304674,37.24708299792322],[126.6501844210372,37.24752086041462],[126.650162884862,37.24772212339588],[126.65020476918504,37.24787992915096],[126.65029269596106,37.248059270576185],[126.65059020852088,37.248425070073495],[126.65056355954938,37.248552829189336],[126.65039540389449,37.24881053124737],[126.65006698698362,37.25013097573827],[126.65055126893297,37.25063192614459],[126.65069213902912,37.2506371281208],[126.65141457223211,37.25082595073189],[126.65177584224509,37.24997637994338],[126.65151012156996,37.2491303182758]]],[[[126.55796902840459,37.0621596986859],[126.55825264238979,37.0619076152303],[126.55852534201523,37.06171715939306],[126.55889812104031,37.06162759798567],[126.55923947684833,37.061384737486726],[126.55949987844464,37.06143583463109],[126.5594802686891,37.06112179627656],[126.55951234490703,37.060972646638746],[126.55971906392602,37.06098460709877],[126.55976556621907,37.06061572476022],[126.5604782394562,37.06064542643625],[126.56047230603566,37.06082966160091],[126.56058531033187,37.06083401970595],[126.56061162664847,37.060381686614015],[126.5604999631655,37.06037538900302],[126.560492823379,37.060565673068204],[126.55867274308544,37.06047351813681],[126.55766872315634,37.05973448546951],[126.55763831695094,37.05976045614345],[126.55772940427796,37.059840350880556],[126.55870034852558,37.06054285873088],[126.55841708923758,37.060944393614825],[126.55785952468997,37.06091750503002],[126.55623730480026,37.06005658313592],[126.55705685508237,37.059603000351366],[126.55706035965007,37.05957455777635],[126.5561707491905,37.06004039428996],[126.55603933925929,37.05997886256208],[126.55578380526067,37.05994225798605],[126.55569124611355,37.059833594228785],[126.55570834269203,37.05973638820728],[126.55543173646373,37.059811371234055],[126.5552892469475,37.05972467543851],[126.55519164118952,37.05956352330842],[126.5550320731515,37.05942269200423],[126.55501577305895,37.059267487145256],[126.55494467854393,37.05925820798031],[126.55485988865769,37.05915792559601],[126.55454970373229,37.0587000289642],[126.55459624863126,37.0585813819674],[126.55445252629737,37.05822576819914],[126.55388334298335,37.05819912189484],[126.55379358802149,37.058136556710096],[126.55338309864929,37.05809783762143],[126.55269707643295,37.05753630001526],[126.55248939013696,37.057068658180235],[126.55200018253225,37.05679479428034],[126.55173145615768,37.057056209246724],[126.55179402192039,37.05726003071511],[126.55128848415383,37.05755095706742],[126.55118387079642,37.05780342566833],[126.55123772444936,37.05781714539282],[126.55126727673891,37.05801774255272],[126.55111878630007,37.05823539730844],[126.55133137074976,37.05846907478789],[126.55158778460613,37.05836107299903],[126.55191757394401,37.05870923129649],[126.55259914312207,37.05904154520313],[126.55300810007407,37.0598202542933],[126.55390243839955,37.06092940320452],[126.55500315025523,37.06187037162011],[126.55512745822202,37.062242804897494],[126.5558338261948,37.06306007083658],[126.55634174847985,37.06380760490747],[126.55678933243726,37.06426910245429],[126.5574283586739,37.06434893309974],[126.55741681548923,37.06424949353153],[126.55712667375268,37.064233764731426],[126.55707329883326,37.06407756582952],[126.55705125361675,37.06351995299361],[126.55747920834432,37.062707790906025],[126.55796902840459,37.0621596986859]]],[[[126.64941600175054,37.29294801023644],[126.66155260759048,37.292509369444936],[126.6615572209634,37.290907988015135],[126.66148266600335,37.290784963898375],[126.6617693197116,37.24616463956385],[126.66178899790489,37.24556658134985],[126.66190414875345,37.24527099397797],[126.661704884487,37.245270981717816],[126.6616504626709,37.245649122785146],[126.661613669918,37.249984645638726],[126.66153241703745,37.25043303583511],[126.66157905177049,37.25048948412924],[126.66160841566003,37.25087827488713],[126.66148994876393,37.26800861240087],[126.6614047318662,37.26845635904328],[126.66144884764847,37.26849919437343],[126.66148694700561,37.2687763704645],[126.6613817576134,37.28601905300173],[126.66130834924643,37.2863689814033],[126.6613748780125,37.28677067091681],[126.66133942113512,37.2907895080179],[126.66129353615437,37.29111230364432],[126.66128428529375,37.2922148631283],[126.66124427347293,37.29228493913979],[126.6611703021683,37.29230770196331],[126.64980556889131,37.29272292124871],[126.64897536870173,37.29270891799001],[126.64838373579433,37.292637054305956],[126.64786410936576,37.29253008501484],[126.6406438861561,37.29069344539206],[126.64018060154982,37.29055381581531],[126.64014712537231,37.29050316607356],[126.63996146137092,37.29046403543627],[126.63989120448383,37.29048733687634],[126.63950067209569,37.2904160440794],[126.63428495700384,37.28921882326979],[126.63346404814209,37.288996062470154],[126.63261177936806,37.288637504815334],[126.63188325922556,37.28818012215581],[126.63166022301158,37.28778396650059],[126.6311648624767,37.28727009448454],[126.63075766262084,37.28667080710922],[126.63032123310609,37.2868349593619],[126.63050560623202,37.28713431779375],[126.63082808274659,37.28755664729919],[126.63120327028027,37.287946975055036],[126.6316276821151,37.28830348584694],[126.6320981845643,37.288621756150036],[126.6324557029484,37.28882253945239],[126.63298184364372,37.28906403073343],[126.63354552079194,37.28926319902196],[126.63987736411364,37.29071651584551],[126.64798346867217,37.29278669210911],[126.64880062086738,37.292914282099],[126.64941600175054,37.29294801023644]]],[[[126.65360846741305,37.181202750620876],[126.6539222688046,37.18130221906155],[126.65464730656763,37.18085551593665],[126.65553607718981,37.18069733224386],[126.65598695556393,37.18056208435725],[126.65640622556246,37.18014122180746],[126.65684975761252,37.179998346246535],[126.65691723775731,37.17982115362403],[126.65662506997704,37.1798019943472],[126.65656565989934,37.17955657600891],[126.65593558452109,37.18017279311125],[126.65530656394802,37.17982349639484],[126.65616704936161,37.178917926635826],[126.6578066029044,37.17820776837887],[126.65780790386648,37.1781145692344],[126.65654032138394,37.17781523455859],[126.65546743306015,37.1779610581308],[126.65441614798685,37.179232113062234],[126.6539796894789,37.17959828953405],[126.65336928772025,37.18064002279719],[126.65360846741305,37.181202750620876]]],[[[126.76378686954017,37.261194464781155],[126.76421702765954,37.260907275751926],[126.76577996335536,37.261969390700756],[126.76622601157234,37.260255224393624],[126.76665711321222,37.25931759035266],[126.76545759596345,37.25943825918802],[126.76502699247659,37.259871580921065],[126.76446038327713,37.25997434688019],[126.76300938738827,37.260691132409264],[126.76294923466774,37.261168001238104],[126.76328988542505,37.26088795999695],[126.76378686954017,37.261194464781155]]],[[[126.61499743208095,37.1280264085207],[126.61495234172307,37.127729761945545],[126.61425633900268,37.128192657504286],[126.61425554037778,37.12890166440037],[126.61455878086655,37.12929602525545],[126.61518618037567,37.12967003430173],[126.61599572801566,37.12980838563903],[126.61673329298134,37.12957960811545],[126.61636848164407,37.12922307638879],[126.61634967136077,37.128945095232254],[126.61581777607708,37.128285031417164],[126.61499743208095,37.1280264085207]]],[[[126.67814619107114,37.25723453003432],[126.67790735319943,37.25715250408411],[126.67743100412521,37.25721540094138],[126.67696386578022,37.257102050682214],[126.67667740191614,37.25723979816646],[126.6768453486227,37.257343319345665],[126.67679029401249,37.25749043313413],[126.67634545837417,37.25767701439988],[126.67650754132428,37.257913980152495],[126.67646833609238,37.25818418298984],[126.67658843443199,37.25823125701339],[126.67677976821192,37.258464357521206],[126.67704489605357,37.25857828034727],[126.67721148422856,37.25891380404348],[126.6778636331311,37.25847943398467],[126.67832120172585,37.25828105099178],[126.67849264822803,37.25789266957471],[126.67857540935464,37.25781630773963],[126.67856643682744,37.25764959291219],[126.67872913711184,37.2574954467832],[126.67870911251732,37.257316031552044],[126.67814619107114,37.25723453003432]]],[[[126.60369588745871,37.155797050451746],[126.603472650951,37.15570084443219],[126.60328691564236,37.15573175610489],[126.60327381808905,37.1559150206355],[126.60335930200378,37.156184496262036],[126.60366504902133,37.15654537253566],[126.60392733289031,37.1567768665847],[126.60445810387667,37.15733363535924],[126.6049242030565,37.15794480795547],[126.60552503828741,37.15839142830453],[126.60572537422136,37.158632279494945],[126.6060093609464,37.158818220805934],[126.60630344057593,37.15882398628712],[126.60635391404806,37.158757991471454],[126.60636245158837,37.15850403297098],[126.60632709729033,37.15836903699464],[126.60619693633139,37.15813039511633],[126.60572021772523,37.15749384557852],[126.60548703641437,37.15728132042775],[126.60499928654916,37.156939267303386],[126.60458828274552,37.156759088257765],[126.60432174737814,37.15660079020061],[126.60384869701058,37.15590596698945],[126.60369588745871,37.155797050451746]]],[[[126.66299380887158,37.20438773806289],[126.66330529561981,37.2039031468334],[126.66228726665899,37.20411738692462],[126.66110044084341,37.20479354735859],[126.66126556622056,37.20507271345182],[126.66147714342854,37.20511702083786],[126.66200755351011,37.20540299949868],[126.66228932534179,37.20559545758583],[126.6625080237691,37.20550877302383],[126.6625749707998,37.20532452124524],[126.66333711153062,37.20517973975506],[126.66352877197997,37.204890603108886],[126.66309259107224,37.20469230081744],[126.66299380887158,37.20438773806289]]],[[[126.53633978310975,37.114270394309294],[126.53701724648752,37.1139630258431],[126.53710156100382,37.113025136615875],[126.53728500252505,37.1125784309291],[126.53707472569579,37.1125263633877],[126.53625800352212,37.113009730011996],[126.53558527675933,37.11308846232702],[126.53536101838137,37.11356794800639],[126.53566336686977,37.11405824421835],[126.53633978310975,37.114270394309294]]],[[[126.55500138065511,37.06873698451287],[126.55503510553635,37.068380066039055],[126.55481736745371,37.06829815143773],[126.5546266789804,37.06839824309958],[126.55463506925548,37.06888484579279],[126.5547161326649,37.06899383651816],[126.55479633528171,37.069698369806716],[126.55453619885964,37.069866057953945],[126.55438650874224,37.070343621985316],[126.55444402486268,37.07081238779477],[126.5543411743603,37.071482441715034],[126.55483774283512,37.07138519656913],[126.55522850071165,37.07114535390057],[126.55524867584798,37.07076106623937],[126.55516738785444,37.070540290843404],[126.55536314027462,37.06969684475015],[126.55565792722743,37.069521967943516],[126.55561552917074,37.06944239830967],[126.55531965411194,37.06941116328296],[126.55511077410121,37.06919862810131],[126.55500138065511,37.06873698451287]]],[[[126.7962993583162,37.18914256623949],[126.79583363315353,37.189112186674016],[126.79544582474854,37.18916670179084],[126.79527755349591,37.18930748526113],[126.7951948677057,37.1895590656453],[126.79559922657305,37.190155025867384],[126.79575132825848,37.190327895475036],[126.79586029438458,37.190701738654205],[126.79662139406092,37.190639982983555],[126.79721851495553,37.19063058853257],[126.79716324746904,37.19050153718965],[126.79694520248201,37.1902426681313],[126.7962993583162,37.18914256623949]]],[[[126.65283049126283,37.16693918752128],[126.65350170817588,37.16780391150559],[126.65432117064222,37.1679955347529],[126.65546024106187,37.16777191114802],[126.65531753771512,37.167662241755245],[126.65519000521039,37.167699325687984],[126.65494841764304,37.16755445230384],[126.65450317087459,37.167165700670445],[126.65455091720675,37.16707348198571],[126.6539098041489,37.166547870976544],[126.65283049126283,37.16693918752128]]],[[[126.54963096213278,37.05344765747231],[126.5490925426234,37.05297958602962],[126.5489443103558,37.05312234438688],[126.54923526688955,37.053525830550356],[126.54912418065553,37.05377461277502],[126.54901830657842,37.05453503660452],[126.5504285294577,37.05500867877398],[126.55064966329424,37.0548647818928],[126.55054761669346,37.054415837252506],[126.55039567557326,37.05411819071158],[126.55022276407921,37.05389142885638],[126.54963096213278,37.05344765747231]]],[[[126.6377853880247,37.14319954102238],[126.63803900207822,37.142753732728224],[126.63821716835862,37.1426424952891],[126.63850294037736,37.142642523789576],[126.63854125389514,37.14250157133828],[126.63853330466934,37.14243594302666],[126.63823674904806,37.14218667848566],[126.63820446203725,37.14154711319748],[126.63811177653517,37.14136380957933],[126.63806976502829,37.14106661396629],[126.63803430269712,37.14035495613412],[126.63807361138772,37.1402998864768],[126.63823312713565,37.140222100482035],[126.63827282588947,37.1400127296857],[126.63810914306472,37.13996548147387],[126.63786508753326,37.14003260005875],[126.63775584885326,37.14018487454743],[126.63758819824493,37.14082072572663],[126.63763766486804,37.14165462764204],[126.63775610878936,37.14200358836711],[126.63778676056346,37.142214862492395],[126.6377903123483,37.14261105496015],[126.63775033803734,37.142804937309144],[126.63764806436131,37.14297328971612],[126.63761116402124,37.14315028660847],[126.6377853880247,37.14319954102238]]],[[[126.79793555614913,37.187768754951016],[126.79767489405556,37.187785768905286],[126.79757881918353,37.18791540678726],[126.79723924023864,37.18855146456704],[126.79721916082039,37.188689966967985],[126.79711284811768,37.188897309878804],[126.797107560017,37.189158883447455],[126.79719541112176,37.189339246066574],[126.79736121135778,37.189525092406946],[126.79760892658126,37.18967728181215],[126.79765139516435,37.189590350573646],[126.79783493748941,37.18946029429019],[126.79814450714068,37.189381425014446],[126.79803381455187,37.18925226879526],[126.7980554313625,37.1891965575518],[126.79786659487516,37.18900616580989],[126.79786953352871,37.18896168768393],[126.79807739649426,37.1887502984809],[126.7980746661315,37.18865145741903],[126.7979711861684,37.18845924156968],[126.79783032060756,37.1882931518204],[126.79789908433955,37.18798185107258],[126.79789813577517,37.18780952681517],[126.79793555614913,37.187768754951016]]],[[[126.64703572825358,37.298785091846405],[126.64756634068812,37.29916341629948],[126.6478753111595,37.29919391142954],[126.64790946559125,37.29874771914186],[126.64836568145115,37.298379661201245],[126.64814246145716,37.29832972574544],[126.64808729163109,37.298369261204186],[126.64790637911436,37.29839265096107],[126.64771941573615,37.29827693186735],[126.64763571008167,37.29816235970151],[126.6474192338245,37.298176643318826],[126.64721856578528,37.29831598108864],[126.64701806205923,37.298643975346884],[126.64703572825358,37.298785091846405]]],[[[126.69101369817197,37.110766320981455],[126.690836302319,37.11068448185644],[126.69072204294582,37.11068475154425],[126.69049931664429,37.11076919998157],[126.69040352677276,37.11085229632753],[126.69038318707338,37.11101105357346],[126.6902160742042,37.11120772075486],[126.69002025822108,37.11159184884623],[126.68998112687711,37.11174492523571],[126.69006855327547,37.11181836506468],[126.69018314585277,37.11186597209372],[126.69044523784761,37.111871724220116],[126.69054865264438,37.11181737180477],[126.69081859806067,37.11118762109769],[126.69104534264659,37.11093845220495],[126.69105073848316,37.11082048121715],[126.69101369817197,37.110766320981455]]],[[[126.7585153052348,37.258126438799884],[126.75777456720394,37.25799173564538],[126.75739736575792,37.25824352692825],[126.75776501742592,37.25860554479474],[126.75844857520394,37.25861370812684],[126.75875547017526,37.258319248356514],[126.7585153052348,37.258126438799884]]],[[[126.75674265139492,37.2578119311789],[126.75611006382232,37.25767744156231],[126.75589155967319,37.25809118355645],[126.75622886622496,37.258304185355364],[126.75699903237056,37.25816048649148],[126.75674265139492,37.2578119311789]]],[[[126.64777461427484,37.25526706979177],[126.64767793168045,37.25526481607483],[126.64747847792822,37.255620127360864],[126.64748173242724,37.256092052525304],[126.64752641922169,37.25621523141682],[126.64763082222996,37.2563380293779],[126.64785251296631,37.25631109371726],[126.64795242692209,37.25603685693431],[126.64789028860758,37.255616564609284],[126.64782775975799,37.2553519886065],[126.64777461427484,37.25526706979177]]],[[[126.75844078445999,37.25966677460371],[126.75810862590436,37.25910773054653],[126.7578553390779,37.259162686284],[126.75804414899352,37.259659201508484],[126.75775272024205,37.259745606479385],[126.75806517824708,37.259967002121826],[126.75870548923476,37.25989539658579],[126.75869948974957,37.259679136402404],[126.75844078445999,37.25966677460371]]],[[[126.76212967801915,37.26989650555851],[126.76198932069514,37.2696019801008],[126.76181464148252,37.26963654225937],[126.76124175048648,37.27013883309299],[126.76124035372229,37.27024554754743],[126.76127369006667,37.27028841413213],[126.76139738315005,37.27033822244592],[126.76147719153514,37.27033584414011],[126.76153123484997,37.27029146871186],[126.76178602087867,37.27027481145481],[126.76199542969437,37.27017921249774],[126.76212967801915,37.26989650555851]]],[[[126.70468312378965,37.26463194848354],[126.70487642669825,37.26461385287614],[126.70509985194789,37.26446236290046],[126.7054547857364,37.264733282398794],[126.70572782370824,37.26455093694157],[126.70576064479305,37.264356451779165],[126.70539174337313,37.264143507313186],[126.7052780763333,37.264246562765145],[126.70515400492935,37.26430875711186],[126.70499994092361,37.26429063728262],[126.70491573525399,37.264338290624956],[126.70465590030398,37.264298786325476],[126.70456709034595,37.26443935027151],[126.70468312378965,37.26463194848354]]],[[[126.64662984627857,37.15785485575325],[126.64650694394693,37.157729468037346],[126.6463241216015,37.1577418689321],[126.64632837378456,37.157925748832156],[126.64638773202796,37.15805855204168],[126.64690021396729,37.15841797312683],[126.6470280897887,37.15841835585294],[126.64710129261147,37.15837380049788],[126.6471378765044,37.15829957430663],[126.64714405078526,37.15814444206613],[126.64709639729658,37.15806630497204],[126.64690746633472,37.15799337681401],[126.6468006937424,37.15788098560011],[126.64662984627857,37.15785485575325]]],[[[126.66709857095326,37.19517395536319],[126.66687592314945,37.19513953840006],[126.66668317740935,37.195229097521214],[126.66662255717951,37.19536718203301],[126.66679198179393,37.195537445038426],[126.66700676707823,37.19587848306628],[126.66711343590458,37.19591285147928],[126.66716462708466,37.19583866061465],[126.66727468406822,37.19538535132297],[126.66723354333641,37.1952571156843],[126.66709857095326,37.19517395536319]]],[[[126.52877744472963,37.12065707964733],[126.52841040143751,37.120677294192014],[126.52827842284408,37.12080995236862],[126.52826847775395,37.12090902711367],[126.52831693600888,37.121090836684914],[126.52848509916532,37.12121737407074],[126.52859871688577,37.12121134910558],[126.52872833785547,37.12114682804474],[126.52880359073548,37.12100521450606],[126.52888645790523,37.12093964963273],[126.52891611116588,37.12080686355959],[126.52884350287518,37.12069394307015],[126.52877744472963,37.12065707964733]]],[[[126.6527163531304,37.14667318274622],[126.65233722230442,37.14647130530374],[126.65208408476408,37.14663499976466],[126.65205199006301,37.14688297334133],[126.65195270469351,37.14698066981876],[126.65190826409211,37.14712048043436],[126.6519411175764,37.147204203870096],[126.65201101099153,37.14722693548044],[126.65209220709401,37.147086674067],[126.65238592188224,37.14681778324909],[126.65249096248225,37.146810208829905],[126.6526282278059,37.14675176506394],[126.6527163531304,37.14667318274622]]],[[[126.60633211990847,37.15554399760569],[126.6062443424482,37.155476974031494],[126.60614656082971,37.15554253231128],[126.60635742826763,37.15588760627467],[126.60640179700843,37.15611414135605],[126.60646746695708,37.15623825419256],[126.60657293257081,37.15625240126505],[126.60668562866915,37.15622856403011],[126.60672622851328,37.15609973287248],[126.6066834314918,37.15597598622468],[126.60633211990847,37.15554399760569]]],[[[126.6690296191322,37.143101783667454],[126.66854200240724,37.142926124350055],[126.66844011082758,37.14302044851059],[126.66899668561341,37.143433394017464],[126.66908583302661,37.143475596119735],[126.66916167893652,37.14346707840657],[126.66923388587229,37.14340195513461],[126.66922925393862,37.143336615615695],[126.6690296191322,37.143101783667454]]],[[[126.72540026366796,37.258438484245154],[126.7255217242981,37.25869837358618],[126.72581979422671,37.258587565885286],[126.72582294954918,37.258302341696485],[126.72552577247666,37.25816987241563],[126.72540026366796,37.258438484245154]]],[[[126.64361886942903,37.30290826057261],[126.6435093941621,37.302765450741724],[126.64334338845086,37.30280015028591],[126.64323321267392,37.302955244352155],[126.64321180418814,37.3030455604853],[126.64347119225829,37.30309111803952],[126.64369963559463,37.30326891456497],[126.64376409725898,37.30323925924281],[126.64376030578468,37.30303538944662],[126.64373435332216,37.30297055418769],[126.64361886942903,37.30290826057261]]],[[[126.65317370518295,37.29566464725107],[126.65352154214625,37.29567102355519],[126.65356032240682,37.29559060275062],[126.6534755328416,37.29548139262378],[126.65331711169611,37.295404339095384],[126.65316181743435,37.29537685313242],[126.65296834163965,37.295488911523805],[126.65293714073947,37.295565685353836],[126.65317370518295,37.29566464725107]]],[[[126.67045424926906,37.19852990106699],[126.6702614031989,37.19851979172995],[126.67006060831186,37.19855808406837],[126.67002501496775,37.19864808794037],[126.67004646895361,37.19877260946538],[126.67028432301493,37.19883465288795],[126.67041716819844,37.19876013103294],[126.6705177076572,37.19866974002926],[126.67045424926906,37.19852990106699]]],[[[126.65836051602814,37.20217995177935],[126.6582380366437,37.20216099907861],[126.65813196468007,37.20221003436614],[126.65809849134322,37.202286011378455],[126.65830940212787,37.20256747632261],[126.65836806043247,37.20258643233351],[126.65845722257477,37.20229642968597],[126.65843471030216,37.202225794758775],[126.65836051602814,37.20217995177935]]],[[[126.64809198093454,37.14695936395658],[126.64805458250119,37.146944052110165],[126.6479550337715,37.147060044878444],[126.6479665943242,37.14721973540844],[126.64805182325118,37.14738696307536],[126.64816145911962,37.14748499901024],[126.64817377822104,37.14714376447995],[126.64809198093454,37.14695936395658]]],[[[126.61374404498495,37.1230395058552],[126.61357472658717,37.12307556227203],[126.61354425403165,37.123119946376356],[126.61353678800403,37.12330829542555],[126.61364967169536,37.123376532841846],[126.61381882600831,37.12326923814057],[126.61383481689985,37.123135259649366],[126.61374404498495,37.1230395058552]]],[[[126.72182926870344,37.27350098634668],[126.72166541936674,37.27345610617719],[126.72158211074562,37.27349842845326],[126.72159118862297,37.27361558472319],[126.72169065507634,37.27382362315483],[126.72177805428043,37.2738187575506],[126.72182564461338,37.27376706151459],[126.72184840992168,37.273660116763324],[126.72182926870344,37.27350098634668]]],[[[126.64320422163892,37.14274665239741],[126.64308856132149,37.14273250722104],[126.64305054695984,37.14292414464624],[126.64309344088116,37.1430771721738],[126.64323082841736,37.1431068718945],[126.64327053595208,37.14307854687365],[126.64329471849128,37.14291052047393],[126.64320422163892,37.14274665239741]]],[[[126.65480917065945,37.167072264834474],[126.65471246101248,37.16702439850666],[126.6546895667877,37.16710655103478],[126.65479236559891,37.167285087727194],[126.65497180605067,37.167439349682745],[126.6551219643626,37.16741867692343],[126.65480917065945,37.167072264834474]]],[[[126.72666781892971,37.27683261502309],[126.72659067894546,37.276775273267425],[126.72640559766188,37.27689845718526],[126.72634736481187,37.276974341311494],[126.7264246729393,37.27703196113194],[126.72665250813844,37.27702122807726],[126.72673642533992,37.2769580716792],[126.72666781892971,37.27683261502309]]],[[[126.66831572932283,37.12534373728625],[126.66816378007574,37.12523208532114],[126.6681264436466,37.125286042556596],[126.66815262172965,37.12545168545799],[126.66834544165562,37.125505164065004],[126.66831572932283,37.12534373728625]]],[[[126.76821773161093,37.26632620853845],[126.76798829908327,37.266354760010756],[126.76795017731202,37.266378337592826],[126.76792363106658,37.26647261361444],[126.76810260899214,37.26647043419981],[126.76822254384943,37.26642167231643],[126.76825936676667,37.266362052313475],[126.76821773161093,37.26632620853845]]],[[[126.66030958796468,37.204484964090206],[126.66009301446684,37.20450032383091],[126.66008505765386,37.20461825525172],[126.66021583331538,37.20465255664919],[126.6602889217222,37.20461165329845],[126.66034434125766,37.20456198431667],[126.66030958796468,37.204484964090206]]],[[[126.6715595040901,37.123366269336735],[126.67147506642111,37.12333505515271],[126.67140232606938,37.1233649831896],[126.67138163120407,37.12343503727087],[126.6714239787221,37.12348049596151],[126.67163251621614,37.12351880290996],[126.67164894654583,37.12345802870035],[126.6715595040901,37.123366269336735]]],[[[126.79419072186732,37.17740417859683],[126.79424127479008,37.17744847208993],[126.79440349852432,37.17744678397091],[126.79463239973491,37.17738242758476],[126.79467899684592,37.1773290037607],[126.79462554398708,37.17731596118185],[126.79450999005473,37.17736391135879],[126.79439233695238,37.17734455987366],[126.79419072186732,37.17740417859683]]],[[[126.78601774158223,37.17247523708472],[126.78612050470383,37.172592557878716],[126.78616001660953,37.17255714746738],[126.78608952574868,37.1724745196981],[126.78601774158223,37.17247523708472]]]]}},{"type":"Feature","properties":{"HAKGUDO_ID":"Z000200306","HAKGUDO_NM":"향남중학군","HAKGUDO_GB":"0","zone_type":"중학교 학교군·중학구","city":"화성시","base_date":"2026-03-20","schools":[{"school_id":"B000009445","school_name":"향남중학교","school_level":"중학교","road_address":"경기도 화성시 향남읍 행정동로 50","jibun_address":"경기도 화성시 향남읍 행정리 481","lat":37.1287344521,"lng":126.9277544,"city":"화성시"},{"school_id":"B000024728","school_name":"화성상신중학교","school_level":"중학교","road_address":"경기도 화성시 향남읍 손개길 8","jibun_address":"경기도 화성시 향남읍 상신리 1324","lat":37.09792485,"lng":126.8992901,"city":"화성시"},{"school_id":"B000024740","school_name":"하길중학교","school_level":"중학교","road_address":"경기도 화성시 향남읍 상신하길로274번길 10","jibun_address":"경기도 화성시 향남읍 하길리 1510","lat":37.1122584721,"lng":126.9088459,"city":"화성시"}],"school_ids":["B000009445","B000024728","B000024740"],"school_names":["향남중학교","화성상신중학교","하길중학교"]},"geometry":{"type":"MultiPolygon","coordinates":[[[[126.9283349567899,37.134982062736626],[126.93396424954967,37.13494936009705],[126.93547889596978,37.13487784973565],[126.93602145898957,37.1348055074176],[126.93643848145729,37.134603153254126],[126.9367247020279,37.13460049866911],[126.93719951449623,37.13451275166837],[126.93793789419318,37.13452564727811],[126.9381774733429,37.13448807564546],[126.93842805690818,37.13438362342807],[126.93886325738295,37.13406961147554],[126.93929137309874,37.133950005587685],[126.94046746115288,37.13402963959586],[126.94078369869676,37.13402166500446],[126.94044864936694,37.13367241587747],[126.94026650887699,37.133397625596785],[126.94034686487555,37.132528708882504],[126.94021872739641,37.132039540605625],[126.93977467574797,37.13166086612171],[126.93952011111047,37.13074025274229],[126.93902351148306,37.13055752781379],[126.93885125599557,37.13026515246545],[126.93854029888895,37.13000529465303],[126.93832754516231,37.12953762463627],[126.93805164295001,37.129079209373295],[126.93805791478984,37.128710229306904],[126.93812131935198,37.128394803979035],[126.93804895227518,37.12747623901227],[126.93788288836429,37.12693805718558],[126.93741480400081,37.12633690832643],[126.93733709256291,37.1261344074242],[126.9367229679278,37.125464481420224],[126.93653280561897,37.12535822371788],[126.93646256299637,37.12484711566236],[126.93561815581442,37.12455803152446],[126.93512749111775,37.124077378364895],[126.93500749714744,37.123570466292264],[126.93516855782134,37.122949674889725],[126.93480228966015,37.12258989381297],[126.93487238640778,37.12256626860893],[126.93485566852517,37.12231933375866],[126.93503822670344,37.122165995409176],[126.93473490500611,37.12175731268404],[126.93454768956515,37.12173056321964],[126.93426122306624,37.12174825930051],[126.93388228639033,37.121206644432576],[126.93333151042577,37.119962879568554],[126.93374873478184,37.11957524955007],[126.93370501741698,37.119414647391615],[126.93339558358238,37.119042099320986],[126.93194881264796,37.118605688014235],[126.93198147027331,37.11823101182459],[126.9314165475045,37.11776904053004],[126.93151135801111,37.117606527117005],[126.93140657518666,37.11735722403781],[126.9310848304312,37.117201664227196],[126.93091142405063,37.11649423133622],[126.9311320687356,37.11530093842268],[126.93101570995356,37.11528520937414],[126.9308149955923,37.114996020960064],[126.9307059426571,37.11437184738757],[126.93052752800031,37.11398971942624],[126.93018605093899,37.113788930095645],[126.92956087042162,37.11359628479517],[126.92956248427085,37.113566676760755],[126.92982799860567,37.113460792372464],[126.92997163200907,37.11331625006084],[126.93148076463966,37.11273132779316],[126.93177215154284,37.112538204751736],[126.93185686987489,37.112540795375686],[126.93225457166878,37.11231639405107],[126.93188862859996,37.11186712866805],[126.93172509210339,37.111615313035664],[126.93144347871294,37.11131447317745],[126.9308083433028,37.110496502791015],[126.93153188814414,37.11001742444072],[126.93195346952652,37.10963846182412],[126.93207487163623,37.10929616706921],[126.93233237438803,37.10896097913173],[126.93264022792073,37.10824434855273],[126.93260392895527,37.10802782074587],[126.93286119187316,37.10634193541552],[126.93279539680924,37.10587414933866],[126.93287435605423,37.105605929556866],[126.93281632151539,37.105155003171305],[126.9322488214054,37.104671174433356],[126.93217781218804,37.10447402648697],[126.93231415225995,37.104359778896885],[126.93239351283151,37.104069233874085],[126.93204044890898,37.10360498284768],[126.93181668511374,37.10341591697515],[126.93189570587239,37.10292038120895],[126.9317957940833,37.10261817813971],[126.93137021619563,37.102262009475],[126.93054582701099,37.1017110345033],[126.92992301268559,37.101774860971844],[126.92933668044728,37.101728605473134],[126.9286281596767,37.10042529439086],[126.92869552174322,37.1002006376563],[126.92843938576661,37.10006362751116],[126.92790403652289,37.10001881035238],[126.92752692904592,37.09974431190507],[126.92701654667768,37.099697253327065],[126.92601200371746,37.099377869337836],[126.92568372665018,37.099386218791345],[126.9256898741992,37.0986583928913],[126.92573985317416,37.09842143632099],[126.92576575943515,37.097845117313476],[126.92596277135675,37.097663976373106],[126.92587262190109,37.0968381602784],[126.926057452769,37.09643739615578],[126.92600638374438,37.09626842315195],[126.92599098578602,37.09586904598123],[126.9260891933454,37.09571346762499],[126.92614541520575,37.09500737015695],[126.92660492674817,37.09412387372883],[126.9269106153849,37.093729347931585],[126.92686690064076,37.09349223198368],[126.92689723962863,37.09320165986866],[126.92687477885555,37.092627218743125],[126.92672950102546,37.09220221417952],[126.92668266876018,37.090319813907236],[126.92717710474325,37.08881422573515],[126.92718652692754,37.08852842334211],[126.92732956451061,37.08763730899008],[126.92764013001444,37.0872373774407],[126.92769968993251,37.08708028716691],[126.92760685869143,37.08675190984042],[126.92735154974031,37.0861725393383],[126.92728512907955,37.085811505119054],[126.92734463129936,37.085528274277316],[126.92719925173934,37.08503400543006],[126.92700855484928,37.084878371775226],[126.9269558837754,37.08461493156277],[126.92675969193117,37.08404442645743],[126.92666342795926,37.08317789496917],[126.92655788993565,37.082640154241304],[126.9268603321999,37.08209069765639],[126.92701721409391,37.08195816945142],[126.92592311580464,37.081275201123994],[126.92492704388147,37.081165596735815],[126.92397297995811,37.080939145761675],[126.92260952066235,37.08122968433041],[126.92138563459203,37.08119675808207],[126.92116626975768,37.081095240322185],[126.92109024873075,37.081027609531716],[126.92101448982156,37.080881982260735],[126.92103206277494,37.08021577531678],[126.92075380865093,37.07996216199718],[126.92063138411088,37.07991786463193],[126.91989689996919,37.07988357172063],[126.91911214136947,37.079707321459246],[126.91871115785376,37.079700283884236],[126.91701815313412,37.080114993107344],[126.91646931135246,37.080168664830495],[126.91635545978562,37.08015506854433],[126.91603473811027,37.08002643585672],[126.91564456917168,37.07979062291603],[126.91369930118516,37.07935118628208],[126.91345907317002,37.07936170334065],[126.91335392571006,37.0792709609061],[126.91325750015723,37.079234278146636],[126.91300432498431,37.07919832564309],[126.91284747876158,37.07913795594096],[126.91219462722167,37.07875903580334],[126.91203891814727,37.07869109688111],[126.91179309859736,37.078637188917284],[126.91165895255608,37.07840125198831],[126.91140083396715,37.07818440433938],[126.91128385384718,37.07797522445635],[126.91107132804768,37.07774940036812],[126.910536059617,37.07749190446162],[126.9100801776922,37.0767072680866],[126.90993215992135,37.07653676336189],[126.90899988633424,37.07587718902662],[126.90859540268315,37.075670803175875],[126.90809004806113,37.07546451803341],[126.90706270020688,37.075146901081794],[126.90652807954864,37.07478614282283],[126.90579236037995,37.07418094230282],[126.90504364394896,37.07363736000644],[126.90475543168199,37.07354299225241],[126.90449989402596,37.07336827999318],[126.9019828242863,37.07194250933019],[126.90197201957754,37.07160910589347],[126.9017141069406,37.07105924085153],[126.90135554505635,37.0700857844119],[126.89975919367518,37.06978708354942],[126.89912963697873,37.06968742118942],[126.89911832132232,37.069732468740575],[126.89855620878717,37.069641871391646],[126.89770301073075,37.068622924280305],[126.89608400970907,37.0684683114129],[126.8941057720355,37.06790788127972],[126.89419562091946,37.0679800489882],[126.8934200664771,37.067772104606554],[126.8919703510959,37.067203099997755],[126.89145332249515,37.06705844931902],[126.89109357016422,37.06701306238227],[126.88880009233016,37.06677662526512],[126.88884482611346,37.06693886190942],[126.88525828695788,37.066692114260135],[126.88360977816691,37.06700671409637],[126.88308975849776,37.070757663889395],[126.88261636294662,37.0732286554717],[126.88203291718959,37.07500048068694],[126.88154541847085,37.077098769556365],[126.88103249306523,37.078898502118015],[126.88076774213101,37.08005881411888],[126.88052323982284,37.08185575125754],[126.88036288821503,37.08248597773238],[126.88017285399032,37.082964614094095],[126.87882626587583,37.08516617955563],[126.87852184066033,37.08592285604575],[126.8783736474446,37.0863865743406],[126.8782707474401,37.08708380578412],[126.87822777237668,37.08821514326734],[126.87826998653486,37.08861454010953],[126.87853868811803,37.089602656757606],[126.87876017830338,37.0906472213483],[126.87933568028,37.092168630751964],[126.87988788593097,37.09343445800752],[126.88034891103361,37.09406421613844],[126.881797172568,37.09509265206354],[126.88265678681293,37.0958129593869],[126.88297551933415,37.09616336781462],[126.88322132286228,37.09664850952979],[126.88334206399529,37.09741041303196],[126.88367288602947,37.09849472609048],[126.88391039957943,37.098827318260824],[126.88448431080748,37.09922197289962],[126.88519352774615,37.09939122331025],[126.88602379412205,37.09953439277584],[126.88655082356168,37.09976541445954],[126.8869055557991,37.100062638564],[126.88716895901855,37.101392243825536],[126.88750470775959,37.10210476482353],[126.88817935454288,37.10293917941936],[126.88852622114165,37.10380424841934],[126.88851517295399,37.10435064901076],[126.88842240987489,37.10483311324145],[126.88835593424463,37.1049157198687],[126.88734786917375,37.10471569936019],[126.88585726368956,37.10739511390154],[126.88576407167984,37.108004869796865],[126.88604880297814,37.10869175741706],[126.88666645078085,37.10970319686227],[126.88735564114471,37.110657482384866],[126.88850789705282,37.113096756648325],[126.88886485909981,37.112903642185756],[126.89087518151852,37.112251081395684],[126.89098556487201,37.112084298513246],[126.89094425302491,37.11183035665241],[126.89100388198473,37.11176604120585],[126.89105896679646,37.11175655586034],[126.89128804664082,37.1118509373143],[126.89157530053386,37.11185835209256],[126.89191160449991,37.11191230044314],[126.89212026840103,37.11171103668876],[126.89223918454371,37.11182200464682],[126.89523056282262,37.11091890170925],[126.89550788186763,37.111555648866094],[126.89661899534485,37.112747149475496],[126.89728982186476,37.112961771418114],[126.89734106019235,37.112927970897594],[126.89755544807046,37.11288810399559],[126.89767164812788,37.11281239054565],[126.8978449689367,37.11276247413603],[126.89887962587939,37.11259488896003],[126.89904910513557,37.1125417867522],[126.89947627457826,37.11232329183118],[126.89967784652522,37.11212510842852],[126.89996818191243,37.11218710280866],[126.9002414806531,37.1121853786559],[126.90019704866779,37.112655609741886],[126.90019250914958,37.1132657583617],[126.9002348654502,37.11401354436917],[126.90032408454186,37.114648994308155],[126.90053215560171,37.1146247709217],[126.9006785999503,37.11467586781109],[126.90076017823019,37.11518278131318],[126.90089360701826,37.115682749413295],[126.90138332121315,37.11677178583214],[126.901533155818,37.116821213897175],[126.90201771885337,37.11711365295649],[126.90239329606449,37.11728697067456],[126.90381548229513,37.117660376983295],[126.90409278881775,37.117699260881814],[126.90435460560012,37.11823515498397],[126.90616674541398,37.11767301445019],[126.90655010263171,37.117665481575784],[126.90691031890826,37.117717040905326],[126.90916081332746,37.118340453194946],[126.90925892827022,37.11834116177598],[126.9098160798246,37.11818895473715],[126.9100930190244,37.11806788634423],[126.91031602774893,37.11807121077168],[126.91040261380681,37.118113807363905],[126.91077197931425,37.11851911602671],[126.91084434167635,37.11871500231544],[126.91078048705637,37.11893036354311],[126.91022883596199,37.120123661260294],[126.91031923997133,37.12036368296463],[126.91064187820123,37.12061406187393],[126.91085017895381,37.120690090957005],[126.913855114885,37.120852828822535],[126.91444284883677,37.12092597746509],[126.91468671585027,37.1209982419006],[126.91474233342578,37.12087222399737],[126.91478169434804,37.12089000325128],[126.91493999222911,37.12080929601736],[126.91527806091548,37.120862884660305],[126.9158740212575,37.12102496437205],[126.91592578356169,37.12102356119018],[126.91604989904138,37.1209196681899],[126.91632983245809,37.12084057607381],[126.91682242045064,37.120870303669406],[126.9169615135201,37.12095699429723],[126.91725685884649,37.1209809023699],[126.91728621585432,37.120890186638654],[126.91743004641262,37.120762698973685],[126.91763066902078,37.12051055869181],[126.91750872075815,37.121530655539665],[126.91720871080778,37.12232867520906],[126.91724366836421,37.12246264450762],[126.91649101828418,37.12264155993138],[126.91367772274505,37.12349627778026],[126.91412774634802,37.12424249575172],[126.91462836891857,37.125339061869646],[126.91481605654572,37.12612196560626],[126.91535765272516,37.13153058298433],[126.9171545560184,37.13175164213003],[126.91793024531117,37.13178595168497],[126.92021997545916,37.13166934587263],[126.92122511755979,37.13157930993817],[126.92130493179775,37.13192773338085],[126.92152380230935,37.134820824067674],[126.92146224233383,37.13521356145904],[126.92630028580201,37.135089483241224],[126.9283349567899,37.134982062736626]]],[[[126.9045561001434,37.073377330535926],[126.90455451487495,37.073377076960455],[126.90529816320317,37.07347705213331],[126.9045561001434,37.073377330535926]]]]}},{"type":"Feature","properties":{"HAKGUDO_ID":"Z000200292","HAKGUDO_NM":"발안중학군","HAKGUDO_GB":"0","zone_type":"중학교 학교군·중학구","city":"화성시","base_date":"2026-03-20","schools":[{"school_id":"B000009446","school_name":"발안중학교","school_level":"중학교","road_address":"경기도 화성시 향남읍 발안로 73","jibun_address":"경기도 화성시 향남읍 평리 63-18","lat":37.13284524,"lng":126.9187018649,"city":"화성시"},{"school_id":"B000009448","school_name":"화성중학교","school_level":"중학교","road_address":"경기도 화성시 향남읍 장짐길 4","jibun_address":"경기도 화성시 향남읍 장짐리 161","lat":37.1390292629,"lng":126.9064903761,"city":"화성시"}],"school_ids":["B000009446","B000009448"],"school_names":["발안중학교","화성중학교"]},"geometry":{"type":"Polygon","coordinates":[[[126.88545524973806,37.19719625862041],[126.88522700616417,37.196853756939184],[126.8852409098026,37.19673552175888],[126.88532122674106,37.19667976494714],[126.8855103612929,37.196644479768],[126.88612564300983,37.196607554771134],[126.88801022295213,37.196561784699625],[126.88864397924421,37.196423799387794],[126.88886846330267,37.19632471244094],[126.8893026723939,37.196239077492216],[126.88974634768772,37.19605414120677],[126.89002001186174,37.19584811591153],[126.89117432294056,37.19516159614831],[126.89205459534593,37.19454099616766],[126.89248337019256,37.19436998247889],[126.89372771460677,37.1936221666436],[126.89415734100716,37.19304930792761],[126.89423987808813,37.19258214260561],[126.89439386101628,37.192098216438175],[126.89448500495331,37.19200980435622],[126.89476001593138,37.19191398412359],[126.89568885747417,37.19176725094959],[126.89563008560225,37.19249813135981],[126.89529974179764,37.19289599342284],[126.89529595975162,37.19295793564481],[126.89549105634231,37.19376285234148],[126.89592913902536,37.19409832496426],[126.89676731192968,37.194262662360266],[126.8983411070008,37.193906436968135],[126.89928544675301,37.194040727225314],[126.89958798754775,37.19402127260385],[126.90002315131716,37.193925350551986],[126.90008186736887,37.1939602816298],[126.90016744076671,37.19384528395972],[126.90016973816068,37.193718035655984],[126.90063358234208,37.19302628926907],[126.90068874104819,37.19283768573064],[126.90090716341267,37.192552072730635],[126.90100832356754,37.192466820397286],[126.90117614995376,37.192352948500634],[126.90169920184647,37.19232861910226],[126.90238393549518,37.19193442862457],[126.90246892699517,37.19193985267654],[126.90253837927025,37.191986369914574],[126.90275469352646,37.19222364348325],[126.90292707812927,37.19228404185331],[126.90330518631332,37.192339548641435],[126.90345582495847,37.19233996252991],[126.90338944625918,37.19222473585651],[126.90344491775285,37.19219859918682],[126.9042559079048,37.19201203209077],[126.90455980328137,37.192163488363384],[126.9047552986622,37.19217435379707],[126.904940001697,37.19210100866791],[126.90574736460701,37.19143631988134],[126.90617206947229,37.191247727813675],[126.90666853055636,37.191775518822745],[126.90759252571176,37.191833148198945],[126.90791937891211,37.19178948536442],[126.90805196483889,37.19172454493356],[126.90822861242826,37.1917567828049],[126.90847768197385,37.19227649370315],[126.90880521945532,37.192444194316984],[126.91077192592803,37.191663961804224],[126.91185412666816,37.191470119231816],[126.91200729563458,37.19147237218855],[126.91243197277521,37.1918523779187],[126.91280126000464,37.19181796876289],[126.91302829108068,37.191734056590974],[126.91351365965464,37.191720627588936],[126.914573840952,37.19194780973064],[126.91519746184784,37.191533795023226],[126.91765495106792,37.19095722730305],[126.91850802985167,37.1902206800014],[126.91969953838513,37.18976001914634],[126.91997043543033,37.18969544193969],[126.91975515829591,37.18918533980722],[126.91995920517003,37.18860205296964],[126.91960461375918,37.188120306137634],[126.91918426558993,37.18775593867399],[126.91934144265512,37.1870684409573],[126.91950248746569,37.186704723022125],[126.92003455150022,37.18625210556882],[126.92035624390448,37.18609882142222],[126.92043846474766,37.185394087642685],[126.92025621007606,37.18518869602185],[126.92035700462527,37.18473514260286],[126.92038212206606,37.18444626533747],[126.9206135933137,37.18401183685171],[126.92081253945746,37.18377162099264],[126.92090519878185,37.183337767615],[126.92088149502547,37.1826363486011],[126.9209820551948,37.18221714158772],[126.92101561088312,37.18177256027004],[126.92046729634009,37.180852910615414],[126.92074795293942,37.1804731761824],[126.92095406868094,37.179906224263],[126.92076411615923,37.17917821089345],[126.9200531472375,37.179128454640576],[126.91944186635095,37.1789889285679],[126.91916207723767,37.17885583061894],[126.91909155036231,37.17865924438211],[126.91941391967694,37.177665216526684],[126.91919167235264,37.177359553421745],[126.91795497920802,37.17701121707162],[126.91747903711789,37.17669861327723],[126.91709529553081,37.176066759727306],[126.91725398727559,37.175602273890156],[126.91770813430496,37.175087869441995],[126.91782564901108,37.174623626274936],[126.91821228017534,37.17406018437219],[126.91889337193948,37.173550723474435],[126.91894209556166,37.17339898388725],[126.91941283240155,37.17329991580431],[126.91977034978298,37.17116608313089],[126.91965696613323,37.17075772156496],[126.91912005409785,37.16991430110277],[126.91878717810368,37.16992477438518],[126.91864018988849,37.169848081973186],[126.91859802827146,37.169792583993875],[126.91884837469577,37.1696345067839],[126.91915355789584,37.16951392517861],[126.91962149212198,37.16938557084667],[126.92002550737166,37.169307007169465],[126.92029010590804,37.169305495063156],[126.92075675889089,37.16922359384804],[126.92099875236197,37.16913252616562],[126.92131756203035,37.168941270092354],[126.9222253779711,37.16857752358918],[126.92277387724903,37.16844413668325],[126.92329795834601,37.168448142553785],[126.92330267642883,37.16830735552404],[126.92289194171359,37.16791118995077],[126.92241547973782,37.16779936780839],[126.92207897141411,37.16760006576561],[126.92192259680901,37.167413550436926],[126.92147760365883,37.16732849942079],[126.9208673983645,37.167090434412266],[126.92016762369346,37.167049408504745],[126.91982832804081,37.166990607157835],[126.91864105124439,37.16712043499338],[126.91812722741929,37.166920437586214],[126.91732476294581,37.16683652370671],[126.91701542944423,37.166262163130405],[126.9164955438676,37.165985287021854],[126.91596630841444,37.16604375373401],[126.91564585988087,37.16628004627691],[126.91531445421322,37.16563442974494],[126.91520577103553,37.1648326960655],[126.91530967508797,37.164577664896356],[126.91535236502276,37.16400524120053],[126.91506786402412,37.163586884041024],[126.91499996633993,37.16340707444439],[126.91517164960865,37.16275166025729],[126.91509842304416,37.16154674805995],[126.91432420511185,37.16064281577286],[126.91578336412462,37.159052786424866],[126.91541684714065,37.15849114828628],[126.91488726465671,37.15743887575638],[126.91620936257085,37.15701756576218],[126.91676662192089,37.15669697445034],[126.91746336725049,37.156175168671005],[126.9169741440274,37.15583712289622],[126.91712832040578,37.155700525822496],[126.91871966003855,37.15488449844606],[126.91870174898678,37.15486928980866],[126.91923346179797,37.15455710315016],[126.91963066659733,37.15435520984699],[126.92058595920032,37.15467573861342],[126.92080422559302,37.15502504486195],[126.92100404540078,37.15502152352179],[126.92165741937809,37.15575970066273],[126.92202207636893,37.156075313397146],[126.92211402665791,37.15611930135742],[126.92234124212956,37.156156621819925],[126.92248494930811,37.15684235461484],[126.9228707979838,37.15785777096749],[126.92357980715616,37.15831855021346],[126.92424822586258,37.15919300740098],[126.92422339300926,37.159402774029274],[126.92431008925362,37.15960218758779],[126.92528412418987,37.159897912021734],[126.92500283294785,37.160622509186695],[126.92508611525058,37.16053949514988],[126.92596712179984,37.1606583225132],[126.92621590995424,37.16095977424194],[126.92678887870736,37.161102052470014],[126.92820812112294,37.16127413878668],[126.9294841148255,37.16152468346755],[126.92973156575836,37.161769800973886],[126.92986361613524,37.161827323418734],[126.93074697894315,37.16178577703794],[126.93042446272133,37.161387486466204],[126.92990707275051,37.16039541620035],[126.93000846764504,37.1602667365918],[126.92999673780946,37.160066469562864],[126.9298421757432,37.15970876992486],[126.93038455674389,37.159427771372],[126.93091485887336,37.15932318322317],[126.9315462289438,37.15944752074098],[126.93178410003374,37.15991970050772],[126.93197407135392,37.16066363382808],[126.93199160526905,37.16104274050267],[126.93289425022539,37.16080219777999],[126.93312039260748,37.16068913834333],[126.93367652230361,37.16080152173628],[126.93420076414007,37.160757335947],[126.93606922912672,37.15997615391533],[126.93698787273487,37.15976470267154],[126.94426207486501,37.15766131273999],[126.94379014730072,37.157165226654705],[126.94387149910018,37.15659675773797],[126.94382380857387,37.15615691318791],[126.94390332906598,37.15590775771363],[126.9437675949744,37.15536368107644],[126.94383032931387,37.15498160248792],[126.94390815413797,37.15371623024749],[126.9445040521146,37.15281180794336],[126.94471504961804,37.15221354837301],[126.94526999404945,37.15147945622785],[126.94633807203003,37.15054609757917],[126.94675259480833,37.15031332283457],[126.94756816131294,37.15008675641032],[126.9481251351105,37.15013684809822],[126.94855541156087,37.14979127028754],[126.94859084400473,37.14970972355803],[126.94886921177321,37.14953885170848],[126.94976584964719,37.149266960151444],[126.95012103169381,37.148896005152935],[126.95046402758533,37.1488544840009],[126.95076157636221,37.14892049886949],[126.95111294323632,37.14872017115808],[126.95235287100475,37.14847742241307],[126.95239190657863,37.148226840775436],[126.9523432972477,37.147539492831086],[126.95263855194047,37.14681652772656],[126.95257259777874,37.14655125002178],[126.95261062552983,37.1462209780767],[126.95275780691739,37.14572631159259],[126.95298888011156,37.14548453189181],[126.9534999117508,37.14530115688031],[126.95394491620874,37.14521771584044],[126.95437770341108,37.14526772986045],[126.9545141286596,37.14525833377471],[126.95491865336791,37.145072243678925],[126.9550365797,37.1438772229804],[126.95534888579887,37.14358186439864],[126.95653958275214,37.14318219104174],[126.95672935822482,37.14318799301865],[126.9568470596885,37.14310623134507],[126.95703127490879,37.14303609033288],[126.95802803911818,37.142706386281404],[126.95859153379648,37.142563612283624],[126.9594398612775,37.14376853793676],[126.9603674363793,37.143943150138284],[126.96064759509815,37.14395378048216],[126.9607458582527,37.144074629046465],[126.96160814238057,37.14407689560749],[126.962141599926,37.14399992560753],[126.9624728790464,37.14386301029836],[126.96319906090655,37.143677552850434],[126.96335236058168,37.143144599628016],[126.96444609239676,37.14241114682393],[126.96546793579081,37.14089871023351],[126.96541761461816,37.13975868942519],[126.96534151840083,37.13938206240621],[126.96574561659254,37.1389278459086],[126.96582323688864,37.138794685159404],[126.966158691022,37.13859824823362],[126.96630438986263,37.138001342037576],[126.96628451528628,37.1376378157921],[126.96661911593033,37.137371535108116],[126.9664270859785,37.136594886609004],[126.96649401807717,37.13559276282058],[126.96634296036174,37.13484033705772],[126.96676557602822,37.134361776192506],[126.96673060480231,37.13390323398718],[126.9662849659654,37.13340080385794],[126.96453114402635,37.13313761266795],[126.96433762566562,37.133034831728885],[126.96424282086679,37.13223142156062],[126.96405185767598,37.13174307817199],[126.96353971180838,37.13128312587751],[126.96346698400978,37.13113977149608],[126.96318311340757,37.13081775029726],[126.96273990206575,37.13041137502135],[126.96265679065104,37.12995406324392],[126.96224084531097,37.130132731131866],[126.96192679468324,37.13047108057495],[126.96155432859993,37.13021964322452],[126.9608131170323,37.12999709038134],[126.96052311973487,37.1298180233185],[126.96026385898936,37.12944655473945],[126.960198615779,37.12918756925001],[126.96020998707726,37.12903359046605],[126.9600950526551,37.128936975933634],[126.95978314929053,37.12900275173251],[126.95901968782829,37.1280282233688],[126.95855497219547,37.12776738883597],[126.95886101346414,37.12743059522065],[126.9590206339942,37.12716038928646],[126.9592164313413,37.126669943332615],[126.95914447590339,37.12643198384395],[126.95912060728233,37.126031564793536],[126.9596171608963,37.12600161874206],[126.9596184101853,37.125982183235415],[126.95991820505616,37.12595329326592],[126.96048314645728,37.12593997418354],[126.9606899656624,37.125854724874365],[126.96077524406073,37.12584940080526],[126.96141528955822,37.126126694073605],[126.96169757002544,37.12632108455444],[126.96182327196195,37.126352373968714],[126.96193404777064,37.126329884814],[126.96213490728339,37.12621648186381],[126.96251948493732,37.12613804578429],[126.96289454178941,37.12610550563325],[126.96310427614193,37.12617202630067],[126.96335657308367,37.12620674502281],[126.96369770595007,37.126144337816875],[126.96442022176241,37.125717691695634],[126.96448356837156,37.125619162307345],[126.96465381938037,37.12551362119349],[126.96473985818571,37.12537651580053],[126.96514579992515,37.12510801806364],[126.96533700652446,37.12492307140727],[126.96553186145071,37.12484992042728],[126.96599445790649,37.12483823837552],[126.96614304905074,37.124795483097785],[126.96631868144047,37.124847625399575],[126.96653934422272,37.12483474140662],[126.96663589697155,37.12477958029015],[126.9666809695497,37.12464556159247],[126.96691114845737,37.124585645874525],[126.96730899285929,37.12470769174719],[126.96797821566895,37.125022404973095],[126.9682516092945,37.12506218295658],[126.96883939311046,37.12505643513972],[126.9693547031191,37.12514077202825],[126.96982996180455,37.125131041700556],[126.97047901912546,37.124926224004525],[126.9714369603249,37.124816938024004],[126.9714853287223,37.1247778074749],[126.97170555468503,37.12409446670926],[126.97191619156833,37.123639764457764],[126.97196427789318,37.12342606338615],[126.97206985639201,37.123205331330325],[126.97224005034415,37.12320931075364],[126.97242704618664,37.12341041051318],[126.9726017766233,37.1235016837088],[126.97310077782389,37.12346378931459],[126.9739235849775,37.12357351634578],[126.97428097617396,37.123708757552016],[126.9747571937615,37.123981435222845],[126.97498187519801,37.12401724876253],[126.97518584886423,37.123961825766216],[126.97561353766277,37.12370905626517],[126.97591951070466,37.123602969016844],[126.97628371768816,37.12335328292866],[126.97645568200325,37.123310798716304],[126.97748075145032,37.123231330317246],[126.97810508787063,37.123269749675835],[126.97842048984631,37.12333429122072],[126.97862462844218,37.1232771683314],[126.97883900409816,37.12312009192953],[126.9789436218581,37.12311335438142],[126.9790624688549,37.12315870884232],[126.97914841032588,37.12325558922921],[126.97899008027676,37.12357486577422],[126.9790589608159,37.1237204627994],[126.97948377218731,37.12422006145276],[126.97972366958282,37.12461319164984],[126.97986697865188,37.12475199605577],[126.97996261539888,37.12464701494516],[126.98018854097094,37.12471872710156],[126.98084624936315,37.12478271877831],[126.9812619409909,37.12473457471373],[126.98179164468006,37.12459923463171],[126.98187842444804,37.1245241830379],[126.9819695335624,37.12423333635183],[126.9820850042217,37.12416217164466],[126.98251612113006,37.12406185573282],[126.98401138148151,37.12357099259658],[126.9839882346608,37.123421313800726],[126.98372754978813,37.12321304971481],[126.98360032403738,37.123039757646126],[126.98348324881334,37.12272103697294],[126.98340495926747,37.12260082414111],[126.98323113486113,37.122494922892365],[126.98288635267893,37.12247180278849],[126.98283147129888,37.12234411412051],[126.98244137054134,37.121945019086496],[126.98235943978624,37.12146642668093],[126.98217198048793,37.12091393111293],[126.98223575474927,37.11973637790383],[126.98130960066653,37.11959346009847],[126.9805914244006,37.11952350322179],[126.97997532365603,37.119711488898574],[126.97953208865223,37.11976800364087],[126.97889573615699,37.120041020829774],[126.97861248556042,37.12008179368131],[126.97838348137823,37.12015878952444],[126.97807010354728,37.120140463799906],[126.97802783982335,37.1201808668969],[126.977263406539,37.12013742663372],[126.97723003742111,37.12004580904337],[126.97598098026364,37.11983346650048],[126.9759877757397,37.11950120227182],[126.97595914129249,37.1194302376643],[126.97572768513328,37.11917057588478],[126.97558565167037,37.11910324443198],[126.97494077115297,37.118578794995294],[126.97486192132489,37.11834196958482],[126.97480699376547,37.11756113695329],[126.97439496237415,37.11738280551544],[126.97397200922553,37.117265003758085],[126.97251899432922,37.11757013313348],[126.97163621401856,37.117805540969876],[126.96975298191438,37.11815849096353],[126.9686348761646,37.11818174886046],[126.96810535758391,37.11796953668689],[126.96778185582642,37.117616004897194],[126.96784086912186,37.11723902815552],[126.96784124588459,37.11639077327743],[126.96792977254759,37.11580174063691],[126.9684301023736,37.11547200411874],[126.9685482108264,37.11450596783727],[126.96893119163614,37.113327949729694],[126.9686961837018,37.11247963777968],[126.96778482361026,37.110924255786756],[126.96725545262085,37.11047641277692],[126.96525074479025,37.10948913932548],[126.96448954561689,37.109396122056516],[126.96389392648521,37.109130861263765],[126.96379483346215,37.108719955872125],[126.96318277975035,37.10824261340285],[126.96250450383187,37.107831527423045],[126.96201055697998,37.10749077267429],[126.9618286039745,37.10751577108215],[126.96134925540433,37.10746859277204],[126.96093040348613,37.10773088195162],[126.96045921505949,37.107887278756465],[126.96028427722484,37.108251022037415],[126.9580562425928,37.108767208901256],[126.957425557561,37.108392748072255],[126.9567271905308,37.108315057664605],[126.95545354473956,37.10872876991738],[126.9551553108613,37.108592367695785],[126.95433883912278,37.10707883485164],[126.95452338147696,37.106849984539984],[126.95461640778619,37.10678159502732],[126.95448045026258,37.10663427267369],[126.95442446380599,37.10647994359897],[126.95458937054045,37.106164639127904],[126.95536370053667,37.10551530585601],[126.95483344571643,37.1049994230207],[126.95465164329099,37.104955269862316],[126.95456469622222,37.1048395126273],[126.95482543739584,37.10388082530357],[126.95464958979288,37.10286312782358],[126.95432785059263,37.10211962519979],[126.95376380667763,37.10182852873566],[126.95415639173166,37.10111910181331],[126.95385214210383,37.10054539160133],[126.95396724996203,37.10030299885085],[126.95386716744449,37.100135983220554],[126.95384271475487,37.099882271056934],[126.95387353566585,37.09950692911569],[126.95308403593917,37.09942692810643],[126.95211502804732,37.099172817370366],[126.95156242568974,37.09888847202225],[126.9511482521363,37.09873230575381],[126.95011195433334,37.09873239332866],[126.94971896190034,37.09866491221455],[126.94951885771295,37.09855927437497],[126.94914612854441,37.098212202398095],[126.94897911920624,37.098191070914105],[126.94900046666717,37.09806474324445],[126.94863543683424,37.09799216510809],[126.94852936851699,37.09801693631532],[126.9485886172158,37.09713540809074],[126.94795833356444,37.09717753289597],[126.94801709698129,37.09805075879192],[126.94741766985251,37.09808701116784],[126.94746494349167,37.09796816151075],[126.94730807175686,37.09786553242044],[126.9468986512117,37.097705181457],[126.9466898333388,37.09771353617459],[126.94648057152727,37.097620513030826],[126.94591182030258,37.09686898816501],[126.94564195769159,37.09672441283035],[126.94547133500515,37.09666716896858],[126.94529304845511,37.096768453350755],[126.94527484725928,37.09692898455203],[126.94579424820161,37.099867513486736],[126.94573216102935,37.10032720949711],[126.94551266655056,37.100824723080855],[126.94471600583755,37.10056108420766],[126.94426542901056,37.10137069455802],[126.94361208926988,37.101133570891804],[126.9433901556471,37.101277062770464],[126.9433966249684,37.10131818153929],[126.9431947990702,37.101613460140854],[126.94313431573396,37.1016368030221],[126.94309473496693,37.10195347837048],[126.94311209805862,37.10219641249119],[126.94304790201154,37.10234881332854],[126.94267007261097,37.10257423492848],[126.94252715249496,37.102595843606075],[126.94250930332959,37.10227202042377],[126.94240017002964,37.10201516344723],[126.94243488630273,37.10189889043279],[126.94201470867523,37.102013277974926],[126.9416899345859,37.10216038365641],[126.94106066786499,37.10237913808701],[126.94060030340644,37.10262134215909],[126.94025478329365,37.10300016800453],[126.94011751930255,37.10341317830821],[126.93899948816242,37.10373725547654],[126.93860679274188,37.103754510072655],[126.9381051638789,37.10386773140683],[126.93790019380853,37.10400395198672],[126.93767440049527,37.10441912961333],[126.93773611677953,37.10487614322609],[126.93752816470511,37.10508862782046],[126.93741830855073,37.10527470855096],[126.93740989543191,37.105461096864026],[126.93719288369061,37.1059934419292],[126.93712770835961,37.106038406630674],[126.93685047790517,37.10583297662554],[126.93656580025639,37.10570987059468],[126.93614904820119,37.10573381711224],[126.93595871310404,37.10570388737597],[126.93574587855484,37.105620052377326],[126.93522119413541,37.10579664708546],[126.93515208911502,37.1057679004447],[126.93352026430529,37.105668057924866],[126.93346412506997,37.10574683187931],[126.93281494097937,37.10580989457669],[126.93279539680924,37.10587414933866],[126.93286119187316,37.10634193541552],[126.93260392895527,37.10802782074587],[126.93264022792073,37.10824434855273],[126.93251786966995,37.108554467250066],[126.93233237438803,37.10896097913173],[126.93207487163623,37.10929616706921],[126.93195346952652,37.10963846182412],[126.93153188814414,37.11001742444072],[126.9308083433028,37.110496502791015],[126.93144347871294,37.11131447317745],[126.93172509210339,37.111615313035664],[126.93188862859996,37.11186712866805],[126.93225457166878,37.11231639405107],[126.93185686987489,37.112540795375686],[126.93177215154284,37.112538204751736],[126.93148076463966,37.11273132779316],[126.92997163200907,37.11331625006084],[126.92982799860567,37.113460792372464],[126.92956248427085,37.113566676760755],[126.92956087042162,37.11359628479517],[126.93018605093899,37.113788930095645],[126.93052752800031,37.11398971942624],[126.9307059426571,37.11437184738757],[126.9308149955923,37.114996020960064],[126.93101570995356,37.11528520937414],[126.9311320687356,37.11530093842268],[126.93091142405063,37.11649423133622],[126.9310848304312,37.117201664227196],[126.93140657518666,37.11735722403781],[126.93151135801111,37.117606527117005],[126.9314165475045,37.11776904053004],[126.93198147027331,37.11823101182459],[126.93194881264796,37.118605688014235],[126.93339558358238,37.119042099320986],[126.93370501741698,37.119414647391615],[126.93374873478184,37.11957524955007],[126.93333151042577,37.119962879568554],[126.93388228639033,37.121206644432576],[126.93426122306624,37.12174825930051],[126.93454768956515,37.12173056321964],[126.93473490500611,37.12175731268404],[126.93503822670344,37.122165995409176],[126.93485566852517,37.12231933375866],[126.93487238640778,37.12256626860893],[126.93480228966015,37.12258989381297],[126.93516855782134,37.122949674889725],[126.93500749714744,37.123570466292264],[126.93512749111775,37.124077378364895],[126.93561815581442,37.12455803152446],[126.93646256299637,37.12484711566236],[126.93653280561897,37.12535822371788],[126.9367229679278,37.125464481420224],[126.93733709256291,37.1261344074242],[126.93741480400081,37.12633690832643],[126.93788288836429,37.12693805718558],[126.93804895227518,37.12747623901227],[126.93812131935198,37.128394803979035],[126.93805791478984,37.128710229306904],[126.93805164295001,37.129079209373295],[126.93832754516231,37.12953762463627],[126.93854029888895,37.13000529465303],[126.93885125599557,37.13026515246545],[126.93902351148306,37.13055752781379],[126.93952011111047,37.13074025274229],[126.93977467574797,37.13166086612171],[126.94021872739641,37.132039540605625],[126.94034686487555,37.132528708882504],[126.94026650887699,37.133397625596785],[126.94044864936694,37.13367241587747],[126.94078369869676,37.13402166500446],[126.94046746115288,37.13402963959586],[126.93929137309874,37.133950005587685],[126.93886325738295,37.13406961147554],[126.93842805690818,37.13438362342807],[126.9381774733429,37.13448807564546],[126.93793789419318,37.13452564727811],[126.93719951449623,37.13451275166837],[126.9367247020279,37.13460049866911],[126.93643848145729,37.134603153254126],[126.93602145898957,37.1348055074176],[126.93547889596978,37.13487784973565],[126.93396424954967,37.13494936009705],[126.9283349567899,37.134982062736626],[126.92630028580201,37.135089483241224],[126.92146224233383,37.13521356145904],[126.92152380230935,37.134820824067674],[126.92130493179775,37.13192773338085],[126.92122511755979,37.13157930993817],[126.92021997545916,37.13166934587263],[126.91793024531117,37.13178595168497],[126.9171545560184,37.13175164213003],[126.91535765272516,37.13153058298433],[126.91481605654572,37.12612196560626],[126.91462836891857,37.125339061869646],[126.91412774634802,37.12424249575172],[126.91367772274505,37.12349627778026],[126.91667964598408,37.12258337762177],[126.91724044843502,37.12245386950578],[126.91720871080778,37.12232867520906],[126.91750872075815,37.121530655539665],[126.91763066902078,37.12051055869181],[126.91743004641262,37.120762698973685],[126.91728621585432,37.120890186638654],[126.91725685884649,37.1209809023699],[126.9169615135201,37.12095699429723],[126.91682242045064,37.120870303669406],[126.91632983245809,37.12084057607381],[126.91604989904138,37.1209196681899],[126.91592578356169,37.12102356119018],[126.9158740212575,37.12102496437205],[126.91527806091548,37.120862884660305],[126.91493999222911,37.12080929601736],[126.91478169434804,37.12089000325128],[126.91474233342578,37.12087222399737],[126.91468671585027,37.1209982419006],[126.91444284883677,37.12092597746509],[126.913855114885,37.120852828822535],[126.91085017895381,37.120690090957005],[126.91064187820123,37.12061406187393],[126.91031923997133,37.12036368296463],[126.91022883596199,37.120123661260294],[126.91078048705637,37.11893036354311],[126.91084434167635,37.11871500231544],[126.91077197931425,37.11851911602671],[126.91040261380681,37.118113807363905],[126.91031602774893,37.11807121077168],[126.9100930190244,37.11806788634423],[126.9098160798246,37.11818895473715],[126.90925892827022,37.11834116177598],[126.90916081332746,37.118340453194946],[126.90691031890826,37.117717040905326],[126.90655010263171,37.117665481575784],[126.90616674541398,37.11767301445019],[126.90435460560012,37.11823515498397],[126.90409278881775,37.117699260881814],[126.90381548229513,37.117660376983295],[126.90239329606449,37.11728697067456],[126.90201771885337,37.11711365295649],[126.901533155818,37.116821213897175],[126.90138332121315,37.11677178583214],[126.90089360701826,37.115682749413295],[126.90076017823019,37.11518278131318],[126.9006785999503,37.11467586781109],[126.90053215560171,37.1146247709217],[126.90032408454186,37.114648994308155],[126.9002348654502,37.11401354436917],[126.90019250914958,37.1132657583617],[126.90019704866779,37.112655609741886],[126.9002414806531,37.1121853786559],[126.89996818191243,37.11218710280866],[126.89967784652522,37.11212510842852],[126.89947627457826,37.11232329183118],[126.89904910513557,37.1125417867522],[126.89887962587939,37.11259488896003],[126.8978449689367,37.11276247413603],[126.89767164812788,37.11281239054565],[126.89755544807046,37.11288810399559],[126.89734106019235,37.112927970897594],[126.89728982186476,37.112961771418114],[126.89661899534485,37.112747149475496],[126.89550788186763,37.111555648866094],[126.89523056282262,37.11091890170925],[126.89223918454371,37.11182200464682],[126.89212026840103,37.11171103668876],[126.89191160449991,37.11191230044314],[126.89157530053386,37.11185835209256],[126.89128804664082,37.1118509373143],[126.89105896679646,37.11175655586034],[126.89100388198473,37.11176604120585],[126.89094425302491,37.11183035665241],[126.89098556487201,37.112084298513246],[126.89087518151852,37.112251081395684],[126.88886485909981,37.112903642185756],[126.88850789705282,37.113096756648325],[126.88735564114471,37.110657482384866],[126.88666645078085,37.10970319686227],[126.88604880297814,37.10869175741706],[126.88576407167984,37.108004869796865],[126.88585726368956,37.10739511390154],[126.88734786917375,37.10471569936019],[126.88835593424463,37.1049157198687],[126.88842240987489,37.10483311324145],[126.88851517295399,37.10435064901076],[126.88852622114165,37.10380424841934],[126.88817935454288,37.10293917941936],[126.88750470775959,37.10210476482353],[126.88716895901855,37.101392243825536],[126.8869055557991,37.100062638564],[126.88655082356168,37.09976541445954],[126.88602379412205,37.09953439277584],[126.88519352774615,37.09939122331025],[126.88448431080748,37.09922197289962],[126.88391039957943,37.098827318260824],[126.88367288602947,37.09849472609048],[126.88334206399529,37.09741041303196],[126.88322132286228,37.09664850952979],[126.88297551933415,37.09616336781462],[126.88265678681293,37.0958129593869],[126.881797172568,37.09509265206354],[126.88034891103361,37.09406421613844],[126.87988788593097,37.09343445800752],[126.8789398650198,37.09442729403956],[126.87804703925138,37.09550666892766],[126.87783292511354,37.095890663625845],[126.87761859836527,37.096194284300985],[126.87696836013117,37.096930592473576],[126.87698635189828,37.097004048104175],[126.8776689447392,37.09734061974896],[126.87783787899322,37.09943033549876],[126.8776694456356,37.09945831839429],[126.87736985535646,37.09962076322521],[126.87661956955036,37.100762627475504],[126.87657214638483,37.10095152094918],[126.87647451287798,37.1011096627713],[126.87654936828802,37.10133444686389],[126.87655061906267,37.10207219082443],[126.87604387191884,37.10206855530922],[126.87556152945541,37.10155190852087],[126.87501062191102,37.10125707328121],[126.87476416722883,37.10127370464201],[126.87377686733485,37.101482420666876],[126.8735777051627,37.10149177602416],[126.87332024562467,37.101462212999316],[126.87290845669966,37.10206480918641],[126.87284271688726,37.10230969176217],[126.8726070075214,37.102595575940505],[126.87185431648592,37.10261967939533],[126.8714583073437,37.10269446457063],[126.87058393154749,37.102736195211456],[126.87016558117844,37.103050824485486],[126.8693750210437,37.10341149638276],[126.86925784626861,37.103979590256834],[126.8686181068718,37.10404524847053],[126.86830413597701,37.1040398488057],[126.8677123004637,37.103962503904505],[126.86743074106661,37.104078241338506],[126.8673311118839,37.104180579300206],[126.86716324217136,37.104251213337605],[126.86672222922175,37.10410398169742],[126.86600485312235,37.10441012129917],[126.86584506865462,37.104415368651864],[126.86559728001978,37.1046643390717],[126.86540701129927,37.10501600204777],[126.8655029245746,37.10523200622163],[126.86554680113693,37.105545534925824],[126.86523214750446,37.10587514074391],[126.86505433624706,37.1062221316953],[126.86485797506043,37.10629373199553],[126.86488083462496,37.10631821837145],[126.86482582664824,37.10655327790623],[126.8648737781178,37.1067642882065],[126.86451268169732,37.10732025701315],[126.8641782777766,37.10754573908215],[126.86385362841452,37.10793828709874],[126.86378103240047,37.10822569759768],[126.86394526971581,37.10859989669946],[126.86381007820513,37.10880910038121],[126.8637678654845,37.108809520442804],[126.8637859218837,37.10902098332502],[126.86300955231293,37.109743179174195],[126.86267842123877,37.1100967362566],[126.86261218001245,37.11027321057571],[126.86271754167122,37.11062559491227],[126.86269729706014,37.11092967724377],[126.86227675953064,37.11143123576914],[126.861927575378,37.11213196609583],[126.86107767233437,37.112477589454045],[126.86076107456482,37.11256703259246],[126.85975308749838,37.11254781068376],[126.85937374817716,37.112627046118],[126.85938097614476,37.11299198219928],[126.85909243296511,37.113303348460455],[126.85875772807992,37.113953958394504],[126.85810000006256,37.11435694715324],[126.85794039788192,37.11471689697646],[126.85788253674836,37.11510202895184],[126.85754471661974,37.11533730046072],[126.85709374167047,37.115169397719306],[126.8567957595977,37.11537161901648],[126.85663149582433,37.115681247766055],[126.85565019005053,37.11527488285126],[126.85526260343026,37.11564381235157],[126.85541082913905,37.11594191198912],[126.85565978494685,37.116238872610296],[126.85509041235433,37.116577753019726],[126.85504070646188,37.11654732640604],[126.85495450961737,37.11658746970804],[126.85382803215191,37.11680304621928],[126.85360445288308,37.11715426993977],[126.85263317728122,37.116480370291846],[126.85225040010135,37.11641681583241],[126.85177491591428,37.11620249360349],[126.85133993548983,37.116132112949984],[126.85103501130033,37.11590871331273],[126.85044378990963,37.11572830949123],[126.84986360880184,37.11529844091888],[126.84969524002055,37.11509774085535],[126.84943611076308,37.11500646407759],[126.84907602311365,37.114938981513944],[126.84887439683648,37.114934785236265],[126.84862511187248,37.114845762881785],[126.84761482469743,37.11473238356224],[126.84641925984702,37.11444615515999],[126.84518945246099,37.11406169905584],[126.84481765857416,37.113820922646404],[126.84441538790439,37.1138295989324],[126.84423957953977,37.11373651163985],[126.8440477256396,37.113724354586985],[126.84357422115394,37.1136216078254],[126.84318446898698,37.11365455309882],[126.84300896385665,37.11361606887072],[126.84268634191444,37.114308775815225],[126.84226165300005,37.1147971919866],[126.84144402446745,37.115484651196695],[126.84008920314568,37.11629259425658],[126.83917396549901,37.11649944435758],[126.83837508884082,37.116558673423945],[126.83538945640576,37.116405989444964],[126.83457302535619,37.11641448368875],[126.8328485706963,37.1167320363686],[126.8305049202012,37.11725172420151],[126.82979628882417,37.11730678221291],[126.82876209433402,37.117309191050836],[126.83036624496232,37.11848305603219],[126.83023859358234,37.118799643910414],[126.8296661989197,37.119067300129004],[126.83006445398321,37.11953729488993],[126.83003428982342,37.11965787516591],[126.83004939838011,37.12004985384968],[126.82981607389,37.12059943429361],[126.82965816517442,37.12115138427149],[126.82943123578478,37.12128226356928],[126.82928191818006,37.12232294733599],[126.82899761312741,37.122540565932276],[126.82852525348262,37.122666299154034],[126.82809435015491,37.122731836552525],[126.82847481257376,37.12372861495541],[126.82764892626295,37.12451638380273],[126.82695354616158,37.125580844484915],[126.82628072945637,37.12638430889472],[126.82607494017638,37.127093020383384],[126.82585271359669,37.12768738055897],[126.82577171903853,37.1282607585349],[126.82627877522643,37.12823095846268],[126.8268524214753,37.12830307167246],[126.82703453211815,37.12828964137586],[126.8277682445264,37.12819447620613],[126.8281991896164,37.12802173722313],[126.8285437353053,37.127936274736804],[126.82888936719215,37.12961734426702],[126.82889136771927,37.12977845695931],[126.82865464628019,37.12990390323464],[126.82857393362764,37.13001434679406],[126.82453215553106,37.12948987238731],[126.82429451078998,37.12952520243791],[126.81655744687589,37.13591218645526],[126.81534101681007,37.13694768855297],[126.8152470021554,37.137009625112945],[126.81473541153198,37.137174711844246],[126.8146375539573,37.13724394049909],[126.81437442927027,37.137515921048816],[126.81384872913007,37.137971211496236],[126.8135198606299,37.13843068754496],[126.81306332544715,37.138719927759226],[126.81286797027754,37.13898164774843],[126.81267989584751,37.139074430179015],[126.81229491256425,37.13909968159708],[126.81216487345208,37.1391893473199],[126.8121980247128,37.1392190978796],[126.81205850128119,37.13952917923102],[126.81229628075651,37.13973398123701],[126.8121965113833,37.13982674770285],[126.81318320062408,37.140490872311034],[126.81655561330508,37.143340975337225],[126.81668179593385,37.143230792590266],[126.81644317336118,37.143570441633926],[126.81651855051103,37.14363092930875],[126.81645440828561,37.14380541744017],[126.81642748714843,37.14380904306097],[126.81639557626904,37.14369861387854],[126.80816069964074,37.144805305560155],[126.8080362628988,37.14484227097642],[126.80746351760466,37.145298897928924],[126.80740810852704,37.14537286413783],[126.80604271705243,37.14870257400774],[126.81125682996647,37.14931204994564],[126.81386317581823,37.14974873737411],[126.81821823513044,37.150410331858026],[126.82012078460217,37.150440832162765],[126.82077231610148,37.150394423509255],[126.82166122973017,37.15016680543831],[126.82306289458712,37.14963962447608],[126.82382977612926,37.14945767173614],[126.82395357650292,37.1493708134331],[126.82403741758124,37.14923370672359],[126.82411651747448,37.14919949379928],[126.82418865244888,37.149206809288664],[126.82438022424424,37.1493588315489],[126.82449102977851,37.14939062283157],[126.82516351551259,37.14938062380824],[126.82614874226626,37.1494546983356],[126.82698045372334,37.14966829484909],[126.82797981990366,37.149862575998235],[126.82847796896891,37.14989267244302],[126.82954660092457,37.14987366995342],[126.83155916380386,37.14997728552356],[126.83230767684286,37.15010377424868],[126.83341824940119,37.15041386274142],[126.8336362909463,37.15051679954798],[126.8337824188665,37.150406624907255],[126.83411972584477,37.150277525256435],[126.83497435869712,37.15026502218436],[126.83529154605732,37.15017391584715],[126.83636865232916,37.14977551977799],[126.83721807142955,37.149514299341746],[126.83799278218692,37.149180166968506],[126.83891401884253,37.14891254666046],[126.8394031602526,37.14867785568367],[126.83951942179431,37.148578444355714],[126.83958528738204,37.1484655407418],[126.83956718958214,37.14792082616291],[126.83960113948027,37.14778183872014],[126.8399577689044,37.14749938828668],[126.84007862236871,37.14745787382584],[126.83984754033983,37.146234496668974],[126.83984447633587,37.146082937979465],[126.839906740111,37.14596230899453],[126.84043114577464,37.14551064113631],[126.84197398482185,37.144455125709534],[126.84247018915363,37.14380855516061],[126.8442378604032,37.143238138082516],[126.84545289268715,37.14288432713557],[126.84573136495358,37.14275547611878],[126.8458921709892,37.142642155368364],[126.84667835262145,37.14160336261442],[126.84721349708886,37.141270535262066],[126.84779459826221,37.14068186342586],[126.84786232731233,37.1400211470957],[126.84789709655469,37.1390801315694],[126.84783337342307,37.13836622612875],[126.84724537426732,37.138101147374236],[126.84729091869374,37.13775930945537],[126.8476741347419,37.137251270955126],[126.84841654253766,37.13657850677543],[126.84848683829217,37.136533696788696],[126.84871033794967,37.13647903916563],[126.84985670017724,37.13673960932619],[126.8502345577151,37.1367702223953],[126.85159572091497,37.13683724318035],[126.85423619396356,37.1368308745202],[126.85454664598883,37.13686919412669],[126.85464081182926,37.137056162602065],[126.85458911764246,37.13712037006043],[126.85476292595725,37.137672904506275],[126.85477007687403,37.13794984343646],[126.85467179631036,37.13809280059382],[126.85367640409858,37.13905773457115],[126.85360121781989,37.13918071577568],[126.85358561293818,37.13929916792196],[126.85364852138726,37.1395623264],[126.85384348327017,37.14010566122328],[126.85468189021398,37.14082517581468],[126.85630903195626,37.141128726250834],[126.85646664332761,37.1411150697143],[126.85793158641835,37.14060363932691],[126.85814567440282,37.140560242960355],[126.85945828426762,37.14130568758053],[126.85958512906285,37.14133035755574],[126.85970356664683,37.14145839427087],[126.85989538513226,37.14157547242758],[126.86028688307043,37.14175418583316],[126.86025956502793,37.14197265889384],[126.86025108941122,37.14343141627765],[126.86028903694593,37.14373850434682],[126.8604482598113,37.14405230575985],[126.86105272447662,37.14469728436725],[126.86127532277142,37.144870757592486],[126.86164319378257,37.14492629997696],[126.8620521281267,37.14494515461887],[126.86238122043038,37.14488562210691],[126.86235305042878,37.14481664572064],[126.86250046768338,37.144795881601596],[126.8627192267201,37.144812464170165],[126.86315787118669,37.14518522975375],[126.86390691990002,37.14488903262467],[126.86426424459984,37.14501474731167],[126.86523391421241,37.14496152347529],[126.86564926722991,37.14489667357459],[126.86598139671771,37.144654049991736],[126.86671028311994,37.1437166596052],[126.86679923076399,37.14383952899664],[126.86671333161412,37.14397684225583],[126.86674187889301,37.14424860515074],[126.86706975996151,37.144411726332734],[126.8673680970881,37.14467731449831],[126.8677373950841,37.14469237478116],[126.86825683546401,37.14484078652118],[126.8685348088807,37.14488445775049],[126.86924865147243,37.14520091197049],[126.86912420458437,37.14536380154414],[126.86866277197906,37.14572962593756],[126.86853783156542,37.1458005341746],[126.86845814656137,37.1457715109443],[126.86825650585098,37.146022453735384],[126.86817848270303,37.146181176922454],[126.8677752924562,37.14643104395165],[126.8673556362493,37.146742837202154],[126.86677555388515,37.14726998032629],[126.86670101583438,37.1474543325467],[126.86625810257722,37.14787506979275],[126.86611979229474,37.14821195843844],[126.86629781551517,37.148980876332594],[126.86651765740332,37.14928916916618],[126.86663578488701,37.1495216041566],[126.8669513518553,37.14969851410411],[126.867841776058,37.150041642364094],[126.86853622120991,37.15061064579741],[126.86866027563347,37.15067780408469],[126.86908291736721,37.15078808911456],[126.86917902093442,37.15084282642244],[126.86926387286314,37.15090120954019],[126.86923413542242,37.1511126354027],[126.86962586108416,37.15149911834217],[126.86972849121445,37.151550764538214],[126.86998155185137,37.15177968785215],[126.87013185304241,37.15182490556841],[126.8701316581735,37.15193753768438],[126.87121990293757,37.15264465765298],[126.8711743476788,37.15274175126533],[126.8713069477042,37.152759638963445],[126.87199321221543,37.15309771681081],[126.8720508069694,37.153055546390426],[126.87239377331976,37.15337354104966],[126.87252997218931,37.15344661207127],[126.87298572983671,37.15343105892153],[126.8733456122137,37.15352775277593],[126.87375021543134,37.15350003178569],[126.8738270018874,37.153438167589776],[126.87366322390929,37.152929455546484],[126.87381062407256,37.152820930500205],[126.87396922572849,37.15275239534542],[126.87410381068085,37.1527345190121],[126.87424849238872,37.15277690702376],[126.87418961957218,37.1530654589942],[126.8742657515774,37.15328686677794],[126.87495441091397,37.15431986586053],[126.87524390911435,37.15464624772061],[126.87532832222556,37.154866248821506],[126.87553159014875,37.15501823671381],[126.87558876517377,37.15511375485109],[126.8755946239026,37.1554020978144],[126.875677320045,37.15559929105677],[126.8758999622074,37.155835484479866],[126.87606566143079,37.15594293964467],[126.8761926609329,37.156152009722845],[126.87617452470151,37.15637725348008],[126.87625675072508,37.156437593109],[126.87628283998383,37.15650886700141],[126.87626483821651,37.15686447416078],[126.87629396291007,37.15694252356612],[126.87665280697205,37.15725046107933],[126.87644689296368,37.15787271716607],[126.87505732518736,37.16132480657327],[126.87469002645648,37.162794531324785],[126.87395477870429,37.16610650660295],[126.87377688130813,37.16717377897549],[126.87363049074625,37.17188610609435],[126.87355384495135,37.17258067690496],[126.87347123426882,37.17680959395714],[126.87341680237142,37.17790388938641],[126.87387699849535,37.178171987044706],[126.87417654177575,37.17822749870149],[126.87459858912787,37.1784720715475],[126.87513714598805,37.17890515009582],[126.8759518527277,37.17993405672664],[126.87664242744441,37.18092228008361],[126.87731430765298,37.180766150065416],[126.87763242301835,37.180772953094674],[126.8778316627803,37.1808435598626],[126.87793562145478,37.18097037325733],[126.87807926162593,37.18103697569922],[126.87843842765197,37.18134032601602],[126.87892300856359,37.18166745792618],[126.87901658319757,37.18179680071849],[126.8791408637083,37.18208921059193],[126.87954614855474,37.18210909146938],[126.87979938864716,37.18216050418586],[126.8810734551873,37.182241305141474],[126.88207541616698,37.18256531734954],[126.88180030736667,37.182882856703735],[126.88208080694585,37.18340497259509],[126.88215720381382,37.183383595408124],[126.88234968048573,37.18373829733808],[126.88170322739036,37.18412065293244],[126.8811581538715,37.18485233620654],[126.88112033731522,37.185617935275744],[126.88099828987036,37.18608800413146],[126.88075936119857,37.18666617897889],[126.8805036158177,37.18705265614562],[126.88055926983486,37.18749890126245],[126.88053408896474,37.18810573975113],[126.88059934700468,37.18804643603806],[126.88068746581558,37.188100489786365],[126.88062419520493,37.188156461653044],[126.88030419701356,37.188209638839915],[126.87953056657375,37.18813647224737],[126.8793357452555,37.18814894911171],[126.87727682124046,37.188501306866875],[126.87790703845604,37.189113839696105],[126.87893173076343,37.19020770175369],[126.8790663087418,37.19045055490505],[126.87916502812493,37.19078404427105],[126.87921314676393,37.19117154332272],[126.87620652731786,37.191717201749505],[126.87555168084522,37.19257671724118],[126.8764095798232,37.1929273669055],[126.87582523047745,37.193122248220966],[126.8755377660679,37.193264596688614],[126.8755283785895,37.193270607658384],[126.87582519999799,37.193122290538476],[126.87640954821785,37.192927409221994],[126.87679331875887,37.19314798470431],[126.87679666428647,37.19336677992387],[126.87675819218329,37.19353709106815],[126.8767012309127,37.19361426279998],[126.87897707931535,37.19320638913527],[126.87881883493571,37.193769385118884],[126.8787205902035,37.19428126250339],[126.87866950963692,37.194388074998884],[126.8821899114241,37.19718661036669],[126.88287083880206,37.19717024484736],[126.88480542547998,37.19723079840478],[126.88545524973806,37.19719625862041]]]}},{"type":"Feature","properties":{"HAKGUDO_ID":"Z000210405","HAKGUDO_NM":"기안중학군봉담중학군공동학구(단,화담중지원제한)","HAKGUDO_GB":"1","zone_type":"공동통학구역","city":"화성시","base_date":"2026-03-20","schools":[{"school_id":"B000009442","school_name":"화성동화중학교","school_level":"중학교","road_address":"경기도 화성시 봉담읍 동화역말길 12","jibun_address":"경기도 화성시 봉담읍 동화리 631","lat":37.21386594,"lng":126.9623033571,"city":"화성시"},{"school_id":"B000009444","school_name":"와우중학교","school_level":"중학교","road_address":"경기도 화성시 봉담읍 동화역말길 55-40","jibun_address":"경기도 화성시 봉담읍 동화리 238-63","lat":37.219139298,"lng":126.9660070936,"city":"화성시"},{"school_id":"B000024723","school_name":"수현중학교","school_level":"중학교","road_address":"경기도 화성시 봉담읍 상리3길 136","jibun_address":"경기도 화성시 봉담읍 수영리 691","lat":37.22638096,"lng":126.9508227,"city":"화성시"},{"school_id":"B000009433","school_name":"기안중학교","school_level":"중학교","road_address":"경기도 화성시 효행로291번길 29","jibun_address":"경기도 화성시 기안동 365","lat":37.224341646,"lng":126.9753191794,"city":"화성시"},{"school_id":"B000009443","school_name":"봉담중학교","school_level":"중학교","road_address":"경기도 화성시 봉담읍 샘마을길 53","jibun_address":"경기도 화성시 봉담읍 상리 11-40","lat":37.2165510515,"lng":126.9533521312,"city":"화성시"}],"school_ids":["B000009442","B000009444","B000024723","B000009433","B000009443"],"school_names":["화성동화중학교","와우중학교","수현중학교","기안중학교","봉담중학교"]},"geometry":{"type":"Polygon","coordinates":[[[126.96213660643426,37.21562793803704],[126.96243788172528,37.21522564866667],[126.96268772761687,37.21473235612329],[126.9643915535371,37.21514576133136],[126.9648717259157,37.215305544559655],[126.96525991777312,37.21397042149467],[126.96564831804777,37.21200370771023],[126.9671088844284,37.21201604226144],[126.96788078763167,37.21193744373647],[126.96898036502506,37.21154101073197],[126.96884638298273,37.21096683720749],[126.96895033550604,37.21066545778698],[126.96930959168704,37.2100880880863],[126.96969744919059,37.20982242853638],[126.96981285663371,37.209083910192724],[126.970265632436,37.20878210069641],[126.97050858745887,37.208731111511185],[126.9704943775623,37.20827918063583],[126.97012369212676,37.207825289773176],[126.975123805446,37.20913564573372],[126.97815443106502,37.2096068611695],[126.97921431211847,37.20970584125784],[126.97917259448592,37.209895768150986],[126.97929474150627,37.210409012536836],[126.97980428273338,37.210339824151156],[126.97978459253625,37.20996050561808],[126.97991636386811,37.2098347918542],[126.98085956198516,37.20967985921276],[126.98092322350564,37.209383587869944],[126.98087075016984,37.209414866583856],[126.98026128456617,37.20932032388916],[126.98027442472227,37.20926781375581],[126.97991201909866,37.20922153436858],[126.97997512581767,37.208952673376515],[126.97965737163787,37.20890010330536],[126.98031146884665,37.20805798378595],[126.97973908006634,37.20765037446547],[126.97986007784502,37.20697821840822],[126.97992387626947,37.20692400489813],[126.98016706556433,37.207045138988576],[126.98045257119392,37.206701767124294],[126.98013332782563,37.20651614077766],[126.9800177335863,37.20665896133245],[126.97944005965616,37.206410986975634],[126.97866276487439,37.20627640370636],[126.97818489166765,37.205999032645266],[126.97632575731446,37.20550712351508],[126.97569022449146,37.20555739959725],[126.97483536602186,37.20593257732039],[126.9733542162268,37.20563844050435],[126.97259365290374,37.20542242020548],[126.97125520880012,37.20544875788494],[126.97055834202284,37.20543396268095],[126.97008092554337,37.20506129087295],[126.96931615034597,37.20424536099461],[126.96924241945155,37.20380438900079],[126.96936355214932,37.20328660960151],[126.96987460780542,37.20261968506908],[126.97002884187015,37.202473872784104],[126.96983567293967,37.20144325319558],[126.96992529322974,37.20051885995923],[126.9701636180426,37.20002504288559],[126.9703784825185,37.199689739696204],[126.97052237326551,37.198183832857154],[126.97073369830258,37.19786103464202],[126.97098016071821,37.197382652737026],[126.96965984623297,37.19749587707858],[126.96910829321303,37.19818944203729],[126.9690048722584,37.19826174969045],[126.96886450002788,37.19829606819855],[126.96868837102076,37.19826694302316],[126.9677711971791,37.19827538951324],[126.96754467404658,37.198223496449266],[126.96725400227795,37.19807387513957],[126.96693255103428,37.198043479862534],[126.9663628150218,37.19789187331646],[126.96555218509585,37.19783494527472],[126.96476914112021,37.197618310185675],[126.96391212423846,37.19728073519711],[126.96311706897919,37.197314233851635],[126.96264821584377,37.197284922598506],[126.96211798249203,37.197353497319774],[126.96187700886867,37.19716092641694],[126.96159244369217,37.1971647775093],[126.96068294794124,37.19701563343151],[126.95975428330047,37.19699303586813],[126.95919327563715,37.19706447852126],[126.95878711034291,37.197148166424235],[126.95861358684962,37.19738232186009],[126.95844154159184,37.19747193976041],[126.9581750209866,37.197475114084014],[126.95795827672791,37.197393110991584],[126.95750786444985,37.19732431173979],[126.95685638210536,37.19743399564567],[126.95641872567292,37.1973943828822],[126.95542860157563,37.197171362693254],[126.95515390879076,37.197037810480474],[126.95379926359598,37.196756722977284],[126.95368398260433,37.19652355859765],[126.95338449248196,37.19612518407766],[126.95244570243766,37.195043472254945],[126.95206442549357,37.195102593443906],[126.95188675308896,37.19492367959993],[126.95130698936613,37.19448367137182],[126.95139455896165,37.19445170284026],[126.95108350609102,37.19399208298145],[126.950627663223,37.19354453649968],[126.9503174880779,37.19346503038666],[126.94954958714956,37.1943586096931],[126.94873445990706,37.194964212279686],[126.94831290557529,37.195437379059896],[126.9483632199697,37.1955815874243],[126.94838436273886,37.196042823772984],[126.94827348234776,37.197060676242316],[126.94796953314238,37.197573566247094],[126.94758368824857,37.19790649893174],[126.94756418782654,37.19835363381062],[126.9477132825227,37.19881717204697],[126.94752222759844,37.199447537409725],[126.94777319055414,37.19971317929581],[126.94760184715209,37.20009097414331],[126.94712767605515,37.2006257521472],[126.94729065984987,37.20170697142322],[126.94752804768004,37.20198453040227],[126.94791288572087,37.20277369514035],[126.94782085950564,37.203228680179755],[126.94782757787905,37.20342803894219],[126.94793589446573,37.20382989960145],[126.94719870385495,37.20515916258193],[126.94690335750107,37.20637600439914],[126.94658328593387,37.207215511891256],[126.94705549755898,37.2077603027001],[126.9476467435444,37.20800385455492],[126.94771345049988,37.208740487439925],[126.94749798625965,37.20926862576172],[126.94741702939352,37.20973150088221],[126.94751264916243,37.20992273715931],[126.94763928203326,37.21032150615222],[126.94785536418011,37.210673011059576],[126.94811533811364,37.21120417534975],[126.9485925234394,37.21148483885089],[126.9494063700132,37.2117088028479],[126.94941433274333,37.212333093338394],[126.9505046432294,37.213494877473174],[126.95106764568999,37.212501628224814],[126.95200739356689,37.21291821666467],[126.95218335257329,37.21337475787453],[126.95184705005312,37.21425399032093],[126.95159506659053,37.214535820645985],[126.95165375765112,37.214629824091155],[126.95186357174565,37.21465676262238],[126.95161474894881,37.21517047755387],[126.95219190713061,37.21516878366243],[126.95258764886208,37.21523127192811],[126.95271873223737,37.21517744336469],[126.95334918789554,37.214647068850276],[126.95425557275475,37.2141565467181],[126.95448781298442,37.213992008990196],[126.95490146000834,37.21351167340633],[126.95513920349627,37.21305443403938],[126.95523622564751,37.21308972882541],[126.95527924024465,37.21317962479613],[126.9555357672938,37.213102856408874],[126.95559188517284,37.21315721977777],[126.9557129975499,37.213449268340106],[126.95586620301908,37.21363375239379],[126.95597935705385,37.213994780260684],[126.95602864882181,37.21399057444779],[126.9559402001972,37.213538045203066],[126.95595217226872,37.21324605725335],[126.9560272174286,37.212846249661474],[126.95628222653012,37.2126478373495],[126.95645493060675,37.21260933062022],[126.95653981751173,37.2125575532257],[126.95659970979564,37.21247422806404],[126.95661560462833,37.212382157392554],[126.9565140786573,37.21232327259031],[126.95655987085414,37.212270632031114],[126.95658567501692,37.21205294060086],[126.95963852000472,37.212912132388674],[126.95912002289592,37.21365331586884],[126.95875353704093,37.21394141031283],[126.95837686633817,37.21415512648601],[126.95750544969007,37.21446808681596],[126.95735229028503,37.21447389670299],[126.95720200481233,37.2145615749996],[126.95707304612893,37.21488957076664],[126.95765243580507,37.21505380098242],[126.95860600899255,37.215618677126535],[126.9588493245351,37.21548144106197],[126.9591355197805,37.21542813764161],[126.95938112271806,37.21547018129113],[126.9596076037594,37.215594228734474],[126.95919464799395,37.215894284439145],[126.96236340751837,37.21864435023225],[126.96252116171972,37.21853373521212],[126.96311266349363,37.21753637661172],[126.96307303462783,37.21723490202444],[126.96300114862241,37.217065212014646],[126.96306853504785,37.21677665758862],[126.96302976121402,37.21667741292993],[126.96307151496285,37.21649715481274],[126.96287185482743,37.21616079373234],[126.96263799710968,37.21603270630417],[126.96236064183414,37.21574782379237],[126.96213660643426,37.21562793803704]]]}},{"type":"Feature","properties":{"HAKGUDO_ID":"Z000201392","HAKGUDO_NM":"동탄2-2중학군","HAKGUDO_GB":"0","zone_type":"중학교 학교군·중학구","city":"화성시","base_date":"2026-03-20","schools":[{"school_id":"B000024688","school_name":"화성세정중학교","school_level":"중학교","road_address":"경기도 화성시 동탄순환대로12길 60","jibun_address":"경기도 화성시 산척동 741","lat":37.16716681,"lng":127.1247594,"city":"화성시"},{"school_id":"B000024693","school_name":"서연중학교","school_level":"중학교","road_address":"경기도 화성시 동탄대로4길 40","jibun_address":"경기도 화성시 장지동 972","lat":37.1608865709,"lng":127.1102152,"city":"화성시"},{"school_id":"B000024677","school_name":"화성신동중학교","school_level":"중학교","road_address":"경기도 화성시 동탄신동1길 25","jibun_address":"경기도 화성시 신동 888","lat":37.17463775,"lng":127.1315327,"city":"화성시"},{"school_id":"B000024685","school_name":"청림중학교","school_level":"중학교","road_address":"경기도 화성시 동탄산척로 94","jibun_address":"경기도 화성시 산척동 719","lat":37.1716427122,"lng":127.1113514,"city":"화성시"},{"school_id":"B000024681","school_name":"방교중학교","school_level":"중학교","road_address":"경기도 화성시 동탄산척로1길 23","jibun_address":"경기도 화성시 송동 688","lat":37.17474632,"lng":127.1014113706,"city":"화성시"},{"school_id":"B000024669","school_name":"동탄목동중학교","school_level":"중학교","road_address":"경기도 화성시 동탄순환대로20길 52","jibun_address":"경기도 화성시 목동 484","lat":37.188610634,"lng":127.1264225,"city":"화성시"}],"school_ids":["B000024688","B000024693","B000024677","B000024685","B000024681","B000024669"],"school_names":["화성세정중학교","서연중학교","화성신동중학교","청림중학교","방교중학교","동탄목동중학교"]},"geometry":{"type":"Polygon","coordinates":[[[127.14314411529192,37.19367467468705],[127.15295354018482,37.181432286924746],[127.15388931778256,37.17586904095163],[127.15384760193395,37.175512338709595],[127.15339650148037,37.1744620664933],[127.1532640715452,37.17431581461978],[127.1532320728751,37.17406187383041],[127.15311339293822,37.173659086237556],[127.1529748482369,37.17353171181572],[127.15297645151784,37.17345455600205],[127.15287280450694,37.173359520320254],[127.15263877189548,37.17324944095628],[127.15259305358543,37.17317544211533],[127.15236061679225,37.172983697511896],[127.15230209975041,37.172842988268506],[127.1521360586476,37.172685232162316],[127.15214042866202,37.172586957467324],[127.15205863245691,37.17232322266209],[127.15192618008815,37.17215979514893],[127.15192003603707,37.17190356631649],[127.15196981915993,37.17172413840129],[127.15179737555937,37.171615387589036],[127.15165920540205,37.17167357264759],[127.15104892615284,37.17160197214916],[127.15081866687142,37.17144542592218],[127.15053664252933,37.171172934121735],[127.1500033919461,37.17081430633974],[127.14964317735482,37.170771672389925],[127.14913678025489,37.17055803076153],[127.14902975859759,37.17034895110357],[127.1488997268199,37.17024746467495],[127.14871325501339,37.16989177733978],[127.1484857349826,37.169868700975194],[127.14838405205853,37.16978461837931],[127.14770030539373,37.169826858059565],[127.14750018117334,37.1697775465566],[127.14709359454957,37.169953198249324],[127.14708096853832,37.170064992583306],[127.14694082540497,37.17010599687953],[127.14643177413092,37.16988304625029],[127.14575097883105,37.169810946887985],[127.1454946653496,37.169732979940996],[127.14505974712986,37.16990020483657],[127.1448905824663,37.16985141148036],[127.14481766943467,37.16999566682187],[127.14455428154132,37.170171696074064],[127.14458121585228,37.17027049280547],[127.14411222311136,37.17019700631842],[127.1438993816087,37.17030933016597],[127.14318683433807,37.169918218731446],[127.14288118373194,37.169884520541466],[127.14195325484951,37.16956518786058],[127.14175426786552,37.169553313165565],[127.14150645030749,37.1694905291341],[127.14116358073689,37.16931411126202],[127.14101238291595,37.16927119647753],[127.14096195788848,37.16921269594752],[127.14055737114391,37.1691396737897],[127.14041812941835,37.169194188753494],[127.14026203948282,37.16916621380846],[127.13996949371212,37.16946530658843],[127.13950015966851,37.16949626524335],[127.1388546172701,37.16936298414364],[127.13831514683201,37.16932165106205],[127.13802600125696,37.16926736258448],[127.13758262121621,37.16934081325132],[127.13699808010381,37.16918856866379],[127.13631476532983,37.16908319604801],[127.13562717798689,37.168939808826906],[127.13544843562138,37.16904137845636],[127.13522743629596,37.16902557223231],[127.13485175181448,37.169272936529154],[127.1347089508005,37.16930887807465],[127.13440843402348,37.16929174963642],[127.13404766756935,37.169327348115694],[127.13375692493797,37.16926150309251],[127.13374538655943,37.16930769523286],[127.13348967732541,37.169254195923806],[127.13302384776473,37.168968910200675],[127.13304190899026,37.168829512778835],[127.13281047994703,37.168579443688124],[127.1327555661203,37.16846124611476],[127.13251922977614,37.16822131971775],[127.13252110249333,37.16810606353402],[127.13286267367069,37.16747433983448],[127.13305149380923,37.167366922117544],[127.133201033883,37.167066617690594],[127.13335158247445,37.16701289139288],[127.13332201932494,37.166794317581676],[127.13359844767096,37.166349877391205],[127.13378250801841,37.166278151098226],[127.13383661115756,37.16618306099506],[127.13400053321185,37.16612038028277],[127.13396814787782,37.16592013728055],[127.13386609416885,37.165851181221136],[127.13393857692715,37.16538143623415],[127.1340667256278,37.1652602379863],[127.1340846368535,37.16509103714276],[127.133752487624,37.16480902675165],[127.13328457657585,37.16456979717266],[127.13325413238307,37.16451310989134],[127.13302556662484,37.16448536003346],[127.13296973377977,37.16444388758366],[127.13293185848936,37.16445628716628],[127.13270929041414,37.164386594791246],[127.13266726200024,37.16423100772846],[127.13252352792453,37.164155876247335],[127.13244707671613,37.16382810680459],[127.13224202387987,37.16384183723188],[127.13182256919985,37.16401346569391],[127.13162393895362,37.1640292098789],[127.13159727102492,37.163709375146375],[127.13149237150608,37.163609077812],[127.13143457592965,37.163451456977185],[127.13151623405948,37.16301441146055],[127.13142437555719,37.16283625727078],[127.13121436045424,37.16268469792928],[127.13120158617524,37.162628459084914],[127.13078050951607,37.16244424926965],[127.13046736985713,37.16232963395657],[127.13024331735723,37.16229009512965],[127.12996863323977,37.16217141931331],[127.12943519073686,37.16212909298939],[127.12933282259046,37.162034047714876],[127.12900704732986,37.16199580600976],[127.1289852098571,37.16169591651893],[127.12880343529217,37.161542356022686],[127.12888777407125,37.16149016700574],[127.12860924358003,37.16134828006689],[127.1286218158092,37.1612925099037],[127.1285098714563,37.161149029854776],[127.12842277804087,37.16114207619383],[127.1283155894071,37.16099438286632],[127.1284031545755,37.1607645031011],[127.12826119299002,37.16066526029295],[127.128308428193,37.16029240029206],[127.12815673765219,37.16014473604801],[127.12797615343061,37.15987799292968],[127.12804660277301,37.15982836047732],[127.1284814442781,37.159721463261576],[127.12853038269276,37.1596341166512],[127.12891608597067,37.15949629276348],[127.12890146400052,37.159376919450985],[127.12901779682186,37.158890226298766],[127.12897355527947,37.1587370955639],[127.12902963219886,37.15859738140806],[127.1288733383741,37.158549388133096],[127.12897391780581,37.158309664064326],[127.12959298415295,37.15825041910074],[127.13008085937815,37.15767716513208],[127.13005182154787,37.15726271312297],[127.12942886399155,37.15658366134657],[127.12893464338114,37.1556690594049],[127.12918719910657,37.15523177841385],[127.12917522261236,37.15480379154264],[127.12926473455684,37.15447931659351],[127.12923462975391,37.154363897730626],[127.12911736668615,37.15417819127745],[127.12909973060326,37.154046143274634],[127.12917460070408,37.153911472418066],[127.12925962632534,37.15332287686688],[127.12958277550152,37.15282555331556],[127.1302183955203,37.15259058236],[127.13040538191525,37.15208494329101],[127.13045927814677,37.15181907438937],[127.13041542420396,37.15136324463009],[127.1303734420319,37.151293179438554],[127.12991282749913,37.15110023240495],[127.12955225236344,37.150685858906954],[127.12948503956687,37.15056569506424],[127.12949476977488,37.15008108145392],[127.12947143129682,37.15000509361971],[127.12938269887046,37.14995365805275],[127.1294203654066,37.149860970950414],[127.12946541030666,37.149872474232936],[127.12948367343202,37.14881963799457],[127.12945753926284,37.14864789854305],[127.1290018130659,37.148217290871706],[127.12795736907711,37.14753642117278],[127.12785590971502,37.14744418018937],[127.12776152760465,37.147173397389665],[127.12795331354188,37.146790804326045],[127.12796212278332,37.146693364160114],[127.1280468648886,37.146677514915616],[127.12832648059666,37.14645758377781],[127.12769627144971,37.14547046885359],[127.12699329803314,37.145791097565876],[127.12672875381276,37.14567030352384],[127.12638357508983,37.14559153651555],[127.12628095652956,37.14553730208164],[127.12559352873066,37.145359498310825],[127.12552928440394,37.145320712673026],[127.1250943652297,37.145331582418436],[127.12504471023178,37.14529362811552],[127.12488389911427,37.145364185735],[127.12484603407216,37.14533606750878],[127.12469907017073,37.14538014616872],[127.12462107439066,37.14532869659506],[127.12438703839489,37.145256287280304],[127.12371175083807,37.1448548997093],[127.12327581649808,37.14477142468418],[127.12313549764632,37.14467696646772],[127.12283760630065,37.144376275622065],[127.1221846300028,37.14427781681836],[127.12146464030819,37.1445218321602],[127.12085689627108,37.14454949509419],[127.12051905936036,37.144450700869996],[127.1201475618289,37.144406029527886],[127.11982143032637,37.14459556781039],[127.11889700198238,37.143659391876454],[127.11840195030406,37.14378602860786],[127.11816576196735,37.14390340750417],[127.11750272674517,37.14458883973359],[127.1171989018764,37.14463420794328],[127.11598270172344,37.14425693745401],[127.11485721547716,37.144312081673995],[127.11451964995,37.1443754869953],[127.11394603899878,37.14467337966079],[127.1138219976811,37.144511299047814],[127.11345024235179,37.1443044089649],[127.11185169838087,37.1441347069874],[127.11114209803314,37.14379296536233],[127.11027340415399,37.14238813188856],[127.10930557963844,37.14248812332076],[127.10882204271303,37.14280393930877],[127.10769662258186,37.14289504887616],[127.10639012939899,37.1422744944458],[127.10631103149278,37.14204929222301],[127.10601834214518,37.14201351736199],[127.1055456925669,37.142067987466426],[127.10527552685525,37.14204120131691],[127.10434090613873,37.14172663855686],[127.10375585985837,37.14188933396644],[127.10364412021099,37.1425111570497],[127.10374644893378,37.14326795362243],[127.10303813486108,37.143863258538396],[127.10309252854053,37.14455027312628],[127.10278308119223,37.145672340720076],[127.10074706749396,37.146133598623024],[127.1003774887413,37.14634931321629],[127.10075360361529,37.14749192969193],[127.10077491146295,37.14806014313392],[127.10029525455636,37.14802984457682],[127.0995604930068,37.14916437520619],[127.09961987972822,37.14952025093235],[127.09941331507058,37.15001120609621],[127.09924613835845,37.15117060197602],[127.09823975219935,37.15147779415452],[127.09764406499866,37.151788006493504],[127.09756365213345,37.152040934171445],[127.0976796311845,37.15209433541164],[127.09792767075517,37.15240049164273],[127.09812825270434,37.15287478545968],[127.09829020793707,37.15284086426023],[127.09880419070042,37.15313976410472],[127.09843443679674,37.153523572257605],[127.09870500895796,37.15397894950107],[127.09853955083824,37.15430374308538],[127.09825404008066,37.15440506537133],[127.09809318428373,37.154890916893216],[127.09834941561445,37.154991229327486],[127.09835320132963,37.15534658289647],[127.09810181794211,37.155730302399554],[127.09713524040778,37.156270302620534],[127.0964444864181,37.15696748744635],[127.09571896466869,37.157452949414974],[127.0956248747588,37.157608455181766],[127.09557020315162,37.1576419907077],[127.0955590615131,37.157726202664634],[127.09546875028748,37.157815541464714],[127.09528112996968,37.15828984988848],[127.09513058595407,37.15845920392165],[127.09519982774954,37.15854644371423],[127.09509853570835,37.158569608337615],[127.09486104472663,37.15855430677791],[127.09468491453555,37.15865328106171],[127.09473089016696,37.158707876362854],[127.09450862437149,37.158769718612824],[127.09432222840398,37.158954012699034],[127.09403425630063,37.15909643207031],[127.09386243160601,37.1591275358343],[127.09387215447101,37.15916160614066],[127.0937709696427,37.15927347778402],[127.09370893777526,37.159467531801084],[127.0935656954632,37.15942399593479],[127.09330105494602,37.15949881756157],[127.09280564724355,37.15930997899561],[127.09271240988403,37.159301040491705],[127.0916707157062,37.15946346815321],[127.09130112961594,37.15960706939681],[127.09114154382219,37.159718127761295],[127.0896471746379,37.1602843785365],[127.08915346895184,37.16049368010728],[127.0893710791377,37.16096290325158],[127.08895894872215,37.16086244445074],[127.0887619515302,37.16085044319931],[127.08866931617187,37.160602442369004],[127.08391951114729,37.161156039850745],[127.08380364005703,37.1608748215683],[127.08371951398001,37.16099426935982],[127.08367602962983,37.16129108771745],[127.08356579140842,37.16150150477232],[127.08334027886407,37.16166948193335],[127.08317108328033,37.161695782823415],[127.08309712790748,37.16163276067575],[127.08280822451344,37.16157551687321],[127.08132211433671,37.16156751645531],[127.0805229237223,37.16168518882905],[127.08029770951238,37.16164929663284],[127.0801625545003,37.16159533278723],[127.07986962812156,37.16137926503445],[127.07966728429939,37.16168574728335],[127.07909368354522,37.16224478443349],[127.07891383441917,37.16252422762702],[127.07865468030205,37.16231715489822],[127.07856449486368,37.16220007725004],[127.0782269358037,37.16238951630509],[127.07786670433622,37.16242579133263],[127.07764143095709,37.162353887876904],[127.07742735809762,37.162182825212156],[127.0770896784413,37.16225512454038],[127.07680839872845,37.162255315284725],[127.07689546853636,37.16228234370797],[127.07712408065811,37.16247432042372],[127.07793929012756,37.16302247428014],[127.0779512634962,37.1631506409097],[127.07814711636703,37.16360861755763],[127.07829007040928,37.163790545777566],[127.07846392133683,37.16414136464485],[127.07840623580287,37.164367764599795],[127.0784749389002,37.164503786860585],[127.07873447583634,37.16469328903497],[127.0789482979527,37.16507584373438],[127.07901784718915,37.16511247130293],[127.07919513378513,37.16540482705002],[127.08041991933537,37.168204119885004],[127.08117829681339,37.17004915011276],[127.08225056340669,37.17230348015164],[127.08255310184306,37.17351312461574],[127.08348160056873,37.17290691329857],[127.08420745799145,37.172367186273135],[127.08426210205458,37.17213963261752],[127.0843606432945,37.172003002074504],[127.08434512869793,37.17148772984239],[127.08447197892153,37.17116551555682],[127.08462312836757,37.17102264799517],[127.08484173962147,37.17111823069006],[127.08504213379852,37.17112399977627],[127.08564231139208,37.17087325596119],[127.08589153785377,37.170806905623635],[127.08619808309409,37.17090956922743],[127.08645743309089,37.170866203485446],[127.08640983583929,37.17066236704893],[127.09320620498276,37.170338276689414],[127.09323812938706,37.170406957104795],[127.09331393607793,37.17038493148899],[127.09329897268323,37.170237117803765],[127.09333456438867,37.17013459463893],[127.09337426952673,37.17012756665854],[127.09439215113214,37.17262252307047],[127.09737489483258,37.172591862383086],[127.09971067178249,37.17253123871388],[127.09982490263674,37.17524673201648],[127.10155090654065,37.17522274622789],[127.10066348452197,37.179479690815825],[127.10058974044834,37.18004000398803],[127.1008291775108,37.18085037652613],[127.10106790615909,37.181124337877016],[127.10190216046396,37.18111170329573],[127.10281116260332,37.18128972148973],[127.1005529333155,37.18598822523003],[127.10164064691935,37.186070738307],[127.10253442153665,37.18596268606109],[127.10542288792911,37.18461316773947],[127.10926517696535,37.18357262774894],[127.1175894298173,37.183499097332515],[127.12350641545468,37.19412590098897],[127.12535463683949,37.19448156494624],[127.14314411529192,37.19367467468705]]]}},{"type":"Feature","properties":{"HAKGUDO_ID":"Z000210437","HAKGUDO_NM":"오산중학군세교중학군공동학구(가수중 제외)","HAKGUDO_GB":"1","zone_type":"공동통학구역","city":"오산시","base_date":"2026-03-20","schools":[{"school_id":"B000009463","school_name":"매홀중학교","school_level":"중학교","road_address":"경기도 오산시 내삼미로48번길 17","jibun_address":"경기도 오산시 수청동 634","lat":37.1680026696,"lng":127.0688472494,"city":"오산시"},{"school_id":"B000009460","school_name":"대호중학교","school_level":"중학교","road_address":"경기도 오산시 궐리사로29번길 19","jibun_address":"경기도 오산시 궐동 617","lat":37.162200808,"lng":127.0568707757,"city":"오산시"},{"school_id":"B000009466","school_name":"오산중학교","school_level":"중학교","road_address":"경기도 오산시 청학로 43","jibun_address":"경기도 오산시 청학동 26","lat":37.1543059093,"lng":127.0626056191,"city":"오산시"},{"school_id":"B000009461","school_name":"세마중학교","school_level":"중학교","road_address":"경기도 오산시 수목원로 559-9","jibun_address":"경기도 오산시 세교동 625","lat":37.1810583687,"lng":127.0422468,"city":"오산시"},{"school_id":"B000009462","school_name":"문시중학교","school_level":"중학교","road_address":"경기도 오산시 여계산로 52-24","jibun_address":"경기도 오산시 금암동 519","lat":37.1744342944,"lng":127.0471778825,"city":"오산시"}],"school_ids":["B000009463","B000009460","B000009466","B000009461","B000009462"],"school_names":["매홀중학교","대호중학교","오산중학교","세마중학교","문시중학교"]},"geometry":{"type":"Polygon","coordinates":[[[127.03027087190401,37.169725118032225],[127.03050646206168,37.16846946406588],[127.03036621824506,37.16847954146184],[127.02993431673127,37.16833998395302],[127.02980715973442,37.168235160032694],[127.02957585648394,37.1679450578847],[127.02885929278162,37.1675251834909],[127.02807248838752,37.167286827592704],[127.02771204440039,37.16681506405775],[127.02748639527015,37.166863445701125],[127.0272839736489,37.1664112267446],[127.02683544519807,37.166057949002074],[127.02583867951881,37.16570519942316],[127.02519450997295,37.16565286055608],[127.02467882559789,37.16610439687939],[127.02447332652258,37.166902262411085],[127.02486683502285,37.16712711584075],[127.02492057776618,37.167495440390354],[127.0247698828153,37.167811795197096],[127.02509610337351,37.16797864463108],[127.02548395004378,37.16904459304303],[127.02802873613378,37.170344281775634],[127.02825969072678,37.17053793152546],[127.028344001341,37.17076510014024],[127.02960425621775,37.17076038944014],[127.03027087190401,37.169725118032225]]]}},{"type":"Feature","properties":{"HAKGUDO_ID":"Z000210019","HAKGUDO_NM":"오산중학군세교중학군공동학구","HAKGUDO_GB":"1","zone_type":"공동통학구역","city":"오산시","base_date":"2026-03-20","schools":[{"school_id":"B000009463","school_name":"매홀중학교","school_level":"중학교","road_address":"경기도 오산시 내삼미로48번길 17","jibun_address":"경기도 오산시 수청동 634","lat":37.1680026696,"lng":127.0688472494,"city":"오산시"},{"school_id":"B000009460","school_name":"대호중학교","school_level":"중학교","road_address":"경기도 오산시 궐리사로29번길 19","jibun_address":"경기도 오산시 궐동 617","lat":37.162200808,"lng":127.0568707757,"city":"오산시"},{"school_id":"B000009466","school_name":"오산중학교","school_level":"중학교","road_address":"경기도 오산시 청학로 43","jibun_address":"경기도 오산시 청학동 26","lat":37.1543059093,"lng":127.0626056191,"city":"오산시"},{"school_id":"B000009461","school_name":"세마중학교","school_level":"중학교","road_address":"경기도 오산시 수목원로 559-9","jibun_address":"경기도 오산시 세교동 625","lat":37.1810583687,"lng":127.0422468,"city":"오산시"},{"school_id":"B000009462","school_name":"문시중학교","school_level":"중학교","road_address":"경기도 오산시 여계산로 52-24","jibun_address":"경기도 오산시 금암동 519","lat":37.1744342944,"lng":127.0471778825,"city":"오산시"},{"school_id":"B000023743","school_name":"가수중학교","school_level":"중학교","road_address":"경기도 오산시 가수1로 10","jibun_address":"경기도 오산시 가수동 443","lat":37.1452223616,"lng":127.0536825,"city":"오산시"}],"school_ids":["B000009463","B000009460","B000009466","B000009461","B000009462","B000023743"],"school_names":["매홀중학교","대호중학교","오산중학교","세마중학교","문시중학교","가수중학교"]},"geometry":{"type":"Polygon","coordinates":[[[127.05753552728434,37.16822871874757],[127.0576507290113,37.168211886886574],[127.0576391407295,37.16828281469246],[127.05879338516199,37.1687214226479],[127.05887459166239,37.16857518950451],[127.0589126931225,37.16858930814687],[127.0590023116093,37.16855232023983],[127.05916502834677,37.168593599412084],[127.05920009669434,37.168662701949025],[127.06132225399755,37.169428418280916],[127.06209088201292,37.16788942070277],[127.06272529600453,37.1668902543723],[127.06308580277489,37.16647637879017],[127.06338773912653,37.16621965613283],[127.06394840564336,37.16564541045359],[127.0641218508906,37.164951037843565],[127.06726319396111,37.16660361368986],[127.06907582608291,37.16750349981567],[127.06932500262242,37.167568547564585],[127.06965418702704,37.167605780826065],[127.0720822066574,37.16762515944968],[127.07214429277468,37.16758056621803],[127.07203278585138,37.16741928543176],[127.07212948265071,37.1673581277621],[127.07242218739471,37.16732191147901],[127.0729060914281,37.167069326985484],[127.07325499170385,37.16692495355412],[127.07355849277849,37.166411164973304],[127.07337780951082,37.165834609585325],[127.07338879727249,37.16555527151907],[127.07428902116236,37.16505013490099],[127.07479524793402,37.16461731809057],[127.0747389462412,37.16460834754557],[127.0746262111263,37.16445523437235],[127.07471616257749,37.16433804206699],[127.07496369058879,37.16415767791878],[127.07527890793195,37.164139465972895],[127.07557142158313,37.163923027875214],[127.07560504732511,37.16376982669857],[127.07569510765283,37.163760757735226],[127.07576272033522,37.16382379123965],[127.075863933575,37.16370659806004],[127.07589770953946,37.16370657643346],[127.0759088059936,37.163535364842076],[127.07586350019129,37.16326507666395],[127.07566067834422,37.16308499485944],[127.0758404800113,37.16275149411075],[127.075435028063,37.162598567719506],[127.07598635362207,37.16225582989375],[127.0760539493919,37.16230083400068],[127.07623394880234,37.16216556333315],[127.07618886308838,37.162111528877375],[127.07632396186166,37.16211144915595],[127.07680821970924,37.16225530548912],[127.0770896784413,37.16225512454038],[127.07742735809762,37.162182825212156],[127.07764143095709,37.162353887876904],[127.0778364760382,37.16241549318141],[127.0750000184126,37.16001021069329],[127.0728844099531,37.15873374130556],[127.0706363159605,37.15716419953085],[127.06671453074195,37.15456031172193],[127.06585258347171,37.15810112982996],[127.0656373456329,37.15829980279865],[127.06538332970698,37.158492917418215],[127.06522408782787,37.15850452789396],[127.06465844867166,37.158720091606334],[127.06453883746715,37.15873698676515],[127.06409510522762,37.15895171723579],[127.06389088055788,37.15896947743345],[127.06365983128909,37.158950802091326],[127.06366971853315,37.15921451663888],[127.06352914528583,37.15957878529126],[127.06326846439639,37.15956170282149],[127.06298640201078,37.15959578330242],[127.06276720756978,37.15966369249085],[127.06262748074752,37.1599821317959],[127.0617761967518,37.160721276618055],[127.06135883152984,37.161031296919994],[127.0610133587869,37.16142854528191],[127.06072230402229,37.16160583819906],[127.06045644211792,37.161958703940705],[127.0599427875631,37.161760502415014],[127.05945482310163,37.16259200536422],[127.05872551249504,37.162587953821905],[127.05828679295581,37.16293311503638],[127.05803159259142,37.163061932905734],[127.05761165239495,37.16336734576711],[127.05715614326064,37.16341330760807],[127.05657823295806,37.16356926060362],[127.05683354709907,37.16383945564126],[127.05633835462649,37.16425263763479],[127.05607264800881,37.16424924592489],[127.05555426420956,37.16416656936909],[127.05554369772275,37.16420480618225],[127.05584433126938,37.16433861787211],[127.05614338084257,37.16452141281938],[127.05625884591413,37.16471819400866],[127.05587103214431,37.16527571646949],[127.05566124654327,37.16538510981082],[127.0555009790227,37.16553100034261],[127.05513327841393,37.16551916449251],[127.05493010977732,37.165480160170056],[127.05466469837661,37.16550486012856],[127.0545872349982,37.165483376790135],[127.05424435012186,37.165537098474324],[127.05347835497241,37.165915436447065],[127.05311355432448,37.1666422020354],[127.0524613469239,37.16669855631685],[127.05236471256795,37.16988114921817],[127.0553947686339,37.169973266947316],[127.05753552728434,37.16822871874757]]]}},{"type":"Feature","properties":{"HAKGUDO_ID":"Z000210020","HAKGUDO_NM":"오산중학군운암중학군공동학구","HAKGUDO_GB":"1","zone_type":"공동통학구역","city":"오산시","base_date":"2026-03-20","schools":[{"school_id":"B000009458","school_name":"운천중학교","school_level":"중학교","road_address":"경기도 오산시 운암로 133","jibun_address":"경기도 오산시 오산동 911-1","lat":37.1582993175,"lng":127.0780072,"city":"오산시"},{"school_id":"B000009459","school_name":"운암중학교","school_level":"중학교","road_address":"경기도 오산시 대원로 76","jibun_address":"경기도 오산시 원동 815-2","lat":37.1458836561,"lng":127.076929166,"city":"오산시"},{"school_id":"B000009460","school_name":"대호중학교","school_level":"중학교","road_address":"경기도 오산시 궐리사로29번길 19","jibun_address":"경기도 오산시 궐동 617","lat":37.162200808,"lng":127.0568707757,"city":"오산시"},{"school_id":"B000009466","school_name":"오산중학교","school_level":"중학교","road_address":"경기도 오산시 청학로 43","jibun_address":"경기도 오산시 청학동 26","lat":37.1543059093,"lng":127.0626056191,"city":"오산시"},{"school_id":"B000023743","school_name":"가수중학교","school_level":"중학교","road_address":"경기도 오산시 가수1로 10","jibun_address":"경기도 오산시 가수동 443","lat":37.1452223616,"lng":127.0536825,"city":"오산시"}],"school_ids":["B000009458","B000009459","B000009460","B000009466","B000023743"],"school_names":["운천중학교","운암중학교","대호중학교","오산중학교","가수중학교"]},"geometry":{"type":"Polygon","coordinates":[[[127.07378751821047,37.153563529218516],[127.07362115811357,37.14881946603517],[127.07280847346983,37.14881934630722],[127.07273017473544,37.146362621702686],[127.07163125330759,37.14639189956562],[127.0715853915498,37.14512956833093],[127.07095962357543,37.14474372680318],[127.07153968514808,37.14403173608235],[127.07348816077827,37.143966876050314],[127.07345905587005,37.14267624765512],[127.0662881815722,37.14212364278653],[127.0670391958723,37.14824051216817],[127.06708776702848,37.14824042341417],[127.06736057625956,37.15059324313518],[127.06736403981496,37.151315164423046],[127.06728712809236,37.15218094751529],[127.06710228274294,37.153065712023846],[127.06671453074195,37.15456031172193],[127.06898549135482,37.15605155028702],[127.07148210504262,37.157754678489745],[127.07194034412645,37.15719168855822],[127.07239792539123,37.156496111875136],[127.07364246275982,37.15412279307966],[127.07371839473961,37.15392761439685],[127.07378751821047,37.153563529218516]]]}},{"type":"Feature","properties":{"HAKGUDO_ID":"Z000200301","HAKGUDO_NM":"오산중학군","HAKGUDO_GB":"0","zone_type":"중학교 학교군·중학구","city":"오산시","base_date":"2026-03-20","schools":[{"school_id":"B000009460","school_name":"대호중학교","school_level":"중학교","road_address":"경기도 오산시 궐리사로29번길 19","jibun_address":"경기도 오산시 궐동 617","lat":37.162200808,"lng":127.0568707757,"city":"오산시"},{"school_id":"B000009466","school_name":"오산중학교","school_level":"중학교","road_address":"경기도 오산시 청학로 43","jibun_address":"경기도 오산시 청학동 26","lat":37.1543059093,"lng":127.0626056191,"city":"오산시"},{"school_id":"B000023743","school_name":"가수중학교","school_level":"중학교","road_address":"경기도 오산시 가수1로 10","jibun_address":"경기도 오산시 가수동 443","lat":37.1452223616,"lng":127.0536825,"city":"오산시"}],"school_ids":["B000009460","B000009466","B000023743"],"school_names":["대호중학교","오산중학교","가수중학교"]},"geometry":{"type":"Polygon","coordinates":[[[126.99514462908097,37.174947814673466],[126.99527413329376,37.17481716862578],[126.9957920954421,37.17491630969147],[126.99612990256404,37.174925337169675],[126.99632132990672,37.17488930283885],[126.99677738220478,37.17467306994102],[126.99726722335237,37.17428563905865],[126.99841578434584,37.173790097261275],[126.9994573358908,37.17376309295172],[126.99983455164076,37.173533326613445],[126.99984581408863,37.173497284389796],[127.00038066812071,37.173190933850215],[127.00065654601174,37.17311885266605],[127.0011801368301,37.172844034621846],[127.00143347829858,37.17278546858927],[127.0016361634754,37.172650311154406],[127.00170371558826,37.17210066955841],[127.0019457979913,37.171704208303694],[127.00272271720387,37.171348288386234],[127.00312770541099,37.17080878532106],[127.00329694187225,37.17046074769516],[127.00414139671092,37.17009130065644],[127.00451294724054,37.1697353841808],[127.00491265755085,37.16956867822737],[127.00525042373269,37.16937944726679],[127.00566137577921,37.16908208236402],[127.00597099224208,37.16867209358846],[127.00607318537368,37.16848202759974],[127.00624681343012,37.168284636686465],[127.00689423203616,37.168428771672964],[127.00711940835055,37.16831162458517],[127.00756416603694,37.16851433930394],[127.00823972292824,37.16852331834031],[127.00876890177376,37.16841966154268],[127.00913482821755,37.16843315065253],[127.00959642800574,37.16814478681937],[127.00987790286989,37.16808169512233],[127.01066040104105,37.16794197972796],[127.01117271172595,37.168014017079024],[127.01164559121311,37.1680139832657],[127.01219161685044,37.16768504711166],[127.01324432670822,37.167536274168675],[127.01391428768824,37.167797509293116],[127.01414511061115,37.16781550670699],[127.01466334968957,37.1676262298868],[127.01506834420353,37.16770277342011],[127.01554118657805,37.16750899233591],[127.01598597212976,37.167770248669434],[127.01657905326562,37.167957415798405],[127.01676850533762,37.167864755095245],[127.01737085184325,37.16777007088062],[127.01759600231976,37.16758081482386],[127.01814764974482,37.167382508126664],[127.01856984927286,37.167274321297874],[127.01913273744027,37.16701293605943],[127.01940860641668,37.1671075039801],[127.0196112691244,37.1670984690563],[127.01984211170388,37.16722908027947],[127.02005040202312,37.16722003645395],[127.02039934146548,37.166823519054205],[127.02059634252514,37.166724372315215],[127.02077081169074,37.16654413406745],[127.02135625016165,37.16643140689267],[127.02144063531537,37.16621063448013],[127.02188529931588,37.16596727589208],[127.02227932064935,37.165818534354386],[127.02290405427736,37.165340866675955],[127.02364714796579,37.16538127821293],[127.02378221538692,37.16525510497858],[127.02470647031953,37.16527218014987],[127.02519450997295,37.16565286055608],[127.02583867951881,37.16570519942316],[127.02683544519807,37.166057949002074],[127.0272839736489,37.1664112267446],[127.02748639527015,37.166863445701125],[127.02771204440039,37.16681506405775],[127.02807248838752,37.167286827592704],[127.02885929278162,37.1675251834909],[127.02957585648394,37.1679450578847],[127.02980715973442,37.168235160032694],[127.02993431673127,37.16833998395302],[127.03036621824506,37.16847954146184],[127.03048898207967,37.168486756238394],[127.030759970418,37.16822560141847],[127.03126995748372,37.168050726007955],[127.03221088832869,37.168548125815434],[127.03231272971173,37.16854875766331],[127.03277357120518,37.16843802459671],[127.03297645472912,37.16852326324136],[127.03329649896313,37.16873575374308],[127.03370610947371,37.16883445142129],[127.03396517785491,37.168943246717475],[127.03454283281499,37.16911278114092],[127.03504330648303,37.16930413215043],[127.03556130133234,37.16959152660684],[127.03609676089353,37.169728592013726],[127.0364198643512,37.16990288722974],[127.03697768670764,37.170104096991906],[127.03744428574453,37.16966273916214],[127.03823308951996,37.16929030138546],[127.03895465265452,37.16879614770918],[127.03952605863016,37.16851624348105],[127.040186538032,37.16862221807868],[127.0408642702591,37.16855963318954],[127.04116206057773,37.16861131745711],[127.04131247596172,37.16852866705309],[127.04149958342163,37.16848994994951],[127.04162457911224,37.168407388240965],[127.04163051980598,37.17029828484172],[127.04730245910984,37.1698098104055],[127.05236471256795,37.16988114921817],[127.0524613469239,37.16669855631685],[127.05311355432448,37.1666422020354],[127.05347835497241,37.165915436447065],[127.05424435012186,37.165537098474324],[127.0545872349982,37.165483376790135],[127.05466469837661,37.16550486012856],[127.05493010977732,37.165480160170056],[127.05513327841393,37.16551916449251],[127.0555009790227,37.16553100034261],[127.05566124654327,37.16538510981082],[127.05587103214431,37.16527571646949],[127.05625884591413,37.16471819400866],[127.05614338084257,37.16452141281938],[127.05584433126938,37.16433861787211],[127.05554369772275,37.16420480618225],[127.05555426420956,37.16416656936909],[127.05607264800881,37.16424924592489],[127.05633835462649,37.16425263763479],[127.05683354709907,37.16383945564126],[127.05657823295806,37.16356926060362],[127.05715614326064,37.16341330760807],[127.05761165239495,37.16336734576711],[127.05803159259142,37.163061932905734],[127.05828679295581,37.16293311503638],[127.05872551249504,37.162587953821905],[127.05945482310163,37.16259200536422],[127.0599427875631,37.161760502415014],[127.06045644211792,37.161958703940705],[127.06072230402229,37.16160583819906],[127.0610133587869,37.16142854528191],[127.06135883152984,37.161031296919994],[127.0617761967518,37.160721276618055],[127.06262748074752,37.1599821317959],[127.06276720756978,37.15966369249085],[127.06298640201078,37.15959578330242],[127.06326846439639,37.15956170282149],[127.06352914528583,37.15957878529126],[127.06366971853315,37.15921451663888],[127.06365983128909,37.158950802091326],[127.06389088055788,37.15896947743345],[127.06409510522762,37.15895171723579],[127.06453883746715,37.15873698676515],[127.06465844867166,37.158720091606334],[127.06522408782787,37.15850452789396],[127.06538332970698,37.158492917418215],[127.06585258347171,37.15810112982996],[127.06725286925011,37.152384964923655],[127.06735286875339,37.15154386319257],[127.06736057625956,37.15059324313518],[127.06708776702848,37.14824042341417],[127.0670391958723,37.14824051216817],[127.06494623595309,37.131169221296666],[127.06484844546463,37.13119399817767],[127.06492784553355,37.131941830941045],[127.06097800070329,37.13226825858981],[127.06057270591101,37.13207923972243],[127.06050520360522,37.132106304256816],[127.0604940625637,37.13225949050519],[127.06041534331108,37.1323135889704],[127.06015652784141,37.13235877910232],[127.06001019008791,37.13231378394733],[127.05958253530008,37.13230499264711],[127.0593349564719,37.13231411483151],[127.05892987467281,37.1323774002519],[127.0584795639264,37.13218839119289],[127.05810822578415,37.132233626902796],[127.0575906855009,37.13243209870941],[127.05724198497067,37.132666538336885],[127.056600972235,37.1333065875553],[127.05615097806522,37.13354106865844],[127.05565583561378,37.133595360469926],[127.05522799523038,37.13333424899446],[127.0545747242721,37.13256864610579],[127.05430452223253,37.13241558332462],[127.05348281863898,37.13217266290425],[127.05294243139373,37.1318755531485],[127.05263842566815,37.13165042116771],[127.052469370968,37.13128106057997],[127.05245797743777,37.13107382309079],[127.05259250170276,37.130298862442096],[127.0523448552124,37.130199853376475],[127.0520745723536,37.12991163061231],[127.05197314052933,37.129677395262114],[127.05198433476637,37.12958728590031],[127.05129786942905,37.12958757592209],[127.05106159217692,37.12965976293267],[127.05085900226808,37.12963281273669],[127.05048779774292,37.12986724046092],[127.05036392630024,37.12974114800016],[127.05012757266745,37.12969618784072],[127.05003741176408,37.129488983341375],[127.05005983298736,37.12934480566216],[127.05001478006255,37.12929976974549],[127.04995850550286,37.129299793473905],[127.04937352471603,37.12959737839528],[127.04918231612157,37.12975964192884],[127.04886732810962,37.129939982895046],[127.04870978846733,37.12995806717895],[127.04836087240996,37.12988612592931],[127.0480120228012,37.12988625961724],[127.04784317494209,37.129814241075145],[127.04733670737855,37.129706306071945],[127.0472803450413,37.12958018881459],[127.04662760653102,37.12949933909935],[127.04650374759979,37.129382249612064],[127.04608737306047,37.12939141743417],[127.04594104577983,37.129355420913036],[127.04556971532354,37.12939161214392],[127.04533332798378,37.129283571655314],[127.04522078391533,37.12926559699053],[127.04525444489629,37.12909437863777],[127.04517549482618,37.12878804563373],[127.04532169169588,37.1286077844962],[127.04532155199766,37.12837351003528],[127.04546760846485,37.12796798125266],[127.04549002576739,37.127814793771094],[127.04545617549064,37.127652611834314],[127.0454897188459,37.12728316858092],[127.04566948771507,37.1267965344687],[127.04552299476052,37.12644517622596],[127.04555664256728,37.12627396131562],[127.04545536187787,37.12624696920018],[127.04537654795035,37.126183924074645],[127.04537651392,37.126111839038686],[127.04564641718649,37.12582340242877],[127.04548888394612,37.12585049487396],[127.04511766694938,37.12607589710827],[127.04490387040482,37.12608498170302],[127.04473515750726,37.12623822261086],[127.04442012234297,37.12631943314366],[127.04412765925385,37.12652678146617],[127.04395894973366,37.12669804612232],[127.04376786000758,37.127058533016225],[127.04376790964176,37.12714863749299],[127.04370043973304,37.12723876867885],[127.04339670306423,37.12742809626197],[127.04313799798042,37.12764444037275],[127.04271050299529,37.127869855470635],[127.042339227738,37.12802316212535],[127.04194553097469,37.12832965262129],[127.04065195788164,37.12948438621145],[127.04027649592207,37.1292562598838],[127.0398121091502,37.12945667882088],[127.03913333854133,37.129657165994495],[127.03895459940509,37.129485572434916],[127.03829358215943,37.12947148343049],[127.0378469054932,37.12937149538793],[127.03763240337625,37.12912838938769],[127.03731077032755,37.12899975171888],[127.03688196847816,37.128914058775216],[127.03636397986797,37.129114480882386],[127.03579236647083,37.12925769854246],[127.03539923491637,37.12904325103333],[127.034702447629,37.12892902118361],[127.0345773084121,37.128743100927075],[127.03457720429026,37.12851423101468],[127.03443423366195,37.128399836752685],[127.03350525441019,37.12838579857408],[127.03291563995657,37.12821431128073],[127.03245106910842,37.12801417723981],[127.03218300729525,37.12779968471503],[127.03173631748834,37.12762815265175],[127.03152183983195,37.12738503461049],[127.03132529994275,37.12731356483286],[127.03102158367729,37.12727073157178],[127.03066417136492,37.12697043177727],[127.03000307134009,37.12668451251194],[127.02934199724959,37.126455807947664],[127.03005570306067,37.12425275020397],[127.03062680555541,37.12290798926458],[127.03130473730032,37.120762149492265],[127.03160539188384,37.12066432320541],[127.0315976933531,37.120050427627596],[127.03182078258641,37.11957951330308],[127.03161208324511,37.118858387977305],[127.03132844392869,37.11687968436286],[127.03122406131307,37.11642673861457],[127.03120889272692,37.11573536198156],[127.03110527649778,37.114826116602146],[127.03110755787603,37.114236522192456],[127.03132173391757,37.11384070995025],[127.03173827742323,37.11330656674886],[127.03197632788655,37.1130680953729],[127.03227990294512,37.112910664610766],[127.0322798705622,37.11283437413458],[127.03210715753845,37.11270568043966],[127.03169032981475,37.11254367563045],[127.03116629340403,37.112276799166814],[127.03064827619187,37.1121624980074],[127.03024932879491,37.11203386075427],[127.02983844850803,37.11183847063532],[127.02948108572203,37.11146664439822],[127.02906423098773,37.11120449943179],[127.02885583093031,37.11114256423869],[127.02838550235278,37.111156982181726],[127.02781987738592,37.11106652132015],[127.02732572810247,37.111066636231996],[127.02709352306776,37.11102377627615],[127.02694465278766,37.110937983713626],[127.0266886169732,37.1108474466943],[127.02642069212084,37.11080936189236],[127.02630163607344,37.11085230160586],[127.02610525839474,37.11111459290223],[127.02579597603746,37.112015840414564],[127.02540913410552,37.11245459406341],[127.02536156059898,37.11262148873964],[127.02464128438199,37.11300309215286],[127.02457582140866,37.11308893309745],[127.02482004738413,37.11346556529252],[127.02492136224991,37.11377070504653],[127.02490951482261,37.113956665734385],[127.0247130871413,37.11410451934581],[127.02448089425421,37.114123640357874],[127.02340932573946,37.11451961261173],[127.02305810544964,37.11471040714539],[127.02292121458532,37.114872550581914],[127.02280220167246,37.115087139602466],[127.0223021639947,37.115397164072924],[127.02206998341764,37.11547826640763],[127.02172466470306,37.11551170742551],[127.02109958544372,37.11581698121385],[127.02021247969371,37.1159506438226],[127.0192479590977,37.116046167611856],[127.01848582540089,37.11594615717036],[127.01822982393615,37.11602725568982],[127.01795003940427,37.116251401279065],[127.01663685772603,37.11760354020698],[127.01631532777078,37.11756782344135],[127.01603844379376,37.11748203482692],[127.01575257950526,37.11715307106634],[127.01544887480641,37.11692424062797],[127.0148415194819,37.116709751301606],[127.01434133434515,37.11646663803938],[127.01416267152034,37.11623778818722],[127.01410902457636,37.11590879242739],[127.01373994243042,37.115280845876136],[127.01358416919543,37.115156434879715],[127.01340146626406,37.11506478854067],[127.0130073999306,37.11455322489107],[127.01234348038219,37.11381731227839],[127.0112053204309,37.11266304731132],[127.01015995569679,37.11227590779492],[127.01012790892486,37.11055773644769],[127.00201096892687,37.110604740635154],[127.0012937436345,37.11051736709385],[127.00035347262977,37.110261342145016],[127.0003534691764,37.11048660674112],[127.00029721189557,37.110774944268435],[127.00020720628464,37.11113537246378],[127.00007218477823,37.11142371356845],[126.99980216239136,37.111540842919844],[126.99948712653534,37.111630930495195],[126.99932963604445,37.11159489430174],[126.9990933608367,37.11147775062216],[126.99882334851972,37.111270501396625],[126.99842957851212,37.1110452286646],[126.9980020435435,37.110955110275114],[126.99800204899073,37.11091906765493],[126.99769827370993,37.11100015443811],[126.99737199936824,37.11118035354363],[126.99709072730533,37.11141461858695],[126.99664066511485,37.11168492090749],[126.99632564545712,37.11167589550345],[126.99581936480138,37.111531702862194],[126.99563935329168,37.11154972129106],[126.99541432458474,37.11163981033156],[126.99531306055003,37.111838042558574],[126.995268034744,37.11211736922587],[126.99524546851336,37.11274810500739],[126.99450282789009,37.11354999567265],[126.9942327182711,37.11439698218035],[126.99423270412021,37.1146132359685],[126.99431145306848,37.11466730366937],[126.99446896910621,37.114685334222905],[126.99542535288067,37.11440605926101],[126.99613419688704,37.11424390360602],[126.9964717396744,37.11423490888734],[126.99746184929782,37.11413582968029],[126.99801315977804,37.114126831352394],[126.99822694259824,37.11418091486225],[126.99839569467561,37.11428002540564],[126.99855320571518,37.11445123158151],[126.99867696218666,37.11468550811293],[126.99877821030809,37.1150279138653],[126.99887943787951,37.11575777196973],[126.99831687251752,37.115793797096266],[126.99828314984501,37.11507295556789],[126.99822691207916,37.11491075404948],[126.99801313701806,37.11473955553459],[126.99754057922766,37.11469448802104],[126.99624666526138,37.115018817664954],[126.99586409533183,37.11519000185623],[126.99541401178678,37.11559545546345],[126.99517771061154,37.115928834646986],[126.99507640790989,37.11624418871907],[126.99522265540655,37.11651453212653],[126.99535766218408,37.11665869161371],[126.99552642264044,37.11672177442761],[126.99578522733586,37.11676684975625],[126.99614527180466,37.11665873785774],[126.99635906004241,37.116532608180336],[126.99667414602541,37.1161541792813],[126.99688793233649,37.116019027179284],[126.99710169748121,37.11594694201206],[126.99748425317163,37.11596497744768],[126.99777679036984,37.11626233645316],[126.99790053738884,37.11645156048992],[126.99794552999003,37.11672187886985],[126.99794550905892,37.11716339871747],[126.99821553123085,37.11774036731258],[126.99822677987869,37.117974368513345],[126.99799047511691,37.11828972106831],[126.99790043740701,37.11852399263974],[126.99791238180552,37.11887709292739],[126.99802417089157,37.1191277150593],[126.998361726982,37.11949715293469],[126.99856425540251,37.11965033467065],[126.99931813468693,37.11994769978355],[126.99962192437073,37.12019098845279],[126.9997456935377,37.12040724055802],[126.99980195429174,37.12059646772011],[126.99972318697202,37.1209749144452],[126.99934060630764,37.12112809200678],[126.99899177848955,37.121488498905194],[126.99891300030272,37.1216506843024],[126.99886798126825,37.12182188781697],[126.99901425700928,37.12212825442834],[126.99910609744587,37.12253242911316],[126.99863723100067,37.12273397818913],[126.99773925561686,37.12335272488353],[126.99748527947406,37.123444448043735],[126.99724807166082,37.123469852768444],[126.99633953472467,37.12333944429414],[126.99582799796526,37.1231530874377],[126.9955144169147,37.12313258580068],[126.99488447377976,37.12275546154004],[126.99379375959785,37.12206580734507],[126.99336632381404,37.121661916572876],[126.99311639011401,37.12132901147668],[126.99286977307153,37.12073716186855],[126.99251949516785,37.12013727490994],[126.9923466127788,37.11989203927508],[126.99195099628429,37.11947955816061],[126.99177120264848,37.11938149020862],[126.99105387012878,37.1191715281296],[126.9907689652429,37.119044355309704],[126.99025165954599,37.119321733564625],[126.98960451040814,37.11983934536953],[126.98908608025015,37.120130378534036],[126.98912923524053,37.12073268615229],[126.9889864367028,37.12098214695594],[126.98890307960735,37.12105788081801],[126.9877632881921,37.12152436658785],[126.98673170979163,37.12162628669493],[126.98581835849944,37.12113472448487],[126.98558610958672,37.12087498280957],[126.98543888370698,37.12061932395024],[126.98472505530933,37.11989979393442],[126.98428380907666,37.11968798258504],[126.98334231601055,37.11977710084382],[126.98223575474927,37.11973637790383],[126.98217198048793,37.12091393111293],[126.98235943978624,37.12146642668093],[126.98244137054134,37.121945019086496],[126.98283147129888,37.12234411412051],[126.98288635267893,37.12247180278849],[126.98323113486113,37.122494922892365],[126.98340495926747,37.12260082414111],[126.98348324881334,37.12272103697294],[126.98360032403738,37.123039757646126],[126.98372754978813,37.12321304971481],[126.9839882346608,37.123421313800726],[126.98401138148151,37.12357099259658],[126.98251612113006,37.12406185573282],[126.9820850042217,37.12416217164466],[126.9819695335624,37.12423333635183],[126.98183925112157,37.12457076112142],[126.98142927902443,37.124699011743324],[126.98107142183224,37.12476563834358],[126.98060431622724,37.12477528712039],[126.98018854097094,37.12471872710156],[126.97996261539888,37.12464701494516],[126.97986697865188,37.12475199605577],[126.97972366958282,37.12461319164984],[126.97948377218731,37.12422006145276],[126.9790589608159,37.1237204627994],[126.97899008027676,37.12357486577422],[126.97914841032588,37.12325558922921],[126.9790624688549,37.12315870884232],[126.9789436218581,37.12311335438142],[126.97883900409816,37.12312009192953],[126.97862462844218,37.1232771683314],[126.97842048984631,37.12333429122072],[126.97810508787063,37.123269749675835],[126.97748075145032,37.123231330317246],[126.97645568200325,37.123310798716304],[126.97628371768816,37.12335328292866],[126.97591951070466,37.123602969016844],[126.97561353766277,37.12370905626517],[126.97518584886423,37.123961825766216],[126.97498187519801,37.12401724876253],[126.9747571937615,37.123981435222845],[126.97428097617396,37.123708757552016],[126.9739235849775,37.12357351634578],[126.97310077782389,37.12346378931459],[126.9726017766233,37.1235016837088],[126.97242704618664,37.12341041051318],[126.97224005034415,37.12320931075364],[126.97206985639201,37.123205331330325],[126.97196427789318,37.12342606338615],[126.97191619156833,37.123639764457764],[126.97170555468503,37.12409446670926],[126.9714853287223,37.1247778074749],[126.9714369603249,37.124816938024004],[126.97047901912546,37.124926224004525],[126.96982996180455,37.125131041700556],[126.9693547031191,37.12514077202825],[126.96883939311046,37.12505643513972],[126.9682516092945,37.12506218295658],[126.96797821566895,37.125022404973095],[126.96730899285929,37.12470769174719],[126.96691114845737,37.124585645874525],[126.9666809695497,37.12464556159247],[126.96663589697155,37.12477958029015],[126.96653934422272,37.12483474140662],[126.96631868144047,37.124847625399575],[126.96614304905074,37.124795483097785],[126.96599445790649,37.12483823837552],[126.96553186145071,37.12484992042728],[126.96533700652446,37.12492307140727],[126.96514579992515,37.12510801806364],[126.96473985818571,37.12537651580053],[126.96465381938037,37.12551362119349],[126.96448356837156,37.125619162307345],[126.96442022176241,37.125717691695634],[126.96369770595007,37.126144337816875],[126.96335657308367,37.12620674502281],[126.96310427614193,37.12617202630067],[126.96289454178941,37.12610550563325],[126.96251948493732,37.12613804578429],[126.96213490728339,37.12621648186381],[126.96193404777064,37.126329884814],[126.96182327196195,37.126352373968714],[126.96169757002544,37.12632108455444],[126.96141528955822,37.126126694073605],[126.96077524406073,37.12584940080526],[126.9606899656624,37.125854724874365],[126.96048314645728,37.12593997418354],[126.95991820505616,37.12595329326592],[126.9596184101853,37.125982183235415],[126.9596171608963,37.12600161874206],[126.95912060728233,37.126031564793536],[126.95914447590339,37.12643198384395],[126.9592164313413,37.126669943332615],[126.9590206339942,37.12716038928646],[126.95886101346414,37.12743059522065],[126.95855497219547,37.12776738883597],[126.95901968782829,37.1280282233688],[126.95978314929053,37.12900275173251],[126.9600950526551,37.128936975933634],[126.96020998707726,37.12903359046605],[126.960198615779,37.12918756925001],[126.96026385898936,37.12944655473945],[126.96052311973487,37.1298180233185],[126.9608131170323,37.12999709038134],[126.96155432859993,37.13021964322452],[126.96192679468324,37.13047108057495],[126.96224084531097,37.130132731131866],[126.96265679065104,37.12995406324392],[126.96273990206575,37.13041137502135],[126.96318311340757,37.13081775029726],[126.96346698400978,37.13113977149608],[126.96353971180838,37.13128312587751],[126.96405185767598,37.13174307817199],[126.96424282086679,37.13223142156062],[126.96433762566562,37.133034831728885],[126.96453114402635,37.13313761266795],[126.9662849659654,37.13340080385794],[126.96673060480231,37.13390323398718],[126.96676557602822,37.134361776192506],[126.96634296036174,37.13484033705772],[126.96649401807717,37.13559276282058],[126.9664270859785,37.136594886609004],[126.96661911593033,37.137371535108116],[126.96628451528628,37.1376378157921],[126.96630438986263,37.138001342037576],[126.966158691022,37.13859824823362],[126.96582323688864,37.138794685159404],[126.96574561659254,37.1389278459086],[126.96534151840083,37.13938206240621],[126.96541761461816,37.13975868942519],[126.96546793579081,37.14089871023351],[126.96444609239676,37.14241114682393],[126.96335236058168,37.143144599628016],[126.96319906090655,37.143677552850434],[126.96362348574573,37.14364312999563],[126.96412094236929,37.1437953067362],[126.96470325272752,37.1435808832045],[126.9647413705576,37.14354350053884],[126.9648553327499,37.14354191427647],[126.96538729616452,37.143564226084486],[126.96570902812459,37.14367469590194],[126.9661437133674,37.143628225218336],[126.966663528714,37.143708752554026],[126.9670347342076,37.14379860740089],[126.96745089436418,37.14444904654217],[126.9676408934986,37.14439103964064],[126.96794200819234,37.14440552761577],[126.96904176210474,37.144711922768444],[126.96926778873318,37.14465581128831],[126.96947466874441,37.14448514444688],[126.96961114725009,37.14434852830389],[126.96975212210381,37.14406735782795],[126.9699995169829,37.143887338366824],[126.97008490010462,37.143763017206965],[126.97063906950923,37.14375360002629],[126.97210064117503,37.143906319674585],[126.97297635808667,37.14361893829642],[126.97356883877619,37.143562537554395],[126.97398732913207,37.14347454425941],[126.97453188596707,37.142860530265],[126.97479633092809,37.142742547846524],[126.97544937644423,37.142845879774065],[126.97593046444383,37.143072937586346],[126.97674789959025,37.14304665643149],[126.97712550140518,37.14299801856656],[126.97789578419523,37.14305028205798],[126.9782042837835,37.14326067916367],[126.97820936501998,37.14331406613396],[126.97847059460777,37.14352178489673],[126.97859371865262,37.1434640978735],[126.97856939834614,37.14343685802316],[126.97914068681132,37.14313914770559],[126.97923425021206,37.142966318184726],[126.97930212419585,37.1429396027962],[126.97964200069339,37.142341063632315],[126.97975458942982,37.14223126524005],[126.98049575708335,37.14198193445053],[126.98059233162192,37.14189155948988],[126.98082624848126,37.141821213898545],[126.9818974496076,37.14176339907038],[126.98216496301356,37.141641803622534],[126.98222003601934,37.14155368274126],[126.98218312482341,37.14149257626368],[126.98214037325825,37.14089055122906],[126.9821715966718,37.14038638438385],[126.98202558636915,37.140095644903525],[126.98227208468629,37.13962742220317],[126.98226775139115,37.139425245060806],[126.98248458251183,37.138756251968104],[126.98250264645421,37.13827363719628],[126.98250029239158,37.13790026044917],[126.98213479958534,37.13686061166829],[126.98191317655126,37.13575538272089],[126.98207430543965,37.13555436951162],[126.98213949712611,37.13520466015832],[126.98220790686366,37.13509091229374],[126.98216158696509,37.13495697150278],[126.98262265970442,37.13467114928058],[126.98298417316019,37.13413452744182],[126.98325878485346,37.13386676371207],[126.9834439222272,37.13361610344599],[126.98380584169216,37.1336583862177],[126.9840759208275,37.133505258476326],[126.98437196916836,37.13327463769707],[126.98451668461212,37.13276390042923],[126.98558955171309,37.13252637424255],[126.98558378220888,37.13241131780741],[126.98591977145543,37.13153510484419],[126.98641712192358,37.13110549217141],[126.9865452302168,37.13080512770108],[126.98680080415461,37.13041405205506],[126.98703630367476,37.130166574180045],[126.98749906292878,37.12982083029679],[126.98796688438647,37.12968802242647],[126.98855036393162,37.12957223689797],[126.98904443626304,37.12975431716436],[126.98933509165856,37.12974674590865],[126.98963104251077,37.129643447310194],[126.98984804172675,37.12952379415733],[126.99019482825815,37.129243666736905],[126.99064807148198,37.12930304915043],[126.99104228289542,37.129273445442685],[126.99139843408793,37.129177616767045],[126.99279288387598,37.12978087929904],[126.99284052796935,37.12989295635539],[126.99317197171025,37.12993043127968],[126.9938748126034,37.12971648712696],[126.99444293262636,37.12971962919194],[126.99511833263571,37.129596627833244],[126.99551263058405,37.129603457250006],[126.99624258151768,37.12925996780122],[126.99652809948613,37.128903606192324],[126.99680258355592,37.12864140374045],[127.00509172942502,37.13245109652134],[127.0047334437401,37.13380524915638],[127.00332331199175,37.13666184681412],[127.00118371723865,37.139031678989696],[127.00000003489194,37.14208267382195],[126.99842531814689,37.145683037959905],[126.99797795934236,37.14722897096701],[126.99585442582239,37.156405483612446],[126.99573414613292,37.15735267204576],[126.99573410026403,37.158108933943545],[126.99585473644981,37.15888132896892],[126.99707025158527,37.16211949541933],[126.99732857926553,37.16363327918029],[126.99742186862564,37.164888364974125],[126.9973096800038,37.16644232026478],[126.99493887802336,37.171233886462396],[126.99490765037993,37.17166665795288],[126.99491373389266,37.1756506194216],[126.99498132889708,37.17526317196812],[126.99514462908097,37.174947814673466]]]}},{"type":"Feature","properties":{"HAKGUDO_ID":"Z000201391","HAKGUDO_NM":"송린중학구","HAKGUDO_GB":"0","zone_type":"중학교 학교군·중학구","city":"화성시","base_date":"2026-03-20","schools":[{"school_id":"B000026263","school_name":"송린중학교","school_level":"중학교","road_address":"경기도 화성시 수노을2로 148","jibun_address":"경기도 화성시 새솔동 125","lat":37.2768130359,"lng":126.8222670414,"city":"화성시"}],"school_ids":["B000026263"],"school_names":["송린중학교"]},"geometry":{"type":"Polygon","coordinates":[[[126.82121676021109,37.28894889094321],[126.82350578021521,37.28619880717935],[126.82489774329085,37.284234073837084],[126.82530548733699,37.2820890747586],[126.82670044308745,37.27876544143246],[126.82822610930101,37.276943902760415],[126.82974823898616,37.27666002081157],[126.83185082404236,37.276949106865],[126.8346252194773,37.27698877469822],[126.8365807268001,37.276687085065625],[126.83697487239868,37.27633172880753],[126.83727321836393,37.27597767221715],[126.83735137180524,37.27576357192416],[126.83738695098208,37.27525567423499],[126.83714637211135,37.274026728316656],[126.83714066381822,37.27317237982318],[126.83749987833816,37.27202210494843],[126.83812816894815,37.27116472324889],[126.83714937960728,37.27069991107267],[126.8351693281186,37.2710046237112],[126.8333631317874,37.27210836863064],[126.8310560353121,37.27375452769079],[126.83085700768878,37.27357656568458],[126.82867664104232,37.270607879347224],[126.82855890568429,37.27063163873095],[126.8280800357424,37.27058166100429],[126.82780257638156,37.27050523340167],[126.82764218825817,37.27038701781481],[126.82767600966588,37.270235585988345],[126.82780920254514,37.26999671942119],[126.82792380427387,37.26987919398454],[126.82793266250174,37.269782624361795],[126.82787414516154,37.2696423212225],[126.82789262858535,37.26987604908855],[126.82772628808677,37.27005207403647],[126.82760766131045,37.27038893901843],[126.82754781068473,37.270445725501304],[126.82736221869499,37.27055920771395],[126.82727870781743,37.270565283258634],[126.82715538713347,37.27049217309201],[126.82668191621025,37.27077023564151],[126.82663436862997,37.27076649878957],[126.82663833867745,37.27087800650372],[126.8265048563634,37.27092821333744],[126.826485336122,37.270993789451275],[126.82638605417378,37.27103700914864],[126.82625065555922,37.27100442533014],[126.82619865935868,37.27101814392909],[126.82598840965393,37.2711301821489],[126.82584100593854,37.271262018205874],[126.82576172962388,37.27126387483293],[126.82545777131402,37.27151908995293],[126.82535476465563,37.271573277954495],[126.82511954430737,37.27159123804799],[126.82505310699987,37.271677016196385],[126.82518628134716,37.271681999245956],[126.8252793225491,37.27182151845416],[126.82525677344341,37.27189356655825],[126.82542673579363,37.27221481274409],[126.82537671883017,37.272361156139915],[126.82521580687238,37.272539717403106],[126.82511574795183,37.272614462253905],[126.82490212829082,37.272662015127494],[126.8245478454483,37.272664865887826],[126.82420887663392,37.27259959269534],[126.82416016522644,37.27263528081741],[126.82400087575562,37.27264911655204],[126.82474173542457,37.27284448701536],[126.82377559776026,37.27323816227816],[126.82362628216262,37.273248498297896],[126.82359584348785,37.27322276430579],[126.82340022560278,37.2735867034899],[126.82309538752267,37.27398691540006],[126.82297272193031,37.27400897689569],[126.82258944578352,37.27427364392284],[126.82254564133619,37.274249925983355],[126.8221604105741,37.2745956714107],[126.82194498012927,37.27465729224095],[126.82151220519236,37.27491933855091],[126.82110438484148,37.275056126057116],[126.82081417332874,37.27530206191691],[126.82052869143111,37.27548323752377],[126.82054761650419,37.275523812978676],[126.82042085781899,37.275632869962465],[126.82017931441541,37.275711340631645],[126.81999064613949,37.275851837662614],[126.81959243280099,37.27602298935812],[126.8192145994795,37.27613926331103],[126.81890787757567,37.27613934954339],[126.81876649078954,37.27617995745351],[126.8186708504653,37.276241196987115],[126.81866996769122,37.276317782155026],[126.81856972161431,37.27639055686068],[126.81852376725178,37.276380349732555],[126.81836098793731,37.27651863123216],[126.81811497286535,37.27662495994772],[126.81782167260754,37.27668251423202],[126.81776340246216,37.27673338550847],[126.81735354087128,37.27691014319768],[126.81662699058654,37.27705176257687],[126.8165519824411,37.277104301277085],[126.81629912772509,37.27711967374612],[126.8161257874308,37.27718529400289],[126.81557289101143,37.27763212409419],[126.81536317173983,37.27773090784613],[126.81501030729058,37.27779399191949],[126.81480364907036,37.27772073691328],[126.81465763738093,37.27763124969017],[126.81456115612852,37.27767558107781],[126.81425764122709,37.27801721524833],[126.81393594545126,37.27822394175581],[126.81369918290504,37.278213989538585],[126.81367196605164,37.278321790223885],[126.81354583698744,37.27845308741398],[126.81338057484929,37.27852828538394],[126.81198219768804,37.27881832270459],[126.81186197331307,37.278774771913014],[126.81176603800125,37.278879363339506],[126.8116291681544,37.27893996392453],[126.81144149132012,37.27895908972101],[126.81140945917828,37.279083776671285],[126.81129166229886,37.27926745126798],[126.81049115535649,37.27979692376123],[126.80983647587142,37.28013657271531],[126.80947430791547,37.280455851767705],[126.80941084938762,37.28053430934302],[126.80944306695521,37.28061404002714],[126.80953841314292,37.28053507510202],[126.80956549137085,37.280555671350434],[126.8096909890577,37.280880814612075],[126.8097589674578,37.280962575966164],[126.80979732987923,37.28126054607882],[126.81000350495398,37.28152611578805],[126.81038328629884,37.281903756946214],[126.8104683972193,37.282180681339575],[126.81038798244872,37.282557011658746],[126.81070776659021,37.282976228604234],[126.81094816559624,37.283155694077145],[126.81099079382635,37.28323009777929],[126.81138942659945,37.283126274486285],[126.81170416165607,37.28310763210138],[126.81180053969211,37.28338625835076],[126.81208738791894,37.283876941736196],[126.81184769025339,37.28411673621362],[126.81211246650496,37.28413292854548],[126.81320588164482,37.28443539301229],[126.81344148454563,37.28463793040793],[126.81363703536124,37.28457742199961],[126.81382569315682,37.28474047511998],[126.81372834665287,37.28491602072338],[126.81352746783936,37.28513194988427],[126.81335234358352,37.28526767289597],[126.8129137025129,37.285512217641006],[126.81283379046883,37.28569539479355],[126.81234199925872,37.28605276956418],[126.81172781391629,37.286177083531896],[126.81149068298241,37.286303136100145],[126.81074088935716,37.28646890007549],[126.81030937981602,37.28660308023674],[126.80941111425558,37.28597681472107],[126.8081505380005,37.2858593139888],[126.80792742422123,37.28573759863349],[126.80726180074598,37.28516857111187],[126.8069125076295,37.28499342222118],[126.80664186940776,37.284787992587205],[126.80599685760839,37.28463262730734],[126.80490792342043,37.28458155625128],[126.8047348633255,37.29335708432504],[126.80813629195305,37.29346992699866],[126.81265733677881,37.29333412974022],[126.81655434173679,37.2921243948741],[126.8187952696569,37.29087624814633],[126.82121676021109,37.28894889094321]]]}},{"type":"Feature","properties":{"HAKGUDO_ID":"Z000200305","HAKGUDO_NM":"진안중학군","HAKGUDO_GB":"0","zone_type":"중학교 학교군·중학구","city":"화성시","base_date":"2026-03-20","schools":[{"school_id":"B000009437","school_name":"병점중학교","school_level":"중학교","road_address":"경기도 화성시 병점3로 71","jibun_address":"경기도 화성시 병점동 825","lat":37.2103609999,"lng":127.0400539122,"city":"화성시"},{"school_id":"B000009438","school_name":"안화중학교","school_level":"중학교","road_address":"경기도 화성시 병점2로 125","jibun_address":"경기도 화성시 병점동 853","lat":37.2111187509,"lng":127.0485705093,"city":"화성시"},{"school_id":"B000009439","school_name":"진안중학교","school_level":"중학교","road_address":"경기도 화성시 병점동로 138","jibun_address":"경기도 화성시 진안동 857-1","lat":37.2165232038,"lng":127.0378176134,"city":"화성시"}],"school_ids":["B000009437","B000009438","B000009439"],"school_names":["병점중학교","안화중학교","진안중학교"]},"geometry":{"type":"MultiPolygon","coordinates":[[[[127.03921694161662,37.23736236358521],[127.03917234417015,37.23724214274211],[127.03921672428402,37.237262620547504],[127.03921652262589,37.23716267747068],[127.03974772164058,37.23740860762372],[127.03978908938808,37.2373900132589],[127.04053104575758,37.23620912343632],[127.04057421310627,37.2362423392439],[127.04062596899297,37.23621895466553],[127.0410479942777,37.23586462492868],[127.04166062933076,37.235212818357425],[127.0420385082772,37.23523408918329],[127.04239343088572,37.23514892730136],[127.04257789725496,37.23505793561981],[127.04258451235847,37.23491576251553],[127.04266829468689,37.23481178943148],[127.04305951509049,37.234750553272015],[127.0437118035145,37.234584756010996],[127.04398307118542,37.234480201749044],[127.04438335184284,37.23424465218098],[127.0450422682243,37.23373592204424],[127.04498631297373,37.23299274011338],[127.04505681862946,37.23273189989442],[127.04486938324746,37.232356306584066],[127.04481939645113,37.23216149303313],[127.04431221001573,37.22876681910967],[127.04392985229006,37.22868000686476],[127.04363823004036,37.22872024282389],[127.04355163477865,37.22870181133487],[127.04339928357507,37.22857179114276],[127.04311619807476,37.22852054113727],[127.0427633896071,37.22860150562761],[127.0425611989978,37.22871571955259],[127.04228787318841,37.22864662332037],[127.04217126012826,37.22844101882602],[127.04174957019471,37.22824808815406],[127.041516798464,37.22808970094054],[127.04079572072023,37.22772967032827],[127.04064070178349,37.22774362408561],[127.040620859811,37.2277229158073],[127.04065406884855,37.227705145664665],[127.04044170419895,37.22747480155997],[127.04034226552251,37.227170912982594],[127.04012463774265,37.227129824348076],[127.03995733664807,37.227186645114095],[127.03994198079508,37.227548291194736],[127.04000122390056,37.22753917152005],[127.04000053424188,37.227600947581216],[127.03994329105426,37.22764186365191],[127.03955820529144,37.22757770765261],[127.03929306980568,37.22740108964877],[127.03914552226877,37.22702964644195],[127.0389279243949,37.22702495792676],[127.03877276114902,37.22715766738083],[127.03853711055433,37.22749665897129],[127.03837221619112,37.22752378628998],[127.03824360712782,37.22746334866647],[127.03812232575117,37.2273174892216],[127.03766996724325,37.22742833037661],[127.03744822830879,37.227747032778225],[127.03705874337345,37.22776469328024],[127.03694232071378,37.227714243050755],[127.03687848500572,37.22746817961652],[127.03678382519065,37.22732984326705],[127.03665570966999,37.227284730585396],[127.03647652998666,37.22736926543612],[127.0363641854708,37.22763398814847],[127.03624365408582,37.227739156632744],[127.03605617880751,37.22779387771313],[127.03585310094034,37.22778591733599],[127.03536294941864,37.227606949941254],[127.03518312085335,37.22747829604458],[127.03486347297103,37.22712803528109],[127.03496632306872,37.227119671170456],[127.03520436901046,37.22696403926134],[127.03534678588304,37.226915424060905],[127.03577747790614,37.22688193434735],[127.0359450625575,37.22684994416383],[127.0360793231152,37.22678278609213],[127.03599566528247,37.22667254131619],[127.0365110043965,37.223357505215674],[127.03700717574408,37.22325888286171],[127.03772653930663,37.22303624293783],[127.03827148915478,37.22292367042881],[127.03871247386688,37.22269877681017],[127.03873301185199,37.22264975396259],[127.03962399232702,37.222120432965966],[127.03980515621636,37.221982641549154],[127.04013068168939,37.22181288769032],[127.04077906628916,37.22162286936196],[127.04117996659714,37.22145444000998],[127.04130619077054,37.221451495582066],[127.04192081955962,37.22125137389612],[127.0420357289126,37.221244513133335],[127.04287270726627,37.220996392316515],[127.04330909232024,37.220751237518414],[127.04379307335468,37.2205564312378],[127.04390576811412,37.22043983255556],[127.04400843669849,37.22040596187483],[127.04409805722528,37.220250913915315],[127.04429065943206,37.22021950627785],[127.04449593055178,37.22013698698238],[127.04515873678328,37.22012523784902],[127.04552202194942,37.22005524587766],[127.04550345455309,37.219339852660916],[127.04552047191399,37.21831386849694],[127.04555063653407,37.21830464187172],[127.04554885491712,37.21822537276482],[127.04611287732823,37.218016985155145],[127.04942031369713,37.21563168040558],[127.04948482373378,37.21561255212528],[127.0510317283074,37.21450709280218],[127.05111241836195,37.21451595857957],[127.05122506809855,37.2144343622224],[127.05134105997992,37.21445209602069],[127.05146826342917,37.214294786029875],[127.05169777007069,37.21425183576717],[127.0517885242511,37.21427754902333],[127.05197848348901,37.21419585144305],[127.05221324997025,37.21415164541378],[127.05250134039657,37.214160063628746],[127.05278299462258,37.21411362810708],[127.05295122025738,37.21399844753174],[127.05335736559057,37.2138082762432],[127.0535298494709,37.21412059145028],[127.05407161384001,37.21380800100916],[127.0545360814774,37.213444836227936],[127.05466201298233,37.2133006120183],[127.05478063830502,37.21302123537872],[127.05507230659256,37.212740374445424],[127.05516679852202,37.21270006435864],[127.0555381933768,37.21265963730537],[127.05572067973357,37.212584092279585],[127.05708603793843,37.21173253201118],[127.05765869193587,37.21154614276619],[127.05814303829698,37.21121365281279],[127.05830035099088,37.2111381143481],[127.05870951536092,37.21101683635555],[127.05875983666647,37.2109816181884],[127.05881007204296,37.210835740272046],[127.05883788144703,37.21059068947233],[127.05844726913078,37.21024397491068],[127.05833262132724,37.210214296765336],[127.0579546600819,37.21020952110335],[127.05778733280194,37.210162521172144],[127.05764165610229,37.21006843059411],[127.05760542853245,37.20987897175823],[127.05714666095531,37.20991239587038],[127.05651015287069,37.210146118305964],[127.05625542287875,37.21010372439645],[127.05616266650085,37.20995736576006],[127.05463865007624,37.21055789326506],[127.05441628685352,37.210228229257005],[127.05416220396587,37.21032393452262],[127.0540436537563,37.210301541704744],[127.05387944854313,37.2100760746135],[127.05383309832438,37.20974411451095],[127.05392004045056,37.209477430739085],[127.05443201394971,37.208616417693904],[127.05449199079996,37.208165517041856],[127.05381244925802,37.208126750926745],[127.05340691759338,37.20814861733596],[127.0529959582655,37.20822228618304],[127.05200678361717,37.20856003466738],[127.05141835312077,37.20872631010332],[127.05146886159046,37.20935205509587],[127.05143952820615,37.20944104476249],[127.0510927239177,37.20992297026198],[127.05102740343578,37.210156141580434],[127.05108008695738,37.21051231125057],[127.05133567152633,37.21077407478779],[127.05120146997504,37.21093659762529],[127.05119172460805,37.211109205202874],[127.0510607927282,37.21115656504443],[127.05091356009174,37.21130586574643],[127.05102829110402,37.211517842476],[127.05087454078682,37.21165926174013],[127.0507535958541,37.211908226894224],[127.05060832135317,37.21202707987991],[127.05036834030871,37.21164307354732],[127.04987819912951,37.211035980380764],[127.04968538657371,37.21084489550823],[127.04969420357588,37.210713372720676],[127.04888046130438,37.20948727912136],[127.04878268646694,37.209162327659584],[127.04880542121039,37.20894894233661],[127.04867278570265,37.20775751881657],[127.04867735841096,37.20744733294215],[127.0488225798061,37.20687549069938],[127.04901286115766,37.20652303367277],[127.04910755499475,37.20562777333766],[127.04906183113111,37.20525063215197],[127.0491460047263,37.20520278929449],[127.0496081620634,37.20475684668817],[127.05078010166223,37.20420919942235],[127.05165272887719,37.203685206861586],[127.05197577014151,37.20368133701771],[127.05210087585539,37.203620639508685],[127.05277069494677,37.20378667528654],[127.05314300276214,37.2028723832781],[127.05325080651143,37.202295771879115],[127.05308361606343,37.201345381696534],[127.05277364194566,37.20033906165641],[127.05226747853095,37.20045706613699],[127.05183108271038,37.200135544537694],[127.05165185515578,37.20026389474914],[127.05157168901279,37.200254533506396],[127.05153165666381,37.20000630934969],[127.05145812613355,37.19987533017558],[127.05123811596768,37.19965708985473],[127.05131421889793,37.19960877855502],[127.0510802843744,37.199549480508935],[127.05109595078879,37.199443214502985],[127.05117837754442,37.19938876439751],[127.0512750799932,37.199014385953305],[127.05139303859556,37.19872968710502],[127.05137071152096,37.19865344976547],[127.0514095629386,37.19862043818861],[127.05099956312236,37.19838891166174],[127.05098189262819,37.19849971803663],[127.05082653378345,37.19845400233596],[127.05079489887464,37.19847852452028],[127.05056542416376,37.19841915505272],[127.05012080406965,37.19818902426324],[127.05025238699004,37.19805219781943],[127.05029186847757,37.19795333744759],[127.05003817303549,37.19789901952022],[127.05053669703965,37.19719257399848],[127.05011281498403,37.19695747849319],[127.0499676122638,37.196934835108344],[127.04991127045187,37.19689863475327],[127.05061527599253,37.196486346103356],[127.05022669783233,37.19622464493021],[127.05005743046716,37.19600001662051],[127.04956181856,37.195973188012125],[127.04893107856655,37.19598695156759],[127.04880724825267,37.196081611351964],[127.0483904724823,37.19604573481481],[127.04826852360613,37.19606267749388],[127.04799633975202,37.19618555376728],[127.0478610151174,37.196198842270825],[127.0476584029791,37.19612711727945],[127.04743876749907,37.1961272018256],[127.04733144240711,37.19617061150498],[127.04715720980975,37.196172363250405],[127.04693752233439,37.19608685411452],[127.04673476273165,37.19605539563452],[127.04636307070638,37.19605553626977],[127.04620998762095,37.196108804126894],[127.04598024957082,37.19628093595997],[127.04546221247307,37.19642079179878],[127.04510555693385,37.19655973884978],[127.04470782287221,37.19687609771749],[127.04426306682251,37.19714657681206],[127.0439788723475,37.19720158376798],[127.04376750596454,37.19720982377467],[127.04283670286281,37.197579016943045],[127.04242439540931,37.19766757475082],[127.04242737436049,37.19762477370331],[127.04220310021054,37.19754516294774],[127.04219956732148,37.19750968977939],[127.04207055947919,37.19747651206358],[127.04167032025265,37.19743919317156],[127.04158815211784,37.197480893909265],[127.04147446098715,37.197484874967635],[127.04130207630091,37.19764458362714],[127.04129788426596,37.19770512678748],[127.04107385924759,37.19774264879509],[127.04094630510495,37.19781900125918],[127.04082815036384,37.198039796219135],[127.0406325210452,37.19819050678339],[127.04051285066602,37.19820208844316],[127.04013028876935,37.19795555832202],[127.04006992386391,37.197972178838924],[127.0395668468635,37.19849522668296],[127.03937538513114,37.19853584502632],[127.03907105938498,37.19847567981456],[127.03859431974638,37.19855439160797],[127.03782675426967,37.19882016300397],[127.0374889649824,37.1990815646566],[127.03753975740386,37.19930230451153],[127.03744407836064,37.199437487181505],[127.03723013379592,37.19958172292243],[127.03705569177838,37.1998836246025],[127.03680227708288,37.19995127888529],[127.0357213037155,37.1999867967378],[127.03515765365887,37.20013901335217],[127.03375548870663,37.20019543055921],[127.0336540932316,37.20016843145522],[127.03289940495087,37.200164123766086],[127.03266284609366,37.200128143545165],[127.03236430823127,37.1999975711539],[127.03188013037494,37.19998840808722],[127.03163778637311,37.200033789657994],[127.0315082081714,37.199925706974675],[127.03138429743419,37.19989420214779],[127.03082107284447,37.19984928931213],[127.03047744972663,37.19964663972417],[127.0298748529078,37.19970985784334],[127.02977347201079,37.19969186232692],[127.0295538813714,37.199845097942315],[127.0293788391141,37.20005631921409],[127.02886126359566,37.20014259781028],[127.02864160006497,37.2001291335411],[127.02827556092912,37.2002328370314],[127.02833158542997,37.200396423126456],[127.02830379009735,37.200426560043006],[127.02823623176991,37.2004671054761],[127.02814100978706,37.200477275779384],[127.02783071719577,37.20047171300156],[127.02771247131334,37.200552833583586],[127.02767870358751,37.20062041946301],[127.02757171389031,37.20067451472862],[127.02747591155895,37.20050783339038],[127.02735759970389,37.20040423620588],[127.02722807825286,37.200435795651465],[127.02707608767614,37.200652092836044],[127.027036725671,37.20080526981837],[127.02687340675762,37.2008728867632],[127.02677200340192,37.2007873098034],[127.02671545794598,37.20065498148685],[127.02685633017285,37.20033214060809],[127.0264483269101,37.20015284018016],[127.02615687907814,37.200107055764235],[127.02593713348188,37.20025697243391],[127.02535744011485,37.200854978256594],[127.02501731050039,37.20096811905352],[127.02462727283316,37.20098474769261],[127.0244869836361,37.200962708213616],[127.0243243400993,37.20092114736861],[127.02409316694407,37.20080985884901],[127.02374586603062,37.20094111670492],[127.02356035694089,37.2009004964857],[127.02340260504451,37.20082639642182],[127.0230635264583,37.200567633085306],[127.0227913127971,37.200503852553],[127.02245350950496,37.201214990184134],[127.0225042715259,37.20168085761665],[127.0224891573779,37.20201595888586],[127.02264990536118,37.202163142971564],[127.02303341883618,37.20243324302896],[127.02318418886674,37.20250437956988],[127.02331886792582,37.20263041114486],[127.02339607427095,37.20274671266074],[127.02344710143252,37.202940625970506],[127.02339291818132,37.20313064861004],[127.02288716880462,37.20381476884472],[127.02283965588637,37.20401703430065],[127.0228596356683,37.20424378811197],[127.02298805707609,37.20465817294294],[127.02332133745911,37.20502597185351],[127.02376984672352,37.205195284825734],[127.02397456904828,37.20545141329929],[127.02403547718541,37.20567568067606],[127.02428829418668,37.205791902538294],[127.02358531973914,37.20662831268907],[127.02257246198329,37.207467261301794],[127.02203185778525,37.20782650298725],[127.02166100501489,37.20802095775307],[127.02161757703607,37.208141767749304],[127.02146413819018,37.20833149114347],[127.0214011139087,37.20847692040525],[127.02881055564772,37.21113277477467],[127.02841137204324,37.211679150874254],[127.02697711304207,37.21298534916808],[127.0270954170956,37.213086087479205],[127.02369164268944,37.21614858849936],[127.02329943470865,37.21656915993078],[127.02344526712109,37.21668489888016],[127.02408690435297,37.21706860454257],[127.02407311090822,37.21709772835925],[127.02534175355133,37.21806252349565],[127.02546310758432,37.21821002624608],[127.02563609488554,37.21855882108256],[127.02602996619693,37.220016112503245],[127.02608771777543,37.220042788864475],[127.02606821087824,37.22013363600279],[127.02614943994244,37.22001084298362],[127.02624009951884,37.220100306996024],[127.02351505799923,37.22535688956787],[127.02339726179886,37.22569567541578],[127.02310155078112,37.22621541647625],[127.02319172811012,37.226314516825674],[127.0234060025012,37.226954224955875],[127.02348490190016,37.226999253617684],[127.0234736365298,37.22704430733953],[127.02367652381521,37.22722447831149],[127.02403448025353,37.22731818185581],[127.0241447296077,37.22744147682467],[127.02413469411097,37.227518957260514],[127.02388838928321,37.227572228479985],[127.02377397404659,37.227645459825766],[127.02371662763981,37.22773750433419],[127.02381849548424,37.228046082803196],[127.02407742971009,37.228476848336136],[127.02391977619115,37.22883701456739],[127.02401038773041,37.22920839809456],[127.02405670493503,37.22926386618725],[127.02426995088155,37.22935307323142],[127.02426928355285,37.22945781022009],[127.0242145544181,37.22953695050522],[127.02401526181772,37.22960795487438],[127.02379744517485,37.2295373179801],[127.02379818386157,37.22967190638042],[127.0235969366525,37.229652796688015],[127.02348197624607,37.22969055359961],[127.02344678434768,37.22976544571858],[127.02358213049673,37.23023368233519],[127.02319988168894,37.23089409481499],[127.02340765120874,37.230932071816994],[127.02380201889324,37.23082387295723],[127.02426281151685,37.230859259988826],[127.02490482866153,37.23098552652267],[127.0252106770538,37.23101277615602],[127.02566210271604,37.230961722279424],[127.02608975079944,37.2308743416992],[127.02615666242886,37.23083715964413],[127.02632562532214,37.23063889542272],[127.02652845101896,37.23064786333978],[127.0266748955262,37.23060282223575],[127.0268444526562,37.23060165941769],[127.02717074282202,37.23070183011874],[127.02740742818679,37.23083693446614],[127.02799963290678,37.23105192726156],[127.02829178387665,37.23121630073925],[127.02849323660992,37.231261307503786],[127.02862594453754,37.23112668879258],[127.02869426285613,37.2311199153072],[127.02895134662971,37.23118799262957],[127.02933467391718,37.23122647663633],[127.02970615689352,37.23117261495321],[127.02999070759856,37.23121956258102],[127.02992623914817,37.23160955748417],[127.02990950919073,37.23207078606747],[127.02997715553096,37.23216087366447],[127.03013495526795,37.23225994968692],[127.0301913439656,37.232377080442006],[127.03012385664071,37.23271047237917],[127.03012397288904,37.2330168255884],[127.03044534944273,37.23349425677721],[127.0306369542474,37.233579817622356],[127.03135249694573,37.233566157001896],[127.0315159209379,37.233629188701194],[127.0316173834226,37.23373278203437],[127.03162874275138,37.23388140936422],[127.03216407886039,37.23410206848132],[127.0323331631344,37.23422366464254],[127.03240661440555,37.23464259611459],[127.03272793623108,37.23501192874184],[127.03326336428151,37.23534967651707],[127.03407497253794,37.23594418419038],[127.0345764428902,37.23591250852341],[127.03471732869046,37.23595752142845],[127.03482443432843,37.236065615549116],[127.03484700728262,37.23614219785169],[127.03479635059121,37.236268357435904],[127.03463304331224,37.236493663287675],[127.03462744247688,37.236570252961435],[127.03467255738408,37.23665583916036],[127.03483601153845,37.236763917647586],[127.03527555490176,37.23684488710729],[127.03557982784753,37.23684029445529],[127.03585585349938,37.236673522147875],[127.03611503163778,37.23663289991373],[127.03647003916603,37.236677847938935],[127.03679125934629,37.23676785681391],[127.03722519937354,37.23684427860335],[127.03740134125934,37.23670104054484],[127.03741987026486,37.23687138559858],[127.03751527854259,37.23692220235447],[127.03753838376053,37.2370707406148],[127.03732114437365,37.23725721140931],[127.03732595670827,37.23748165238735],[127.0372008783317,37.238283974185585],[127.03736602975845,37.23833432940956],[127.03743495053727,37.23853837564463],[127.0382595971885,37.238766823695585],[127.03975169099535,37.23899071250218],[127.03921740001147,37.23755326628207],[127.03921694161662,37.23736236358521]]],[[[127.02327981532456,37.225881627106524],[127.02320900109505,37.22584124071653],[127.0232796205037,37.22588199747551],[127.02327981532456,37.225881627106524]]]]}},{"type":"Feature","properties":{"HAKGUDO_ID":"Z000200291","HAKGUDO_NM":"동학중학구","HAKGUDO_GB":"0","zone_type":"중학교 학교군·중학구","city":"화성시","base_date":"2026-03-20","schools":[{"school_id":"B000009436","school_name":"동학중학교","school_level":"중학교","road_address":"경기도 화성시 영통로27번길 60","jibun_address":"경기도 화성시 반월동 184-8","lat":37.2329871118,"lng":127.058159203,"city":"화성시"}],"school_ids":["B000009436"],"school_names":["동학중학교"]},"geometry":{"type":"Polygon","coordinates":[[[127.06646862819849,37.24008773585868],[127.06667502786412,37.24010254384873],[127.06691705237921,37.24018519540848],[127.0671026292868,37.240153553801136],[127.06765149911881,37.24014283263827],[127.0677231286179,37.240101961714146],[127.06757664488485,37.24012908036816],[127.06749876395082,37.24007280402542],[127.06745876944308,37.23984700314478],[127.06746345010536,37.23956148432229],[127.06738933214372,37.239376532820835],[127.06740113228354,37.23916956670317],[127.06730997807695,37.23863208974593],[127.06732256308749,37.23832798590923],[127.06748146996968,37.237805858270804],[127.06793135003328,37.236785180800055],[127.0679348807575,37.236389563635726],[127.06797487377355,37.236208765584806],[127.06793918459006,37.23587596840739],[127.0679737412891,37.235522291502306],[127.06772550621533,37.235165958151434],[127.06793433072004,37.23495522255091],[127.06798792621622,37.23463278656013],[127.06795466230045,37.2344475333726],[127.06814008930729,37.23426919532157],[127.06816745620817,37.234147538288894],[127.06835205536031,37.23382249286911],[127.06849513203316,37.23374019150431],[127.06866958960534,37.23351032899143],[127.06870877222411,37.23321746789976],[127.06859724572448,37.23293933618002],[127.06865097008762,37.23276867562892],[127.0689391454639,37.23250101086876],[127.06929920558179,37.2322856821086],[127.06939323870593,37.232105141057936],[127.06947925899085,37.23162218895753],[127.06945016496158,37.231572648440824],[127.0694564374786,37.23129782724151],[127.06937166633986,37.231018554157735],[127.06910647767344,37.230595212572425],[127.06888880818893,37.23034671255402],[127.06885872224967,37.230170742928564],[127.06891453599106,37.22996966161128],[127.06888609868676,37.229865499078386],[127.06918502058706,37.22961923622488],[127.0693872569423,37.22955435424106],[127.06955613267667,37.229387570448424],[127.06973043478817,37.22899100714024],[127.06970195550981,37.22864862771051],[127.06997809782801,37.22872055226634],[127.07019221026003,37.22873844831247],[127.07044056172346,37.22885459904537],[127.07062125129023,37.228902360481364],[127.07100364429105,37.22887764138083],[127.07122891802351,37.22897268193898],[127.07156791973705,37.22904174468319],[127.07210815952949,37.22912026403918],[127.07241185746162,37.22909361498584],[127.07259270112512,37.22912391282265],[127.07270183183464,37.22908499452486],[127.07295307264413,37.228899008034354],[127.07331192809023,37.228744487493536],[127.07358361617912,37.22839403503595],[127.07379774001217,37.22824101028057],[127.07428444211234,37.22811400432838],[127.07460667015066,37.228154640858214],[127.07472556096054,37.228195394166214],[127.07482291829132,37.22819054453369],[127.07494025636252,37.227727845547996],[127.07514883216584,37.227302817218224],[127.07522364073887,37.22692123914752],[127.07535669366584,37.22668997998275],[127.07529437699728,37.22633861282298],[127.07541157785877,37.226099201960444],[127.07555334703608,37.225914546392644],[127.07590250025173,37.22559107946115],[127.07581557606596,37.225598386768326],[127.0752952077418,37.225806221926256],[127.07492986657842,37.22588231643965],[127.07465768554327,37.22593330381251],[127.07430444559034,37.22593892773264],[127.07344227664541,37.2261045248289],[127.07331861729386,37.22617028602313],[127.07306892446132,37.226172869556315],[127.07302985677049,37.22608693369684],[127.07311030324792,37.2259622718626],[127.07306278313641,37.22587471934216],[127.0729967377489,37.225857459047546],[127.07294879278555,37.22591704694538],[127.07108219377085,37.22484276596125],[127.07077202493365,37.22462876989825],[127.07079387411655,37.224371960860545],[127.06848003039475,37.223046147655644],[127.06856781280305,37.22267495959116],[127.06842185946485,37.22275640595382],[127.06839893489118,37.22244213534516],[127.06861373438613,37.222492202201416],[127.07050603900046,37.214761287829084],[127.0707587754963,37.21328678028301],[127.0641224348265,37.2121412840095],[127.06291740017929,37.217167343050555],[127.0615185276503,37.22026980636062],[127.06006052740598,37.22136772011474],[127.06041822603879,37.22162225289485],[127.06081600965248,37.22199079529316],[127.06153273519088,37.22280638118337],[127.06325341162407,37.22402956137308],[127.06343945564903,37.2241880472375],[127.06360075623728,37.22440105860161],[127.06387119643767,37.22490227421051],[127.06409759172449,37.225629466078836],[127.06458527595194,37.22697447086867],[127.06464915916953,37.22731774868104],[127.0646822433595,37.22798253792487],[127.06429594618521,37.228088304179366],[127.06386224732606,37.22830676982722],[127.06356710908129,37.22837122374535],[127.06331105296918,37.228359883357534],[127.06283668729579,37.228262378642356],[127.06255608947143,37.228237473557726],[127.06218813461017,37.228286489691754],[127.06203217688493,37.22833810058232],[127.06197495804223,37.22829713287767],[127.06178757238241,37.228341136124925],[127.0615882402523,37.22834818342027],[127.0613216824171,37.228278307642505],[127.06086569979394,37.22833125773812],[127.06080635073403,37.228371653348276],[127.06075256965082,37.22860495943019],[127.06068818858579,37.22869824994535],[127.06003241697043,37.22876291894454],[127.0598350980068,37.22874814971298],[127.05935339940719,37.228625672138214],[127.05906934235777,37.22851164873726],[127.05883045835606,37.22836418327241],[127.05860747565185,37.22838528552794],[127.05846130692592,37.2283559818191],[127.05823982418018,37.22814001974846],[127.05805368211509,37.228147587127374],[127.05774689834021,37.22821207640413],[127.057195463182,37.22811377119332],[127.05702124776982,37.228102410092376],[127.05676819699023,37.22814280397333],[127.05638682311162,37.22806351917244],[127.0561680894386,37.22804911354027],[127.05540244925129,37.22809146208428],[127.05509362742066,37.228145313983156],[127.0547035056037,37.22844211154673],[127.05415201772253,37.228571036368706],[127.0537371640077,37.22862979701482],[127.0534735989373,37.22862594809509],[127.05224969091293,37.22839619023456],[127.05195185364683,37.22836514230905],[127.05129783902302,37.22838044154241],[127.04807873431875,37.229657246334654],[127.04762413824596,37.229776631359066],[127.04715456571506,37.22978873920575],[127.04684148692961,37.22974714315203],[127.04584576226918,37.22929400050921],[127.0457897447925,37.22929405191482],[127.0450776836054,37.22900190996055],[127.04498731441082,37.229045040519324],[127.04490900480259,37.229033526920674],[127.04431221001573,37.22876681910967],[127.04481939645113,37.23216149303313],[127.04486938324746,37.232356306584066],[127.04505313828331,37.23271878205217],[127.04503884165409,37.23278360790033],[127.04537784044578,37.23249808360914],[127.04674896242344,37.23267817236968],[127.0467346916895,37.232881176649734],[127.04691471150285,37.23292963946053],[127.04766060509002,37.23327456600299],[127.04770511672315,37.23321766589936],[127.04803160631138,37.23326541105556],[127.04953438663102,37.23405377917228],[127.05073712758242,37.234239692045904],[127.0507582349429,37.234206453302974],[127.05079346598352,37.23424726462006],[127.0512724625626,37.234324499563876],[127.05152795643966,37.23432552759771],[127.0534343607247,37.23354474040415],[127.05358585062713,37.23339853389155],[127.0537751068399,37.23233043011027],[127.05365582087545,37.2322071579236],[127.05250912655211,37.23154145487856],[127.05245408696882,37.23138577023195],[127.05257784975508,37.231351080905725],[127.05269664891209,37.23127641420075],[127.05288232136223,37.231425284428425],[127.05300381599871,37.23143620667119],[127.05371644860828,37.231788147214345],[127.05457076721359,37.23206624322549],[127.05560829333693,37.23268496182803],[127.05578227613296,37.23270459401131],[127.0559601511345,37.232763641294184],[127.05606691702921,37.23286355112886],[127.05631773134,37.23297775063353],[127.05706835292564,37.233457492441474],[127.05761317042993,37.23374415345539],[127.0583162237375,37.234184210304946],[127.05892695347369,37.234769306224905],[127.05943578664608,37.235175090519064],[127.0598473922938,37.23576196991735],[127.0600210754395,37.23630307565863],[127.05997480128532,37.236576789195475],[127.06003882773965,37.23672880109266],[127.06020094004806,37.236862468288976],[127.06051251737478,37.23697748481604],[127.0610027962166,37.23726472736784],[127.06124813394467,37.23733414347466],[127.06153702900534,37.237480984060596],[127.0618732121967,37.23773760882101],[127.06225073267474,37.23816005741658],[127.06247433644798,37.23834578399858],[127.06310873924679,37.23873262074099],[127.06331811808387,37.23895270746503],[127.06358867102567,37.23904801568946],[127.06413159988598,37.2391119260321],[127.06436498949577,37.23919768079003],[127.06449202155035,37.23927730106895],[127.0645588052144,37.239326822198535],[127.06514673318681,37.24012674776259],[127.06594309810095,37.24020374284865],[127.06625105425893,37.240170633239764],[127.06646862819849,37.24008773585868]]]}},{"type":"Feature","properties":{"HAKGUDO_ID":"Z000200286","HAKGUDO_NM":"기산중학군","HAKGUDO_GB":"0","zone_type":"중학교 학교군·중학구","city":"화성시","base_date":"2026-03-20","schools":[{"school_id":"B000009432","school_name":"기산중학교","school_level":"중학교","road_address":"경기도 화성시 동탄지성로 286","jibun_address":"경기도 화성시 기산동 469","lat":37.2192049965,"lng":127.0524467,"city":"화성시"},{"school_id":"B000024716","school_name":"화성반월중학교","school_level":"중학교","road_address":"경기도 화성시 효행로 1281-76","jibun_address":"경기도 화성시 반월동 946","lat":37.2238856678,"lng":127.0542860739,"city":"화성시"}],"school_ids":["B000009432","B000024716"],"school_names":["기산중학교","화성반월중학교"]},"geometry":{"type":"Polygon","coordinates":[[[127.04807873431875,37.229657246334654],[127.05129783902302,37.22838044154241],[127.05195185364683,37.22836514230905],[127.05224969091293,37.22839619023456],[127.0534735989373,37.22862594809509],[127.0537371640077,37.22862979701482],[127.05415201772253,37.228571036368706],[127.0547035056037,37.22844211154673],[127.05509362742066,37.228145313983156],[127.05540244925129,37.22809146208428],[127.0561680894386,37.22804911354027],[127.05638682311162,37.22806351917244],[127.05676819699023,37.22814280397333],[127.05702124776982,37.228102410092376],[127.057195463182,37.22811377119332],[127.05774689834021,37.22821207640413],[127.05805368211509,37.228147587127374],[127.05823982418018,37.22814001974846],[127.05846130692592,37.2283559818191],[127.05860747565185,37.22838528552794],[127.05883045835606,37.22836418327241],[127.05906934235777,37.22851164873726],[127.05935339940719,37.228625672138214],[127.0598350980068,37.22874814971298],[127.06003241697043,37.22876291894454],[127.06068818858579,37.22869824994535],[127.06075256965082,37.22860495943019],[127.06080635073403,37.228371653348276],[127.06086569979394,37.22833125773812],[127.0613216824171,37.228278307642505],[127.0615882402523,37.22834818342027],[127.06178757238241,37.228341136124925],[127.06197495804223,37.22829713287767],[127.06203217688493,37.22833810058232],[127.06218813461017,37.228286489691754],[127.06255608947143,37.228237473557726],[127.06283668729579,37.228262378642356],[127.06331105296918,37.228359883357534],[127.06356710908129,37.22837122374535],[127.06386224732606,37.22830676982722],[127.06429594618521,37.228088304179366],[127.0646822433595,37.22798253792487],[127.06464915916953,37.22731774868104],[127.06458527595194,37.22697447086867],[127.06409759172449,37.225629466078836],[127.06387119643767,37.22490227421051],[127.0634983849911,37.22425739636175],[127.06325341162407,37.22402956137308],[127.06153273519088,37.22280638118337],[127.06081600965248,37.22199079529316],[127.06041822603879,37.22162225289485],[127.06017336199173,37.221438715026785],[127.05902442905975,37.22071684500846],[127.05862671778664,37.22042331598465],[127.05809528816272,37.21990986832785],[127.05595723778,37.21830240467588],[127.05572243102691,37.218072007203055],[127.0554352574874,37.21761602188938],[127.0553746929496,37.21741642278018],[127.05534874113138,37.216678949550705],[127.05530399702572,37.21636998442651],[127.05520842849009,37.2161233595431],[127.05510747804368,37.21597353501016],[127.0548011541135,37.21574462856792],[127.05276432311418,37.21480263032898],[127.05312222112083,37.21451123130968],[127.0532764520968,37.2142788570286],[127.0535266782194,37.214122426519445],[127.05335736559057,37.2138082762432],[127.05295122025738,37.21399844753174],[127.05278299462258,37.21411362810708],[127.05250134039657,37.214160063628746],[127.05221324997025,37.21415164541378],[127.05197848348901,37.21419585144305],[127.0517885242511,37.21427754902333],[127.05169777007069,37.21425183576717],[127.05146826342917,37.214294786029875],[127.05134105997992,37.21445209602069],[127.05122506809855,37.2144343622224],[127.05111241836195,37.21451595857957],[127.0510317283074,37.21450709280218],[127.04948482373378,37.21561255212528],[127.04942031369713,37.21563168040558],[127.04611287732823,37.218016985155145],[127.04554885491712,37.21822537276482],[127.04555063653407,37.21830464187172],[127.04552047191399,37.21831386849694],[127.04550345455309,37.219339852660916],[127.04552202194942,37.22005524587766],[127.04515873678328,37.22012523784902],[127.04449593055178,37.22013698698238],[127.04429065943206,37.22021950627785],[127.04409805722528,37.220250913915315],[127.04400843669849,37.22040596187483],[127.04390576811412,37.22043983255556],[127.04379307335468,37.2205564312378],[127.04330909232024,37.220751237518414],[127.04287270726627,37.220996392316515],[127.0420357289126,37.221244513133335],[127.04192081955962,37.22125137389612],[127.04130619077054,37.221451495582066],[127.04117996659714,37.22145444000998],[127.04077906628916,37.22162286936196],[127.04013068168939,37.22181288769032],[127.03980515621636,37.221982641549154],[127.03962399232702,37.222120432965966],[127.03873301185199,37.22264975396259],[127.03871247386688,37.22269877681017],[127.03827148915478,37.22292367042881],[127.03772653930663,37.22303624293783],[127.03700717574408,37.22325888286171],[127.0365110043965,37.223357505215674],[127.03599566528247,37.22667254131619],[127.0360793231152,37.22678278609213],[127.0359450625575,37.22684994416383],[127.03577747790614,37.22688193434735],[127.03534678588304,37.226915424060905],[127.03520436901046,37.22696403926134],[127.03496632306872,37.227119671170456],[127.03486347297103,37.22712803528109],[127.03518312085335,37.22747829604458],[127.03536294941864,37.227606949941254],[127.03585310094034,37.22778591733599],[127.03605617880751,37.22779387771313],[127.03624365408582,37.227739156632744],[127.0363641854708,37.22763398814847],[127.03647652998666,37.22736926543612],[127.03665570966999,37.227284730585396],[127.03678382519065,37.22732984326705],[127.03687848500572,37.22746817961652],[127.03694232071378,37.227714243050755],[127.03705874337345,37.22776469328024],[127.03744822830879,37.227747032778225],[127.03766996724325,37.22742833037661],[127.03812232575117,37.2273174892216],[127.03824360712782,37.22746334866647],[127.03837221619112,37.22752378628998],[127.03853711055433,37.22749665897129],[127.03877276114902,37.22715766738083],[127.0389279243949,37.22702495792676],[127.03914552226877,37.22702964644195],[127.03929306980568,37.22740108964877],[127.03955820529144,37.22757770765261],[127.03994329105426,37.22764186365191],[127.04000053424188,37.227600947581216],[127.04000122390056,37.22753917152005],[127.03994198079508,37.227548291194736],[127.03995733664807,37.227186645114095],[127.04012463774265,37.227129824348076],[127.04034226552251,37.227170912982594],[127.04044170419895,37.22747480155997],[127.04065406884855,37.227705145664665],[127.040620859811,37.2277229158073],[127.04064070178349,37.22774362408561],[127.04079572072023,37.22772967032827],[127.041516798464,37.22808970094054],[127.04174957019471,37.22824808815406],[127.04217126012826,37.22844101882602],[127.04228787318841,37.22864662332037],[127.0425611989978,37.22871571955259],[127.0427633896071,37.22860150562761],[127.04311619807476,37.22852054113727],[127.04339928357507,37.22857179114276],[127.04355163477865,37.22870181133487],[127.04363823004036,37.22872024282389],[127.04392985229006,37.22868000686476],[127.04411497569326,37.22871609889186],[127.04431221001573,37.22876681910967],[127.04496141128897,37.22904986104801],[127.0450776836054,37.22900190996055],[127.0457897447925,37.22929405191482],[127.04584576226918,37.22929400050921],[127.04684148692961,37.22974714315203],[127.04715456571506,37.22978873920575],[127.04762413824596,37.229776631359066],[127.04807873431875,37.229657246334654]]]}},{"type":"Feature","properties":{"HAKGUDO_ID":"Z000210013","HAKGUDO_NM":"비봉1중학구남양중학구발안중학군봉담중학군공동학구","HAKGUDO_GB":"1","zone_type":"공동통학구역","city":"화성시","base_date":"2026-03-20","schools":[{"school_id":"B000009446","school_name":"발안중학교","school_level":"중학교","road_address":"경기도 화성시 향남읍 발안로 73","jibun_address":"경기도 화성시 향남읍 평리 63-18","lat":37.13284524,"lng":126.9187018649,"city":"화성시"},{"school_id":"B000009442","school_name":"화성동화중학교","school_level":"중학교","road_address":"경기도 화성시 봉담읍 동화역말길 12","jibun_address":"경기도 화성시 봉담읍 동화리 631","lat":37.21386594,"lng":126.9623033571,"city":"화성시"},{"school_id":"B000009428","school_name":"남양중학교","school_level":"중학교","road_address":"경기도 화성시 남양읍 시청로45번길 9-12","jibun_address":"경기도 화성시 남양읍 남양리 1663","lat":37.2079236814,"lng":126.821599386,"city":"화성시"},{"school_id":"B000009453","school_name":"비봉중학교","school_level":"중학교","road_address":"경기도 화성시 비봉면 양노로109번길 5","jibun_address":"경기도 화성시 비봉면 양노리 259-3","lat":37.2372471728,"lng":126.8726901494,"city":"화성시"},{"school_id":"B000009448","school_name":"화성중학교","school_level":"중학교","road_address":"경기도 화성시 향남읍 장짐길 4","jibun_address":"경기도 화성시 향남읍 장짐리 161","lat":37.1390292629,"lng":126.9064903761,"city":"화성시"},{"school_id":"B000009443","school_name":"봉담중학교","school_level":"중학교","road_address":"경기도 화성시 봉담읍 샘마을길 53","jibun_address":"경기도 화성시 봉담읍 상리 11-40","lat":37.2165510515,"lng":126.9533521312,"city":"화성시"}],"school_ids":["B000009446","B000009442","B000009428","B000009453","B000009448","B000009443"],"school_names":["발안중학교","화성동화중학교","남양중학교","비봉중학교","화성중학교","봉담중학교"]},"geometry":{"type":"Polygon","coordinates":[[[126.86704290209887,37.19970094751672],[126.86708979230458,37.199334498397675],[126.86722850186858,37.199121785950055],[126.86731045903457,37.19886255156783],[126.86762546258221,37.19867791089028],[126.86779850571551,37.198457642045696],[126.86835549704178,37.198277221214],[126.870041004951,37.19786774491521],[126.87046099351163,37.197730518791865],[126.87057598322805,37.19769179472624],[126.87148409794115,37.19713953757492],[126.87209415661125,37.1970189252322],[126.87263497564294,37.196871760622436],[126.87329052525514,37.19661013314413],[126.87348960409423,37.19585126372694],[126.87410957779011,37.19524230928827],[126.87453509398742,37.194531219640915],[126.87469062156732,37.19434835801693],[126.87486876433896,37.1942108556128],[126.87510411448466,37.19355221758021],[126.8755377660679,37.193264596688614],[126.87582523047745,37.193122248220966],[126.8764095798232,37.1929273669055],[126.87555168084522,37.19257671724118],[126.87620652731786,37.191717201749505],[126.87921314676393,37.19117154332272],[126.87916502812493,37.19078404427105],[126.8790663087418,37.19045055490505],[126.87893173076343,37.19020770175369],[126.87790703845604,37.189113839696105],[126.87727682124046,37.188501306866875],[126.8793357452555,37.18814894911171],[126.87953056657375,37.18813647224737],[126.88030419701356,37.188209638839915],[126.88062419520493,37.188156461653044],[126.88068746581558,37.188100489786365],[126.88059934700468,37.18804643603806],[126.88053408896474,37.18810573975113],[126.88055926983486,37.18749890126245],[126.8805036158177,37.18705265614562],[126.88075936119857,37.18666617897889],[126.88099828987036,37.18608800413146],[126.88112033731522,37.185617935275744],[126.8811581538715,37.18485233620654],[126.88170322739036,37.18412065293244],[126.88234968048573,37.18373829733808],[126.88215720381382,37.183383595408124],[126.88208080694585,37.18340497259509],[126.88180030736667,37.182882856703735],[126.88207541616698,37.18256531734954],[126.8810734551873,37.182241305141474],[126.87979938864716,37.18216050418586],[126.87954614855474,37.18210909146938],[126.8791408637083,37.18208921059193],[126.87901658319757,37.18179680071849],[126.87892300856359,37.18166745792618],[126.87843842765197,37.18134032601602],[126.87807926162593,37.18103697569922],[126.87793562145478,37.18097037325733],[126.8778316627803,37.1808435598626],[126.87763242301835,37.180772953094674],[126.87731430765298,37.180766150065416],[126.87664242744441,37.18092228008361],[126.8759518527277,37.17993405672664],[126.87513714598805,37.17890515009582],[126.87459858912787,37.1784720715475],[126.87417654177575,37.17822749870149],[126.87387699849535,37.178171987044706],[126.87344122952793,37.17792598140745],[126.8729250604045,37.17747573689049],[126.8727884485343,37.17731481420148],[126.87259012282273,37.177231251747756],[126.87166976308924,37.177013427829465],[126.8715719941905,37.17694400285535],[126.87156689051437,37.17646592824653],[126.87163150870545,37.17644291504232],[126.87157101517896,37.176318954441314],[126.87147363520656,37.176266469633],[126.87142203460698,37.176190950301496],[126.87141984792906,37.17592908513692],[126.87134572163842,37.175653336811294],[126.8712328817618,37.17548229311343],[126.87117705702398,37.175205159804],[126.87121421821936,37.17518408036766],[126.87074662894955,37.17504362297713],[126.87032304677115,37.17479311468285],[126.87015603210236,37.174814608475536],[126.86951352487351,37.17469732598481],[126.8692661397794,37.1747097194421],[126.86910754041375,37.17474783649813],[126.86885102042449,37.17494803312548],[126.8685427133441,37.175386389982286],[126.86835367684486,37.175827970088946],[126.8682035733628,37.17594493767279],[126.86751879578046,37.1758495551687],[126.8668300170879,37.17562379146715],[126.86675080317195,37.1756476335361],[126.86636173177371,37.1752895918805],[126.86606988792896,37.17516311197392],[126.86533620330167,37.175169028455855],[126.86507476346245,37.17506848688004],[126.86460409707985,37.17527349058656],[126.86421911923586,37.176064003323454],[126.86388922571257,37.17615597756498],[126.86360587821453,37.176392452574916],[126.86355984480855,37.17645462552443],[126.86360688999721,37.17661011164088],[126.86359339908046,37.17667880063869],[126.86328521246844,37.17692517498414],[126.86314172453302,37.17688495656015],[126.86164243118624,37.17681787002739],[126.86125391971218,37.17692834820454],[126.86085192769684,37.17680820323988],[126.86062570285513,37.17697828626894],[126.8598720880559,37.17812679174454],[126.85971207552323,37.178546992988785],[126.86006351494676,37.17945211853316],[126.8605599570949,37.18016453667098],[126.86082373402276,37.180341122732194],[126.86088538174674,37.18069063024517],[126.86111645126367,37.18152267876105],[126.86002806512606,37.181867882130376],[126.85886410023178,37.18212551025786],[126.85805732779072,37.182626726377485],[126.858097095707,37.18316714047337],[126.85802557034579,37.18333556805826],[126.85803711562453,37.183424064465335],[126.85766862835251,37.18355454008969],[126.85761672984523,37.183628624541434],[126.85770542051574,37.184088545065485],[126.857449082652,37.18434475247843],[126.8569409789678,37.184599580652375],[126.85663541068091,37.18482046770408],[126.8567046451601,37.185146334541805],[126.85707104193939,37.185585763105244],[126.85756787942238,37.185633392787835],[126.85732177184853,37.18630447240491],[126.85738130982193,37.187160186904755],[126.85759629627641,37.18750738698052],[126.85777619055806,37.187891153411925],[126.85819102074579,37.18814168744776],[126.85860570448143,37.188148459788906],[126.85885073490803,37.18833466711582],[126.85990897662391,37.188480329453775],[126.86021062372599,37.1888370620827],[126.86024052420659,37.18924286579528],[126.86049390454103,37.18944301973357],[126.86076719808942,37.189570301356326],[126.86103823251544,37.189841216519525],[126.86058021444735,37.19038524676236],[126.86054885564803,37.19125387052378],[126.85990325668587,37.19197224336682],[126.8597205605334,37.192365105890836],[126.85970470406086,37.19246645460415],[126.8597967480884,37.192747862188696],[126.8596860263222,37.1931374317133],[126.86010326329252,37.19361943030776],[126.86057360265508,37.19403390378682],[126.86043060391722,37.19474950594094],[126.86056303341154,37.19513321988191],[126.86108047473088,37.19520767526974],[126.86135631701195,37.195308125991644],[126.86178054548783,37.1953580858354],[126.86281773753828,37.19573819360311],[126.86312127140235,37.19596115135009],[126.86304373976726,37.196020232019805],[126.86300413974713,37.19614239499346],[126.86283700626065,37.19622048228791],[126.86281218887467,37.19631478376446],[126.86270921531383,37.19642138234857],[126.86264108640601,37.19644399997092],[126.86267476122954,37.19649483129777],[126.86278963477058,37.196410051079894],[126.86249377144952,37.197107572609106],[126.86228496858381,37.19797891638489],[126.86210739759501,37.19889127673538],[126.86211789103272,37.19930992281778],[126.8622441973217,37.19941821483586],[126.8624789321805,37.19954323090018],[126.86233695436303,37.19979873569881],[126.86232469674516,37.20005185197669],[126.86261769040931,37.20020977155276],[126.86330539119585,37.199876353642225],[126.86409772005767,37.19969454464191],[126.86539396050176,37.19987484899472],[126.86575570417811,37.20022752004644],[126.86704290209887,37.19970094751672]]]}},{"type":"Feature","properties":{"HAKGUDO_ID":"Z000210439","HAKGUDO_NM":"비봉1중학구비봉2중학구공동학구","HAKGUDO_GB":"1","zone_type":"공동통학구역","city":"화성시","base_date":"2026-03-20","schools":[{"school_id":"B000009453","school_name":"비봉중학교","school_level":"중학교","road_address":"경기도 화성시 비봉면 양노로109번길 5","jibun_address":"경기도 화성시 비봉면 양노리 259-3","lat":37.2372471728,"lng":126.8726901494,"city":"화성시"},{"school_id":"B000027255","school_name":"청연중학교","school_level":"중학교","road_address":"경기도 화성시 비봉면 새비봉남로 14","jibun_address":"경기도 화성시 비봉면 삼화리 1909","lat":37.24217066,"lng":126.87423,"city":"화성시"}],"school_ids":["B000009453","B000027255"],"school_names":["비봉중학교","청연중학교"]},"geometry":{"type":"Polygon","coordinates":[[[126.8587365555979,37.26972353805598],[126.8590952489507,37.26867567139971],[126.85922556311648,37.268605720050104],[126.86008295892702,37.268307153015044],[126.86074804565091,37.26608183436335],[126.86105089983492,37.26596308516459],[126.86141097748909,37.265759086200966],[126.86187727747141,37.26555493979261],[126.86257465207422,37.265373858130694],[126.86347544244936,37.26597832580718],[126.8636909077481,37.266058822604585],[126.86401381594949,37.26604399878059],[126.86416875230961,37.26599405352103],[126.86448511650684,37.26570130375147],[126.86453439888757,37.26562955797655],[126.86458045779997,37.265383521882434],[126.86526315471531,37.26522915949948],[126.86537049592994,37.26518901587539],[126.8654546499787,37.26511675071327],[126.86550045186787,37.264923359989986],[126.86541122193681,37.264779371291205],[126.86528148464454,37.26463618341518],[126.86519895371481,37.26458990930174],[126.86501952030905,37.264161432661425],[126.86504520990574,37.26408093767212],[126.86531321457733,37.26344910635699],[126.86544723672336,37.26336507803305],[126.86588736496732,37.262910839712816],[126.86620600935044,37.26271240880512],[126.86654565621996,37.26239405583171],[126.86657240377302,37.262313280552554],[126.86649785444361,37.2621363670654],[126.86625689738587,37.26173569195724],[126.86627679975913,37.261442030649754],[126.8663285201278,37.26128440852082],[126.86655065171666,37.26087638437351],[126.86737169738845,37.25965697518339],[126.86744294716095,37.25960271311972],[126.8675689850116,37.25954738960751],[126.86831289182548,37.2595079607693],[126.86968213958102,37.259232704415396],[126.87085497884748,37.258653125354826],[126.87092626781005,37.25867826107966],[126.87105281781967,37.25883326111942],[126.87122827541285,37.25932536531205],[126.87125416115494,37.259539389196135],[126.87140283706296,37.25973046539922],[126.87155803840632,37.25982467564104],[126.87218056104265,37.2598960342868],[126.87332444641042,37.260185330445104],[126.87402170362105,37.26023028852838],[126.87419019135893,37.260167117209214],[126.87429320461271,37.2600799354611],[126.87431611656315,37.259969583918256],[126.8746015796297,37.260002273661215],[126.87485435035943,37.259679856257925],[126.87587741586982,37.25879905783783],[126.87603875438798,37.25869448428793],[126.87760352736083,37.25795137176084],[126.87852638571232,37.25767695994594],[126.87848737169297,37.257600826866145],[126.87887735930282,37.257604953169135],[126.87907869752618,37.25750183099955],[126.87932359674812,37.25744266970921],[126.87935333030781,37.25745902690264],[126.87948094713705,37.25740256418385],[126.87955819394428,37.25744628929187],[126.8800446058709,37.25749352557123],[126.8803596250859,37.25743247068546],[126.8805834510703,37.25723559716242],[126.88070635876839,37.25725374371458],[126.88085904522269,37.257160976524084],[126.8812378750269,37.25705044415997],[126.88156752762373,37.25699950862794],[126.88223345514989,37.256994712531004],[126.88261644389407,37.2571268469132],[126.87995039951481,37.257804006863864],[126.87970954326043,37.257856695057974],[126.87948799653036,37.25783309492355],[126.8792912161872,37.25785879584237],[126.87847651159525,37.258129958370695],[126.87829195147286,37.258223248356714],[126.87818923280032,37.258134723423176],[126.87787452797545,37.25820901817273],[126.87748376104838,37.25845380434806],[126.88083483782715,37.26200516922531],[126.88259794527694,37.263723418943464],[126.88614944025518,37.26637790744941],[126.89008339628077,37.268765634131356],[126.89292204038371,37.26958833513661],[126.8935041319641,37.26930277879158],[126.89581635956569,37.269018754746284],[126.8978603751702,37.268531814788915],[126.89891979572317,37.26818704232754],[126.89978501395458,37.26806857734112],[126.90078457236788,37.26786677866518],[126.90150094698815,37.26750977519758],[126.9022173919158,37.26709316714698],[126.90253109053866,37.26671198437272],[126.90404004673803,37.26467488800245],[126.90434650212703,37.26433370604102],[126.90390848909875,37.264143002667375],[126.90340837928323,37.26347891351016],[126.9033044713387,37.26346843967928],[126.9028608786451,37.26209288281747],[126.9020269668881,37.25916818358154],[126.90178466632699,37.25843683361434],[126.90148599410126,37.257705201902986],[126.90098513270108,37.25687339188993],[126.90024798964195,37.25597727882009],[126.89673414942796,37.252597219306175],[126.89415476350358,37.249587068498165],[126.89424323616919,37.24952828595114],[126.89452280974771,37.249471944349246],[126.89467329682964,37.249405350589754],[126.89491693733319,37.24922986708047],[126.89496205914816,37.248706739310485],[126.89498463912363,37.24868142197794],[126.89504538319788,37.2486856927204],[126.8952257554237,37.248324231009256],[126.89548967999228,37.248233152426],[126.89573086161764,37.24793048804917],[126.89638308453493,37.2469917507242],[126.89671706619126,37.24618533922131],[126.8972065159418,37.24576961769728],[126.8973283206054,37.2457293565736],[126.89815318980968,37.24428488332957],[126.89834007115803,37.24402089361428],[126.89884046788309,37.243494483001655],[126.89929522501275,37.242853526619214],[126.89938898329434,37.242802926136704],[126.90030514986795,37.24293027258291],[126.90149192405227,37.24347601413295],[126.90227803898179,37.24320637540264],[126.90308904063374,37.24315469297271],[126.90323189307085,37.24310237798461],[126.90375511218912,37.24309583930977],[126.9040898219632,37.24300714168673],[126.90510362168361,37.24232347774153],[126.90488027890734,37.24141099748363],[126.90581159635065,37.24158183581111],[126.9063225011883,37.2412646388232],[126.90682981621768,37.240859028017304],[126.907569906777,37.240741365600734],[126.90851235411036,37.24031778794209],[126.90951596665798,37.2402656478452],[126.91027666487204,37.24014207518253],[126.91025616081455,37.23948373773642],[126.9110357186983,37.239328915391965],[126.91157002283312,37.238857692050104],[126.91246895599645,37.23855766290981],[126.91225527965274,37.23759226843454],[126.91253797231025,37.23679000600525],[126.91225744042752,37.235494557283396],[126.91207505355561,37.235172018651134],[126.91272364822221,37.23480224406774],[126.91274503770315,37.2345837596908],[126.91263452790972,37.234228893900294],[126.91325273536033,37.233341277810645],[126.91354902488462,37.233086400967714],[126.91377652034123,37.2330747414796],[126.91221347612819,37.23177043456625],[126.91107502894536,37.23073140442588],[126.91078807297932,37.230412441447974],[126.91017986271964,37.22916825202382],[126.91021845526602,37.228856019771214],[126.91008439466003,37.228196475801724],[126.90987991503209,37.22811071548192],[126.90933999648696,37.22805538277829],[126.90875906926416,37.22770351918014],[126.90815157925682,37.22720689776556],[126.90836911477521,37.226703617682986],[126.90847451347561,37.226179696755686],[126.90884921538706,37.22529585248999],[126.90936615223448,37.224556571828174],[126.90954568065956,37.223165737862686],[126.9095803881186,37.22243029462161],[126.90975341012681,37.2223186479459],[126.90978825566377,37.22189096310101],[126.908362213331,37.22150774099159],[126.90747890140265,37.22086786678672],[126.90703342447374,37.22023874651859],[126.90654115083913,37.22027355046326],[126.90639214961004,37.22005013315029],[126.90620478670375,37.21926945877909],[126.90554830738027,37.2185937128226],[126.90538306098269,37.21813770610863],[126.90511564715084,37.21787675388452],[126.90408208372834,37.21763007563817],[126.90364308314112,37.2170626234488],[126.90292078510113,37.21666837165541],[126.90313412238588,37.21652475330011],[126.90329381290417,37.21641690837167],[126.90292235255056,37.21666727726442],[126.90234488895796,37.21698723273023],[126.90209720569104,37.21697942071122],[126.90113212410544,37.21660945931733],[126.9007793427226,37.21621607987252],[126.90026013213465,37.21587916143438],[126.89934544832536,37.215356897377774],[126.89848442496644,37.21577119033815],[126.89763141851013,37.215468316404554],[126.89722470227949,37.21538939722399],[126.89673814638144,37.215642386025536],[126.89577298666264,37.21523042799178],[126.89526491477754,37.215133111641826],[126.89500371331609,37.214985331783595],[126.89447333147484,37.21410239980352],[126.89438977720827,37.213811449473745],[126.89420612382094,37.213481565469145],[126.89397319375365,37.213136138112574],[126.89373783070856,37.21302244632595],[126.89254134101196,37.21290928898359],[126.89260487068437,37.21267338244576],[126.89294100474187,37.212488139889295],[126.8934057829747,37.21194596587179],[126.89354731273832,37.21070575576916],[126.8933929275679,37.210099375219954],[126.89329668676723,37.20994920968204],[126.8928598317255,37.20955910852882],[126.89261970859005,37.20920748157336],[126.89240417545584,37.208655115263916],[126.89207504088994,37.208396320768415],[126.89175981251496,37.20826031426166],[126.89127324740231,37.2079343606573],[126.89093320486667,37.207797760601615],[126.89028591673576,37.20772507163204],[126.88994282110397,37.20762929249275],[126.88913882925289,37.207471696965555],[126.88751787344786,37.2070162476485],[126.88704514786158,37.20709913868621],[126.88657119995453,37.20705869089071],[126.88596213277587,37.2068607157181],[126.88559204717905,37.20681445575719],[126.88350948185158,37.20588038763158],[126.88313852375649,37.20560407282886],[126.88311821215741,37.20497725945384],[126.88164412344047,37.20463620066721],[126.88144794598459,37.20448197799326],[126.88081535749204,37.203824699784704],[126.88030004001106,37.20302844415746],[126.88045179105565,37.202903290942196],[126.8808246425025,37.201530146722966],[126.88083691639316,37.201335029227074],[126.87997826102915,37.19987304554485],[126.88015012545549,37.19909990922971],[126.88009834470796,37.19884742904317],[126.87999740726103,37.19864509482365],[126.87993839881693,37.198608452341496],[126.87979995523213,37.19813159436527],[126.87982715792998,37.19795563935808],[126.87991832219409,37.19785250010482],[126.88014034004867,37.19777505788004],[126.88022827530375,37.19783103094363],[126.88156767422308,37.196703886664324],[126.87866950963692,37.194388074998884],[126.8787205902035,37.19428126250339],[126.87881883493571,37.193769385118884],[126.87897707931535,37.19320638913527],[126.8767012309127,37.19361426279998],[126.87675819218329,37.19353709106815],[126.87679666428647,37.19336677992387],[126.87679331875887,37.19314798470431],[126.87640954821785,37.192927409221994],[126.87582519999799,37.193122290538476],[126.87553773446336,37.19326463810382],[126.87510411448466,37.19355221758021],[126.87486876433896,37.1942108556128],[126.87469062156732,37.19434835801693],[126.87453509398742,37.194531219640915],[126.87410957779011,37.19524230928827],[126.87348960409423,37.19585126372694],[126.87329052525514,37.19661013314413],[126.87263497564294,37.196871760622436],[126.87209415661125,37.1970189252322],[126.87148409794115,37.19713953757492],[126.87057598322805,37.19769179472624],[126.87046099351163,37.197730518791865],[126.870041004951,37.19786774491521],[126.86835549704178,37.198277221214],[126.86779850571551,37.198457642045696],[126.86762546258221,37.19867791089028],[126.86731045903457,37.19886255156783],[126.86722850186858,37.199121785950055],[126.86708979230458,37.199334498397675],[126.86704285185309,37.19970133761553],[126.86575570417811,37.20022752004644],[126.86539396050176,37.19987484899472],[126.86409772005767,37.19969454464191],[126.86330539119585,37.199876353642225],[126.86261663057114,37.20021033167861],[126.86277750244889,37.20067793661738],[126.86308185770768,37.20122032325907],[126.86344368723054,37.201621712202765],[126.86356761531353,37.20189921469872],[126.8636616757737,37.20223805325975],[126.86466395069381,37.202949727967],[126.86504913317418,37.20301411675924],[126.86474569314244,37.20334330659108],[126.86515481045481,37.20408768043791],[126.86590065058759,37.20451509704556],[126.8658228022618,37.20508022527911],[126.86567623621458,37.205709343794325],[126.86541047364128,37.2062961773624],[126.86585971932507,37.20665738996426],[126.86611719040427,37.20706821953967],[126.86614737767289,37.208086714197776],[126.8663860236413,37.20840065894893],[126.86648681995663,37.208824539997366],[126.86689967293509,37.209459408594775],[126.86543807849498,37.21002104045772],[126.86553052516409,37.21026259882855],[126.86542216051238,37.21094071745596],[126.86557222021369,37.211646333945694],[126.86490563064122,37.21173503178234],[126.86421302643129,37.211989892812234],[126.86347482877446,37.21158215379412],[126.8629642499372,37.21171467806161],[126.86248404983773,37.211937199773025],[126.86192463961169,37.21226447332592],[126.86109049048243,37.21387921807931],[126.86025991269912,37.213711757901294],[126.85914870142288,37.214124726112814],[126.85759784016928,37.213827448473744],[126.85629403077438,37.21456379515091],[126.85591079424412,37.215317707531476],[126.85544820573261,37.215392204880075],[126.8545029928941,37.21572503034499],[126.85432515533365,37.21572620298468],[126.8545340717189,37.21629335993467],[126.85464762691694,37.21697899369198],[126.85474332806136,37.217308884042964],[126.8546182459229,37.21743109116823],[126.85454924933622,37.21781473056322],[126.85454228714521,37.21822750850376],[126.85410871097189,37.21812804735701],[126.85367946817766,37.218222740670775],[126.85328825207567,37.218632663531345],[126.8529359578806,37.220187526789196],[126.852048554107,37.22004915237431],[126.85108654156734,37.219663010048265],[126.85065685309657,37.21973398343428],[126.8498025693809,37.21963691095912],[126.84891624543044,37.22011793272741],[126.8488308196563,37.22057594715957],[126.84905160544422,37.22073982480644],[126.84973451391569,37.22094026445795],[126.85005236632689,37.221122806903054],[126.85008672898604,37.22121958689996],[126.85015076489921,37.2216228670145],[126.85011845139735,37.22214737468655],[126.85021336155681,37.22222327466671],[126.85013481648444,37.2224603815205],[126.85014774038437,37.223046882565775],[126.85022151704858,37.22313144909582],[126.8503421567032,37.22354495535094],[126.8506465891841,37.223876755709895],[126.85047209535499,37.22441180096235],[126.85035762008395,37.22522173756798],[126.85018743474849,37.22545015414923],[126.85000683292478,37.22587059746759],[126.849922173347,37.226297910933354],[126.85015557100944,37.2267569006744],[126.85022899316495,37.227019133345635],[126.85058982469394,37.227417179663746],[126.85073878453078,37.22828856266244],[126.85039871426667,37.228159159554814],[126.85004436201159,37.228211638914715],[126.84961089878566,37.228207699558475],[126.84942387849908,37.2278819587708],[126.84915909067334,37.22761553188093],[126.8486477374116,37.22722884759439],[126.84703223022473,37.22771693978522],[126.84700413004865,37.22802240701504],[126.84664133208678,37.22824718687195],[126.84659183872415,37.22842901347473],[126.84629215990508,37.228605165202744],[126.8459442868951,37.228933303306626],[126.84517622757141,37.229213287728406],[126.84506351406513,37.22922778053428],[126.84477267561506,37.22905253719151],[126.84436382675977,37.228979628559685],[126.84327255027098,37.22893817759609],[126.84212583630932,37.22923650664804],[126.84114615245679,37.22959051354409],[126.84072331969756,37.229802803458306],[126.84056985959371,37.22984849267773],[126.84038998081145,37.23006984654359],[126.84007623164699,37.23022990686415],[126.84007342078988,37.23079783437261],[126.83977945946233,37.23117445643157],[126.83953791608369,37.23181329913201],[126.8391797077182,37.232257402009076],[126.83850730749529,37.232168618820346],[126.83720920922936,37.232129642828895],[126.83714282663139,37.23221148908606],[126.83686273658441,37.23234794725724],[126.83559130115117,37.23219551432321],[126.83535147553901,37.23148561097113],[126.83520275939475,37.230581835004585],[126.83432058563888,37.230613245487945],[126.83387059306224,37.23051742859701],[126.83315427272366,37.230546813913996],[126.83234818897161,37.230485404591505],[126.8317723535636,37.23052905828169],[126.83119954224857,37.230425997926716],[126.83087018753568,37.23031775570555],[126.83035316298205,37.230430894059296],[126.83009348024794,37.23035798216914],[126.82976273442567,37.23021774953356],[126.82930366335044,37.22992684554736],[126.8289321487196,37.230161974551855],[126.82821201363063,37.23039433739052],[126.82808607781641,37.23087310393885],[126.82807738023575,37.23158997978787],[126.8280193037086,37.2321107991564],[126.82775225435623,37.23216671921867],[126.82741041778002,37.23273189995711],[126.82720054950954,37.23325559350456],[126.82714118723571,37.233570299814666],[126.82711101887853,37.23412946093369],[126.8268021882798,37.23526369992026],[126.82520260664718,37.23513942929866],[126.82524794729247,37.23577612983448],[126.8246683336248,37.23613286016907],[126.82431017166687,37.23628718120095],[126.82373351873031,37.23672687054288],[126.82410662648526,37.237341199221625],[126.82454338325455,37.238178844069544],[126.82480089768555,37.23838275696148],[126.8251049364526,37.23870122297068],[126.82545221465654,37.23897319854142],[126.82556116283399,37.23968313189125],[126.82584807357928,37.24019722895125],[126.82596564181868,37.240885702572285],[126.82624980138675,37.24116195120385],[126.8261472532677,37.24174725255331],[126.8261551185146,37.2421629915761],[126.82649550496116,37.242290588504964],[126.82727214680787,37.243066421953756],[126.82734596681019,37.24328048076],[126.82715958461962,37.243385139070696],[126.82703774643281,37.243561551420925],[126.82696323517764,37.2441933700444],[126.82685068636417,37.24445172588318],[126.82664534131172,37.244715712472676],[126.82654269021707,37.24528611760222],[126.82647075889314,37.24543215793061],[126.82661348442491,37.24610267513516],[126.8266756981714,37.24618014785406],[126.82669093081647,37.24664229025527],[126.82679463475061,37.246913286711155],[126.82670308693527,37.2471781334852],[126.82663333649708,37.24759168428052],[126.82646299873781,37.24774191084414],[126.82635048207834,37.2485431393669],[126.82677331414777,37.249410811081134],[126.82703124161777,37.25007660495637],[126.82710769709108,37.2502310833316],[126.82728709756469,37.25039367887757],[126.82731982766796,37.25051625045853],[126.82692175231007,37.251428925053425],[126.82729945738336,37.25190707615957],[126.82758951864736,37.25187321237838],[126.82851823601939,37.2525659528376],[126.82980433981037,37.25276122808645],[126.83034624034468,37.253220715829755],[126.83064806115316,37.25369280771643],[126.83135093235741,37.25361217645112],[126.83230549845244,37.25330809674698],[126.83230363587842,37.25365411794661],[126.83290290542712,37.25433122831795],[126.83413873567976,37.25460079180936],[126.83395146194654,37.255459628320075],[126.83373608047943,37.25612210042907],[126.83339013448125,37.256736692646555],[126.83366003020132,37.257526794157656],[126.83444604844078,37.257895535406234],[126.8346576057547,37.25840869334913],[126.83504300224979,37.25903426570713],[126.83556568732477,37.259750818274625],[126.83613956797035,37.260233507262704],[126.83623447966075,37.26070223073153],[126.83650273998659,37.26097887166518],[126.83642379829121,37.26114699250603],[126.8366230041747,37.2614693088339],[126.83715476374908,37.26183953873207],[126.8372842021119,37.26213346343014],[126.83747857085618,37.262860973544804],[126.83820624002179,37.263480345830274],[126.83862915746391,37.264025946646576],[126.83890979639197,37.2641459384373],[126.83933606159772,37.264398733497586],[126.83932184402279,37.26451937983149],[126.84138133827933,37.266240343086025],[126.84356263318766,37.26730340107903],[126.84518709029683,37.265827214853736],[126.84589669124715,37.26418308277595],[126.84504140976013,37.26344034637158],[126.84481758201514,37.26339560123407],[126.8442218859808,37.26278745936964],[126.84409223000593,37.26296721406732],[126.84388621007986,37.2631029421814],[126.84387592819532,37.263048577805556],[126.84401556883665,37.262984566264905],[126.84431764839105,37.26256204924091],[126.84477369108663,37.261541663396066],[126.84480155615852,37.26127026472463],[126.84469331691419,37.26105669304232],[126.84456751602075,37.260906162112846],[126.8448006295152,37.260357127960276],[126.84488165885314,37.259846456934575],[126.84539887646619,37.2598910646257],[126.84567802206328,37.259822448628256],[126.84603405093576,37.25954331702116],[126.84642058869716,37.25932728783625],[126.84692687781659,37.25894304534193],[126.84733022046788,37.258692119502854],[126.848026657897,37.2581698649755],[126.84815884869408,37.2580382607542],[126.84856926052976,37.25724728558626],[126.84906948127666,37.25689202155495],[126.8491849542792,37.256753078379525],[126.84924482642678,37.256582517009186],[126.84936316665318,37.25641850849848],[126.84980478243743,37.256166399172514],[126.84977939205017,37.256325570362755],[126.84963097611407,37.256400912760306],[126.84969384788263,37.256735205459805],[126.84960506938796,37.25702598165807],[126.84965934736672,37.257507737024085],[126.84996673173428,37.257842638880696],[126.85008472759954,37.25802552872282],[126.85001905576244,37.2581037281038],[126.8499373972911,37.25832831393207],[126.84995762522317,37.25843280639962],[126.85012735931527,37.2587250130965],[126.85022688283435,37.2590765436571],[126.85055256193756,37.258986295931976],[126.85057114958423,37.25902686628707],[126.85033092351141,37.25910202153403],[126.85033586723047,37.25927322577796],[126.85046141207451,37.25947104600157],[126.85063909913616,37.259666688280205],[126.85061266619397,37.25976154186311],[126.85067204753317,37.26027774081075],[126.85075902442445,37.260382317275194],[126.85081589814288,37.260393093328275],[126.85074356830091,37.2604512797572],[126.84972526168026,37.260382968575854],[126.84923218361833,37.26111611234238],[126.84880921432921,37.26149231654983],[126.84880481072469,37.261580441815354],[126.84886154976992,37.261741294334286],[126.8495749131493,37.26245430863059],[126.85065140911065,37.263651807630325],[126.85108371870959,37.26398180353842],[126.85142352227916,37.26432941249157],[126.8498803427691,37.26561845604688],[126.84979857285931,37.26572112328003],[126.84977857523421,37.26585512596427],[126.8498438146945,37.26600162789448],[126.85171565005142,37.26740483909421],[126.85241304072899,37.267676876955264],[126.8530322647963,37.26775226966471],[126.85382274826584,37.267900244112816],[126.85408783681638,37.26800334563612],[126.85503958882515,37.26892639299606],[126.85555781139297,37.269491025553286],[126.85570114377401,37.2695247118425],[126.85723964382721,37.26920165641307],[126.85733635702242,37.269205442033496],[126.85828017874708,37.26978465442685],[126.8585006586503,37.26982715172546],[126.8587365555979,37.26972353805598]]]}},{"type":"Feature","properties":{"HAKGUDO_ID":"Z000210014","HAKGUDO_NM":"비봉1중학구비봉2중학구반월중학구공동학구","HAKGUDO_GB":"1","zone_type":"공동통학구역","city":"화성시","base_date":"2026-03-20","schools":[{"school_id":"B000009304"},{"school_id":"B000009453","school_name":"비봉중학교","school_level":"중학교","road_address":"경기도 화성시 비봉면 양노로109번길 5","jibun_address":"경기도 화성시 비봉면 양노리 259-3","lat":37.2372471728,"lng":126.8726901494,"city":"화성시"}],"school_ids":["B000009304","B000009453"],"school_names":["비봉중학교"]},"geometry":{"type":"Polygon","coordinates":[[[126.90171702871292,37.29142837689654],[126.90215152076802,37.29118996910808],[126.90247352111624,37.29073972321382],[126.90304860225623,37.29079426512704],[126.90376481850505,37.29112514120011],[126.90387157184448,37.29101569960609],[126.90444058422679,37.290722485126715],[126.90475752375616,37.29049383012771],[126.90561522708312,37.290007971155696],[126.90663132457561,37.289948533638125],[126.9069026205802,37.290000560612576],[126.90800230484223,37.29002677563877],[126.9092578710174,37.289961309521395],[126.90965247978313,37.29004270839636],[126.91091545768057,37.290115764930555],[126.91158628350873,37.29026494636829],[126.91184781662584,37.290238677950704],[126.91204647842669,37.290172938242186],[126.91273667352121,37.29018472107585],[126.91314810956005,37.29035172470589],[126.91332221630863,37.290485315861275],[126.91397653378272,37.29074878812845],[126.91425276288756,37.29080755962218],[126.91455743030885,37.290654608917244],[126.91472675837248,37.29051056857537],[126.91544937050642,37.28975874011728],[126.91579399312772,37.28917331467301],[126.9164269701728,37.287889807313555],[126.91670157622359,37.287504250163956],[126.91726819827332,37.286908277280325],[126.9175449017642,37.28653004321291],[126.91761303402784,37.28610660795715],[126.91770924018105,37.28578680978925],[126.91788443408936,37.28542202162252],[126.91797477268088,37.28530945082015],[126.91833023354224,37.28508444233673],[126.91851074348901,37.28500798205464],[126.91916496807293,37.28484174747263],[126.92023696685759,37.284009314717],[126.92075957237603,37.28333587059518],[126.92093440878254,37.2830712460235],[126.92047385553357,37.2827128375564],[126.92027339386988,37.282673848104636],[126.9200988301724,37.28230373671257],[126.91979822488233,37.281994925709746],[126.91968908790258,37.28173890432106],[126.91924146513533,37.28151699459183],[126.9190846002367,37.281240664869365],[126.91920377708864,37.28084682449176],[126.91915749760187,37.28014483453553],[126.91910320561132,37.280008235902436],[126.91846916227345,37.27948603234825],[126.91756997782274,37.27895491535999],[126.91743473349563,37.27874645568809],[126.91704500522707,37.27843954860339],[126.91696443080839,37.27801487893404],[126.91709146546513,37.27784968483738],[126.91693591456333,37.27689645220702],[126.91634205026503,37.276085096210785],[126.91625393989418,37.27547852939357],[126.91616500849993,37.27528417695702],[126.91496103713851,37.27420713554509],[126.9146073656437,37.273519270003234],[126.91440837786581,37.272839970629136],[126.91447490829688,37.27273471590325],[126.91344006622326,37.27276041472448],[126.91295422665611,37.27288422368408],[126.91245011471514,37.273260025546726],[126.91223837418886,37.273546792484694],[126.91109449770055,37.273841011679785],[126.9103537350321,37.274542123786766],[126.90938239463085,37.27419419540488],[126.90891742203576,37.274232684224124],[126.9087950864863,37.27357342856043],[126.9087878779345,37.27313361075235],[126.90907295917636,37.272667548801586],[126.90897943883675,37.272073631718534],[126.90871490557238,37.27158236267434],[126.90836203576691,37.27115888744275],[126.90817453339297,37.27078987407577],[126.90820433871906,37.27047425717453],[126.9079007358704,37.26982245345808],[126.90774201402311,37.26939575003381],[126.90739857312785,37.26877404467921],[126.90735533043771,37.26855240878911],[126.90735679587871,37.26766545919065],[126.90702888555963,37.26688439033893],[126.90671821225709,37.26669436501535],[126.90647263261349,37.266425264453915],[126.90619939611916,37.26602465067071],[126.90586735555641,37.26573492573208],[126.90537842962189,37.26567736849992],[126.90517101005749,37.26547897339346],[126.90491160291765,37.26542469923173],[126.90489854491894,37.26530332924839],[126.90412949494694,37.26473842624249],[126.90403564900808,37.264707658929716],[126.90407056810353,37.26466499406911],[126.90404004673803,37.26467488800245],[126.90253109053866,37.26671198437272],[126.9022173919158,37.26709316714698],[126.90150094698815,37.26750977519758],[126.90078457236788,37.26786677866518],[126.89978501395458,37.26806857734112],[126.89891979572317,37.26818704232754],[126.8978603751702,37.268531814788915],[126.89581635956569,37.269018754746284],[126.8935041319641,37.26930277879158],[126.89292204038371,37.26958833513661],[126.89008339628077,37.268765634131356],[126.88614944025518,37.26637790744941],[126.88259794527694,37.263723418943464],[126.88083483782715,37.26200516922531],[126.87748376104838,37.25845380434806],[126.87734607671985,37.25855958114083],[126.8773142722814,37.25862459264137],[126.87696101798808,37.25879063419431],[126.87681975951247,37.25889945578119],[126.87679674553448,37.25886310180673],[126.87643085366658,37.25889847927624],[126.8761821307283,37.25901534953692],[126.87619169752325,37.259085190323944],[126.8758145520596,37.25942662558076],[126.87571406429394,37.25948226582478],[126.87522589897083,37.259953384929574],[126.87510078036182,37.26011652275601],[126.87494579450546,37.260191005098534],[126.87491646265289,37.26013889297538],[126.87453891526741,37.26060590011255],[126.87453922148147,37.260739360990414],[126.87426358268964,37.26072752263609],[126.87416468039008,37.2605697351958],[126.87372097621493,37.26057714150331],[126.87174726528362,37.26019881326794],[126.87125138791639,37.26002426041667],[126.8709298950397,37.25964039979758],[126.87067889316678,37.259535655469065],[126.87067208222766,37.25940106115169],[126.87063567634662,37.25937145818365],[126.87038312547699,37.259355689455695],[126.86984779659565,37.25968340594789],[126.86973224204671,37.25968750295267],[126.86951771512166,37.25958083382005],[126.86940283736499,37.25960435771952],[126.86929935583761,37.25975741890397],[126.86915395632354,37.25980371424183],[126.86814447799482,37.26001826058217],[126.8680641725802,37.25991427195316],[126.86775067968108,37.25999473306966],[126.8674998053849,37.26011890091707],[126.8673346293995,37.26039634864738],[126.86722367730336,37.26068314849961],[126.86720378011266,37.26117897499671],[126.86699785790049,37.26138034657968],[126.866922739927,37.26192256683928],[126.86702700936881,37.26212345412947],[126.86725759132426,37.26221832406531],[126.86731943633175,37.26240873846328],[126.86728285675287,37.262573135782354],[126.86719545741063,37.26269213567286],[126.86635149345483,37.26311494950012],[126.86604436847311,37.26346402815153],[126.86583690196831,37.26384307226448],[126.86566412715588,37.26382203346033],[126.86558799837451,37.26384024721046],[126.86549922751148,37.2639370047562],[126.86542707037817,37.264097702804285],[126.86542051291714,37.26422102990807],[126.86550579074684,37.264399918666975],[126.86565915052597,37.264534412830635],[126.86577269091696,37.26457564892121],[126.86598841887529,37.2645083169977],[126.8662449624901,37.26446975780146],[126.866312893077,37.26440844837454],[126.86668384767445,37.26451699524099],[126.8667470420088,37.2647403534574],[126.86682738193848,37.264826610441894],[126.86681515504237,37.264868549175084],[126.86645269891731,37.26483659902758],[126.86636490634424,37.264877324348596],[126.86587815035529,37.26559083836258],[126.86587048886626,37.26583355037167],[126.86553409659659,37.26580500584355],[126.86528225672961,37.26587229403312],[126.86524259288657,37.265986284668486],[126.86530747961675,37.266145165213416],[126.86529742281404,37.26644672143232],[126.86544025528926,37.26665665523789],[126.86499016622064,37.26695770325297],[126.86438474729005,37.267236883655634],[126.86413014713276,37.26726728660371],[126.86289304241528,37.26715180122016],[126.86235147460074,37.266325035289455],[126.86210560414382,37.26630024626096],[126.86178107661871,37.26642798145916],[126.86149519540298,37.26661094974755],[126.86136916004685,37.266747082890774],[126.86125274692094,37.26702006646945],[126.8610732050889,37.267610877515764],[126.86108048437636,37.26786823955392],[126.86122137775867,37.267977376676434],[126.8611370244603,37.26815297892791],[126.8610942949576,37.26839620801732],[126.86109038617207,37.26879575734054],[126.86067646877264,37.26970756200295],[126.8599762300066,37.271401515459],[126.85864659857565,37.27145961304661],[126.85703167271565,37.27147116778799],[126.85695902681915,37.27150261644503],[126.85694886707266,37.271567639453345],[126.85711130215442,37.27193247759201],[126.85744076150782,37.272653705105476],[126.85924322402474,37.27261223895328],[126.86117903500094,37.27247714136121],[126.86182888572483,37.27249142621916],[126.86194433023081,37.272178173715325],[126.86197363190219,37.2719529496246],[126.86209810817947,37.27228141392374],[126.8626413592633,37.2725013911071],[126.86383878834587,37.27220038529559],[126.8647800289753,37.27240927283283],[126.86510448811408,37.27252481574772],[126.86566919710826,37.27286898484022],[126.86895309043702,37.273913678597424],[126.86987988954766,37.274038604722804],[126.87041872564917,37.27408030840724],[126.8701122910841,37.27421850208434],[126.87020952771586,37.2743287068059],[126.87086023848731,37.2744676812117],[126.87179398594483,37.2748600898492],[126.87185378598711,37.27512427461682],[126.87190245162465,37.275201762652145],[126.87216847673739,37.27540619159963],[126.87249871009138,37.27556873850416],[126.87273363162942,37.27562052355834],[126.87290187819018,37.27562126656128],[126.87314880945183,37.27576514094096],[126.87358919396247,37.275900203929474],[126.87368100424543,37.27588960839138],[126.8737887705724,37.275817353621854],[126.87392336323218,37.27560970284595],[126.87396286262558,37.27548134853342],[126.87393814145493,37.2754117709459],[126.8743746793495,37.2752190862919],[126.87449732918277,37.27520007108712],[126.8746953413319,37.275517897394145],[126.8746448588755,37.275572742503535],[126.87457326812151,37.27582382791584],[126.8747101982512,37.27601010250419],[126.8746509965725,37.276223186190286],[126.87472171768424,37.276496950061784],[126.87476317032932,37.276567950797315],[126.8750391056638,37.27675323844984],[126.8753100234669,37.2769939935748],[126.8753100572125,37.277393260469175],[126.87452535061357,37.27707762612735],[126.87420180548753,37.27660789516582],[126.87317249671725,37.27603125057083],[126.8729325340044,37.27593356021194],[126.87266115216921,37.27587329359831],[126.87183869987325,37.27580791683968],[126.87160231629962,37.27567560250074],[126.87151258937405,37.275707598383015],[126.87141874797574,37.275569240948776],[126.87139059222731,37.27534733111196],[126.87128222461575,37.275158562620504],[126.87042975704462,37.274729063849804],[126.87010842976962,37.27492242989161],[126.86921529429385,37.27478684741664],[126.86840128852882,37.27443509120493],[126.86768169971438,37.27429153013101],[126.86693350463096,37.27418874783937],[126.86660408777679,37.27407208528365],[126.86593880343166,37.2740116326568],[126.86576764038486,37.2739663849014],[126.8653582172459,37.273480762168056],[126.86532140934884,37.27327798808569],[126.86516463913361,37.27316855672059],[126.86430428670876,37.272847136788606],[126.86391944984129,37.272794593307914],[126.86354541704908,37.27367914271203],[126.86355051158422,37.273778830639294],[126.86330332285107,37.27417893338911],[126.86314136224304,37.2740896604448],[126.86221871309142,37.27538195179563],[126.86247760180565,37.275715642925164],[126.86246827965901,37.27599438853858],[126.86268930806231,37.27689708130463],[126.86260995971037,37.27721994521854],[126.86277007035046,37.27771795881717],[126.86297724418976,37.278018915281095],[126.86315262287722,37.27816751752637],[126.8632173780212,37.27840242303136],[126.86319613796762,37.278457866465295],[126.86294538474131,37.27867382043243],[126.86289955707183,37.27897139503559],[126.86282295520635,37.279050145420456],[126.86268876580563,37.27901563862693],[126.86257423841826,37.27902253563429],[126.86240615297122,37.27893166700762],[126.86229745515098,37.278922537431676],[126.86213314739729,37.278978944063084],[126.86202279233528,37.279111709756144],[126.86210138811076,37.27929285614568],[126.86196522580715,37.279372942193916],[126.86194323676204,37.27944640349973],[126.86198805090528,37.2796061108736],[126.86196541328717,37.279653109708796],[126.8620751924775,37.27974250360796],[126.86223643246912,37.279625556283776],[126.86231494522883,37.27965971051001],[126.86239353284986,37.27975188447912],[126.86236854768184,37.27983238489791],[126.86212562915033,37.28009761499477],[126.86196037475403,37.280662258507014],[126.86200749800936,37.28071750208265],[126.86208490302758,37.28077841241625],[126.86231392690662,37.28078825165894],[126.86236916367109,37.28093079357061],[126.86255978250827,37.281128688555256],[126.86270793733256,37.281049172600625],[126.86276505140363,37.28112835364473],[126.86302186261292,37.28125790331424],[126.86308466108514,37.28122587555489],[126.8632020075383,37.281219534554744],[126.86322537240265,37.28125279186642],[126.86312652141247,37.2814556888669],[126.86323864759638,37.28150903922049],[126.86378171551324,37.28148320278449],[126.86403756619342,37.281369179424686],[126.86411305621728,37.28151934673788],[126.8645992604647,37.281466410997766],[126.86472151085826,37.28147725691147],[126.86507157618358,37.28139459508255],[126.86530643337053,37.281394864350666],[126.86672670974231,37.28148011533369],[126.86706533745125,37.28168548423301],[126.86714601002585,37.28169683958798],[126.86783457396196,37.28139099405937],[126.8679081732379,37.2813175748642],[126.86811379473022,37.28121109770093],[126.86914917740798,37.281057393278765],[126.86985391845887,37.28085910275443],[126.87000925692651,37.280787480452574],[126.87014443023395,37.280769610735064],[126.87032722017989,37.28081739588031],[126.87043860565967,37.28079809324475],[126.870598050394,37.280698030663885],[126.87094689728579,37.28059929899992],[126.87160202285776,37.28056425997555],[126.87165602147468,37.2805125105907],[126.87206679630631,37.279646276352906],[126.87215264336142,37.2795134766306],[126.8722316689936,37.27945893374679],[126.87274766940648,37.279589866326276],[126.873010352961,37.27970109517011],[126.87360907678756,37.27976987973142],[126.87377886262968,37.28021973168266],[126.87385796454484,37.2803259764271],[126.87402659106803,37.28042301949968],[126.87437611056859,37.28054981933127],[126.87484769174334,37.28059115033269],[126.87494232342166,37.28068331851435],[126.87500931034543,37.280874022092114],[126.87530002451048,37.280977384131006],[126.87571707596939,37.28117606392294],[126.8758342510477,37.2812857171853],[126.87586296481602,37.28139133645147],[126.87608725118774,37.281601062994994],[126.87643240260986,37.282029692980885],[126.87648184840279,37.28228260131283],[126.87654918541851,37.28236714394563],[126.87696600632016,37.28260888871215],[126.87718012569253,37.28268823308387],[126.87703303168331,37.28310312043806],[126.87702961031741,37.283358226163266],[126.87706640454996,37.28359168204543],[126.8772035232917,37.28388804441312],[126.87715528946161,37.2839696446803],[126.877169629082,37.28403047966391],[126.87730324318461,37.28420942032403],[126.87738289001474,37.28442885707681],[126.87748180538809,37.284489206536456],[126.87775232324742,37.28456411383311],[126.87809005217204,37.28480154518292],[126.8782718075162,37.28474402071904],[126.87840603042568,37.284657714843576],[126.87865926824192,37.28495531198818],[126.87886149558761,37.2854195592972],[126.8790416067092,37.28561346132172],[126.87933506408682,37.28545157933457],[126.87946491918264,37.28534358883288],[126.87953257959305,37.28534365951316],[126.87979232616108,37.28510965899774],[126.88040748192806,37.28474086714724],[126.88052594107444,37.28470945222429],[126.88061597402928,37.28482217287138],[126.88068358904633,37.28484927219958],[126.88080769627773,37.28480885230359],[126.88088679133973,37.284709819489926],[126.88099392427085,37.28470542385532],[126.88108420119586,37.28466496965164],[126.88115194827634,37.28461097718282],[126.88116901165914,37.28452089046233],[126.88146223811307,37.28449415510974],[126.88173300250953,37.284413339684434],[126.88186832872397,37.28440896962077],[126.88175576237511,37.28428271183197],[126.88159846394895,37.28392214096574],[126.88166070548107,37.28378704921444],[126.88191461687843,37.283665666168986],[126.88208379957734,37.28363880546247],[126.88232046089043,37.28372914844456],[126.88296888955907,37.283711777736045],[126.88355548708162,37.28356819905478],[126.88375544152258,37.28347013190724],[126.884108469955,37.283397838123065],[126.8842259786928,37.282948001388526],[126.88442682255665,37.282846264934626],[126.88462792796764,37.282798880856255],[126.88482518645472,37.28284863188527],[126.88498306928075,37.282839776810405],[126.88521968368173,37.282961650321226],[126.88531554209476,37.28295273284319],[126.88549615298659,37.28283127105312],[126.88549068770146,37.2827186377155],[126.88556982213235,37.282592570604194],[126.88623221737143,37.28333853756162],[126.88635093552567,37.28336427894551],[126.88657237939023,37.283264254388236],[126.8866695989073,37.28317650163269],[126.88674737081622,37.28301354391017],[126.88693496465761,37.28293093939888],[126.88774154082736,37.28283344967334],[126.8878803664829,37.282845690306814],[126.88817694187173,37.282810783473224],[126.88849497565744,37.282691980560784],[126.8895053011908,37.2821861097827],[126.88984160035336,37.281985100478224],[126.89005784325768,37.28205766755894],[126.89021570517427,37.282542967672576],[126.8901994252156,37.28259363420855],[126.89068309459918,37.282939859129414],[126.89106635456997,37.28326684082043],[126.89118383532303,37.28341844052533],[126.89125717348061,37.28362968437329],[126.8910144087493,37.283854715383235],[126.89195409401927,37.284551636394475],[126.89209007304656,37.28470268980467],[126.8929531883325,37.28512161665362],[126.89312684376165,37.28517217405943],[126.89320499915056,37.28571736927335],[126.89317900945008,37.286148993676264],[126.89307406356708,37.2865912510801],[126.89342242929735,37.286705888993914],[126.8943870938016,37.287101529129565],[126.89432414998421,37.28775472383452],[126.89467946480208,37.28769648024585],[126.89547981101825,37.28792245640736],[126.89571012620671,37.28853535823632],[126.89619685022244,37.2890108060965],[126.89643645365196,37.289292875061165],[126.89672393652981,37.2893516973112],[126.89724868407122,37.28934765060938],[126.89791349981823,37.28948789393946],[126.89797580419348,37.28954031598082],[126.89863495785141,37.289700265084235],[126.89897837701058,37.29009701713355],[126.89938872084073,37.29025983637003],[126.89997903683012,37.29064638089568],[126.90005321056488,37.290913096653085],[126.90056704110813,37.29117961845704],[126.90069660706592,37.291274343391194],[126.90069159063484,37.291339657203224],[126.90092759309914,37.291427707947136],[126.90103283763088,37.29139738777373],[126.90171702871292,37.29142837689654]]]}},{"type":"Feature","properties":{"HAKGUDO_ID":"Z000210016","HAKGUDO_NM":"비봉1중학구오목내중학구공동학구","HAKGUDO_GB":"1","zone_type":"공동통학구역","city":"화성시","base_date":"2026-03-20","schools":[{"school_id":"B000009453","school_name":"비봉중학교","school_level":"중학교","road_address":"경기도 화성시 비봉면 양노로109번길 5","jibun_address":"경기도 화성시 비봉면 양노리 259-3","lat":37.2372471728,"lng":126.8726901494,"city":"화성시"},{"school_id":"B000009178"}],"school_ids":["B000009453","B000009178"],"school_names":["비봉중학교"]},"geometry":{"type":"Polygon","coordinates":[[[126.92326195933953,37.28138456556554],[126.92339378237365,37.28134438530331],[126.9238877227616,37.28143453934547],[126.92428236154595,37.28145731661073],[126.92488029636912,37.2811603654001],[126.92508945846117,37.280610871128324],[126.92574444299586,37.279633672153935],[126.92618457069445,37.27926903538547],[126.9265487583133,37.2790716026498],[126.92703052837723,37.2789812397878],[126.92723365553381,37.27881467608226],[126.92728722752383,37.27880570130647],[126.92732971204362,37.27859848915682],[126.92778114664459,37.27817979093399],[126.92763532897995,37.277395800798764],[126.92844776068446,37.276779098472396],[126.9285380483639,37.276504339397626],[126.92836414985808,37.275792419800446],[126.92799279015576,37.27504883269779],[126.92812898223396,37.27412986329697],[126.92809581943769,37.27399525654978],[126.92774043860054,37.27368360993962],[126.92734606861102,37.27341755981062],[126.92728430567635,37.27316523053325],[126.92730734103506,37.272669677747366],[126.9269809732344,37.27206127442448],[126.9270771953267,37.271655870790816],[126.92706060986505,37.271335998286474],[126.92746656890469,37.27125966824346],[126.92811485072887,37.2712735792722],[126.9285885217959,37.27112069619837],[126.92862263313631,37.27082338047426],[126.92848757696584,37.270575512705655],[126.92958682226032,37.270598706640584],[126.92896212323659,37.269521589373035],[126.92875376772,37.269287193466596],[126.92819044620738,37.268881386380166],[126.92890720771726,37.26799880929566],[126.92889640430394,37.267507738842106],[126.9291599838375,37.26709117237241],[126.92962427143571,37.26677834454321],[126.92942189986631,37.266192550632866],[126.92959696011918,37.26585927304595],[126.92950693763824,37.265683516344275],[126.92963129853798,37.26532317902777],[126.92968243100066,37.26489972335691],[126.92959262110448,37.264494202937136],[126.9301454710142,37.26402149420552],[126.93032180578912,37.2623276551501],[126.9305704545525,37.261647523295615],[126.93063862980893,37.261075412145274],[126.93081349936452,37.26092684065341],[126.93182244010299,37.26092293874077],[126.93229600931065,37.26081058738809],[126.93245408931344,37.26053585790976],[126.9328601186594,37.26030633020885],[126.93306932657158,37.25957661314205],[126.93429311224126,37.25881593912044],[126.93462039490896,37.25838362694082],[126.93517301202495,37.2580911062745],[126.9352074378643,37.257397322030506],[126.9355741643303,37.25697404091699],[126.93579408087942,37.2568615389975],[126.93622248028169,37.25679869751079],[126.93705092485605,37.25690276982081],[126.93751884937494,37.256749847546374],[126.93798100894901,37.25676811859628],[126.93829104492781,37.25670522018057],[126.93874754994681,37.25674600055743],[126.93907450706634,37.25666958598654],[126.93949148650712,37.256777928594715],[126.94020165818492,37.25677829840018],[126.94050028266285,37.25689558805252],[126.94066374822329,37.25687765642999],[126.94081024982587,37.25692728352459],[126.94109209909114,37.25687787031806],[126.94140209434906,37.25687352252967],[126.94156003354178,37.256715921642595],[126.94208409735133,37.25684683580653],[126.94248415492646,37.256991201320574],[126.94266453925997,37.256959755902265],[126.94319987809335,37.257077154936205],[126.9435888827024,37.25695570549534],[126.94433846882312,37.25699661620172],[126.94496960668646,37.25715460097299],[126.94549377584208,37.25715485064079],[126.94634464771036,37.2574390768622],[126.94675607345334,37.257457292461275],[126.94750031413645,37.257101719982785],[126.94788363481766,37.257029811282266],[126.94839107095483,37.25677775047541],[126.94867871907344,37.2564805366551],[126.94900569610539,37.25636805293218],[126.94937791254485,37.256043844286516],[126.95008265220737,37.25571077548436],[126.95009970191784,37.255503539093986],[126.95003221324967,37.255300775869344],[126.95006614450725,37.25512058870795],[126.94999858255804,37.2550259452288],[126.94985813650803,37.254350106815856],[126.94976798413501,37.25432304270399],[126.94982452259404,37.254061760435164],[126.95003324743692,37.25376901493021],[126.95019114141334,37.25364293894818],[126.95028141168078,37.25350331691984],[126.95042233610589,37.25346283084584],[126.95036071281659,37.25292218239417],[126.95059208955006,37.25246275944001],[126.95169695620008,37.25210731379374],[126.95249750523848,37.25172914154208],[126.95250330963945,37.251449894121734],[126.95269765979408,37.25049965875424],[126.95272435145448,37.24951726630307],[126.95289391578734,37.248746942756036],[126.95339019675917,37.24821102850292],[126.95342399534104,37.24822455746943],[126.95363827503577,37.2480219119499],[126.9543879699859,37.247774426662204],[126.95466419380449,37.24762136056679],[126.95499677261394,37.24748633614625],[126.95546146300862,37.24711043382593],[126.95623698543729,37.2467884228942],[126.95642673221934,37.2458323924281],[126.95669568467528,37.245128830865085],[126.9562196839747,37.245222755567795],[126.95578070225903,37.24515443741431],[126.95545775615834,37.2445382268459],[126.95442047842836,37.24326022037613],[126.95305775478366,37.24332580852246],[126.95083019343397,37.24359239603457],[126.95096829302173,37.24262939448681],[126.95037335303425,37.24281620727018],[126.94981247651329,37.243073886095544],[126.94922459178088,37.24315726239418],[126.94884570805654,37.24329703436018],[126.9485511305695,37.24334109039628],[126.94807990463751,37.24282137266329],[126.94795438626022,37.24260785992797],[126.94798200687771,37.24243198801204],[126.94794282446867,37.24221220672715],[126.9478883645649,37.24110146311007],[126.94740796775281,37.24054242225053],[126.94701928066745,37.24019462557271],[126.94684498599264,37.23995910422107],[126.94653818489294,37.23936589778129],[126.94636657649207,37.23916128277919],[126.9462199144514,37.23906029912912],[126.9459714559023,37.23900161805312],[126.94479319070419,37.239004588707594],[126.94426445531793,37.23894198866577],[126.94413388017355,37.238884620620844],[126.94408287203474,37.238824767099615],[126.94402679059107,37.23861515732664],[126.94350134333128,37.2386814049962],[126.94313341555572,37.238789716619436],[126.94289688509124,37.23890854085925],[126.94202495740801,37.239471449262716],[126.94163940961548,37.239768695093304],[126.9414422455584,37.23998205549563],[126.94110361945796,37.24036861637157],[126.93993958030472,37.241874491543314],[126.93982566987127,37.241975889625834],[126.93953215608231,37.24216117705664],[126.93772296913392,37.24293702877527],[126.93745820083461,37.24296815640713],[126.93657095920786,37.24287235300743],[126.93631748739793,37.24287221877042],[126.93601167543113,37.24292575441221],[126.93433349395096,37.24346104769588],[126.9339131497773,37.24354513005592],[126.93091424714474,37.243513047826674],[126.93070014352853,37.24278158940759],[126.93038091271481,37.24236099967085],[126.93005126378692,37.24179286752549],[126.93003622936092,37.24149523794173],[126.92963443228312,37.2406927900713],[126.9293883564993,37.23929236459622],[126.92941779384887,37.23888945609415],[126.9295860357284,37.2382531998141],[126.92971639980627,37.238007745842566],[126.92965155809833,37.23786016106523],[126.92903835735304,37.23737856996788],[126.92893342379331,37.23736893613292],[126.92883036969411,37.23723259102947],[126.9285347535614,37.23701671879179],[126.92821426311646,37.23666736777942],[126.92813500585204,37.23650232013659],[126.92814553229827,37.236363792474954],[126.92827359929862,37.236127349082395],[126.92818437015035,37.235706904662976],[126.92805454446098,37.235413227129406],[126.92760631427583,37.235757225753055],[126.92738752509837,37.2356103852506],[126.92730265037882,37.23560414118983],[126.92715590760106,37.23567923252106],[126.92672124299644,37.23576877525009],[126.92661366803303,37.23575463249233],[126.92620711117102,37.23556825613449],[126.92588864452877,37.23549878122268],[126.92545616017064,37.235346733938556],[126.9244940289705,37.235261471115656],[126.92433553899996,37.23586448349815],[126.92428138208017,37.236347514176494],[126.92437809238153,37.236969942950225],[126.92480113372565,37.23767508983034],[126.92539708132881,37.238960013082384],[126.9251319991849,37.239034836228306],[126.9231116586893,37.23926473654295],[126.922464985339,37.239465293157366],[126.92211707812261,37.23962988053183],[126.92186465467591,37.23987152967333],[126.92136147821594,37.23994749174369],[126.92005474948051,37.239105804230256],[126.91926014043736,37.23919253862507],[126.91858638476903,37.23965941640019],[126.91700695920579,37.24037774816299],[126.91599889117325,37.239404744326755],[126.91532799375038,37.238945003547265],[126.91451659959806,37.238627074115094],[126.91382912563027,37.238801972536116],[126.91376607423553,37.23835986006763],[126.91246895599645,37.23855766290981],[126.91157002283312,37.238857692050104],[126.9110357186983,37.239328915391965],[126.91025616081455,37.23948373773642],[126.91027666487204,37.24014207518253],[126.90951596665798,37.2402656478452],[126.90851235411036,37.24031778794209],[126.907569906777,37.240741365600734],[126.90682981621768,37.240859028017304],[126.9063225011883,37.2412646388232],[126.90581159635065,37.24158183581111],[126.90488027890734,37.24141099748363],[126.90510362168361,37.24232347774153],[126.9040898219632,37.24300714168673],[126.90375511218912,37.24309583930977],[126.90323189307085,37.24310237798461],[126.90308904063374,37.24315469297271],[126.90227803898179,37.24320637540264],[126.90149192405227,37.24347601413295],[126.90030514986795,37.24293027258291],[126.89938898329434,37.242802926136704],[126.89929522501275,37.242853526619214],[126.89884046788309,37.243494483001655],[126.89834007115803,37.24402089361428],[126.89815318980968,37.24428488332957],[126.8973283206054,37.2457293565736],[126.8972065159418,37.24576961769728],[126.89671706619126,37.24618533922131],[126.89638308453493,37.2469917507242],[126.89573086161764,37.24793048804917],[126.89548967999228,37.248233152426],[126.8952257554237,37.248324231009256],[126.89504538319788,37.2486856927204],[126.89498463912363,37.24868142197794],[126.89496205914816,37.248706739310485],[126.89491693733319,37.24922986708047],[126.89467329682964,37.249405350589754],[126.89452280974771,37.249471944349246],[126.89424323616919,37.24952828595114],[126.89415476350358,37.249587068498165],[126.89673414942796,37.252597219306175],[126.90024798964195,37.25597727882009],[126.90098513270108,37.25687339188993],[126.90148599410126,37.257705201902986],[126.90178466632699,37.25843683361434],[126.9020269668881,37.25916818358154],[126.9028608786451,37.26209288281747],[126.9033044713387,37.26346843967928],[126.90340837928323,37.26347891351016],[126.90390848909875,37.264143002667375],[126.90434650212703,37.26433370604102],[126.90403564900808,37.264707658929716],[126.90412949494694,37.26473842624249],[126.90489854491894,37.26530332924839],[126.90491160291765,37.26542469923173],[126.90517101005749,37.26547897339346],[126.90537842962189,37.26567736849992],[126.90586735555641,37.26573492573208],[126.90619939611916,37.26602465067071],[126.90647263261349,37.266425264453915],[126.90671821225709,37.26669436501535],[126.90702888555963,37.26688439033893],[126.90735679587871,37.26766545919065],[126.90735533043771,37.26855240878911],[126.90739857312785,37.26877404467921],[126.90774201402311,37.26939575003381],[126.9079007358704,37.26982245345808],[126.90820433871906,37.27047425717453],[126.90817453339297,37.27078987407577],[126.90836203576691,37.27115888744275],[126.90871490557238,37.27158236267434],[126.90897943883675,37.272073631718534],[126.90907295917636,37.272667548801586],[126.9087878779345,37.27313361075235],[126.9087950864863,37.27357342856043],[126.90891742203576,37.274232684224124],[126.90938239463085,37.27419419540488],[126.9103537350321,37.274542123786766],[126.91109449770055,37.273841011679785],[126.91223837418886,37.273546792484694],[126.91245011471514,37.273260025546726],[126.91295422665611,37.27288422368408],[126.91344006622326,37.27276041472448],[126.91447490829688,37.27273471590325],[126.91440837786581,37.272839970629136],[126.9146073656437,37.273519270003234],[126.91496103713851,37.27420713554509],[126.91616500849993,37.27528417695702],[126.91625393989418,37.27547852939357],[126.91634205026503,37.276085096210785],[126.91693591456333,37.27689645220702],[126.91709146546513,37.27784968483738],[126.91696443080839,37.27801487893404],[126.91704500522707,37.27843954860339],[126.91743473349563,37.27874645568809],[126.91756997782274,37.27895491535999],[126.91846916227345,37.27948603234825],[126.91910320561132,37.280008235902436],[126.91915749760187,37.28014483453553],[126.91920377708864,37.28084682449176],[126.9190846002367,37.281240664869365],[126.91924146513533,37.28151699459183],[126.91968908790258,37.28173890432106],[126.91979822488233,37.281994925709746],[126.9200988301724,37.28230373671257],[126.92027339386988,37.282673848104636],[126.92047385553357,37.2827128375564],[126.92093440878254,37.2830712460235],[126.92099375229736,37.282986881715296],[126.9214956293115,37.2829106327068],[126.92247084394623,37.28191424319708],[126.92268085254595,37.28174910292918],[126.92326195933953,37.28138456556554]]]}},{"type":"Feature","properties":{"HAKGUDO_ID":"Z000210015","HAKGUDO_NM":"비봉1중학구봉담중학군공동학구","HAKGUDO_GB":"1","zone_type":"공동통학구역","city":"화성시","base_date":"2026-03-20","schools":[{"school_id":"B000009442","school_name":"화성동화중학교","school_level":"중학교","road_address":"경기도 화성시 봉담읍 동화역말길 12","jibun_address":"경기도 화성시 봉담읍 동화리 631","lat":37.21386594,"lng":126.9623033571,"city":"화성시"},{"school_id":"B000009453","school_name":"비봉중학교","school_level":"중학교","road_address":"경기도 화성시 비봉면 양노로109번길 5","jibun_address":"경기도 화성시 비봉면 양노리 259-3","lat":37.2372471728,"lng":126.8726901494,"city":"화성시"},{"school_id":"B000009443","school_name":"봉담중학교","school_level":"중학교","road_address":"경기도 화성시 봉담읍 샘마을길 53","jibun_address":"경기도 화성시 봉담읍 상리 11-40","lat":37.2165510515,"lng":126.9533521312,"city":"화성시"}],"school_ids":["B000009442","B000009453","B000009443"],"school_names":["화성동화중학교","비봉중학교","봉담중학교"]},"geometry":{"type":"Polygon","coordinates":[[[126.90329381290417,37.21641690837167],[126.90370554702919,37.21532902780933],[126.90370695861083,37.21493285200476],[126.90404967097032,37.21440856440873],[126.90436030692177,37.21404615585106],[126.9046157034077,37.213527146433634],[126.90559642230767,37.21292989287937],[126.90597839036474,37.212524181900704],[126.90683940741528,37.21205352308141],[126.90711786421818,37.21179329511158],[126.90729312377945,37.21141781175788],[126.90722849418825,37.210604574405984],[126.90727561652959,37.210374009175844],[126.90719886258657,37.20995665116056],[126.9068677508959,37.20968973002228],[126.90685495626292,37.20950951263612],[126.90749444016787,37.208813698360316],[126.90753641939219,37.20818215973703],[126.90827610220155,37.20813291571789],[126.90849705691122,37.207948943436],[126.90705535201316,37.20582330508572],[126.90672732806463,37.205223570979726],[126.90702372789981,37.20466911347227],[126.9069853917969,37.204217437003486],[126.90691603984219,37.20408982074259],[126.90686466011266,37.20352184609284],[126.90699021812699,37.20318884416882],[126.90693628156826,37.202835431172936],[126.90673095647672,37.202639289258556],[126.90675250656409,37.202433192558246],[126.90695549457273,37.20191840766421],[126.90834354086557,37.201610139873786],[126.91215316959952,37.20096933658233],[126.91548005359417,37.200213632790025],[126.91775174982924,37.19955723693449],[126.91897000688668,37.19739813877421],[126.91847108987359,37.19576711364582],[126.9184919998236,37.19294919342203],[126.91813331298965,37.19054421241758],[126.91765495106792,37.19095722730305],[126.91519746184784,37.191533795023226],[126.914573840952,37.19194780973064],[126.91351365965464,37.191720627588936],[126.91302829108068,37.191734056590974],[126.91280126000464,37.19181796876289],[126.91243197277521,37.1918523779187],[126.91200729563458,37.19147237218855],[126.91185412666816,37.191470119231816],[126.91077192592803,37.191663961804224],[126.90880521945532,37.192444194316984],[126.90847768197385,37.19227649370315],[126.90822861242826,37.1917567828049],[126.90805196483889,37.19172454493356],[126.90791937891211,37.19178948536442],[126.90759252571176,37.191833148198945],[126.90666853055636,37.191775518822745],[126.90617206947229,37.191247727813675],[126.90574736460701,37.19143631988134],[126.904940001697,37.19210100866791],[126.9047552986622,37.19217435379707],[126.90455980328137,37.192163488363384],[126.9042559079048,37.19201203209077],[126.90344491775285,37.19219859918682],[126.90338944625918,37.19222473585651],[126.90345582495847,37.19233996252991],[126.90330518631332,37.192339548641435],[126.90292707812927,37.19228404185331],[126.90275469352646,37.19222364348325],[126.90253837927025,37.191986369914574],[126.90246892699517,37.19193985267654],[126.90238393549518,37.19193442862457],[126.90169920184647,37.19232861910226],[126.90117614995376,37.192352948500634],[126.90090716341267,37.192552072730635],[126.90068874104819,37.19283768573064],[126.90063358234208,37.19302628926907],[126.90016973816068,37.193718035655984],[126.90016744076671,37.19384528395972],[126.90008186736887,37.1939602816298],[126.90002315131716,37.193925350551986],[126.89958798754775,37.19402127260385],[126.89928544675301,37.194040727225314],[126.8983411070008,37.193906436968135],[126.89676731192968,37.194262662360266],[126.89592913902536,37.19409832496426],[126.89549105634231,37.19376285234148],[126.89529974179764,37.19289599342284],[126.89563008560225,37.19249813135981],[126.89568885747417,37.19176725094959],[126.89476001593138,37.19191398412359],[126.89448500495331,37.19200980435622],[126.89439386101628,37.192098216438175],[126.89423987808813,37.19258214260561],[126.89415734100716,37.19304930792761],[126.89372771460677,37.1936221666436],[126.89248337019256,37.19436998247889],[126.89205459534593,37.19454099616766],[126.89117432294056,37.19516159614831],[126.89002001186174,37.19584811591153],[126.88974634768772,37.19605414120677],[126.88947793452591,37.1961842156765],[126.88886846330267,37.19632471244094],[126.88864397924421,37.196423799387794],[126.88801022295213,37.196561784699625],[126.88612564300983,37.196607554771134],[126.8855103612929,37.196644479768],[126.88532122674106,37.19667976494714],[126.8852409098026,37.19673552175888],[126.88522700616417,37.196853756939184],[126.88545524973806,37.19719625862041],[126.88529888348423,37.19721564033517],[126.88480542547998,37.19723079840478],[126.88287083880206,37.19717024484736],[126.8821899114241,37.19718661036669],[126.88156767422308,37.196703886664324],[126.88022827530375,37.19783103094363],[126.88014034004867,37.19777505788004],[126.87991832219409,37.19785250010482],[126.87982715792998,37.19795563935808],[126.87979995523213,37.19813159436527],[126.87993839881693,37.198608452341496],[126.87999740726103,37.19864509482365],[126.88009834470796,37.19884742904317],[126.88015012545549,37.19909990922971],[126.87997826102915,37.19987304554485],[126.88083691639316,37.201335029227074],[126.8808246425025,37.201530146722966],[126.88045179105565,37.202903290942196],[126.88030004001106,37.20302844415746],[126.88081535749204,37.203824699784704],[126.88150576702407,37.20453216129567],[126.88164412344047,37.20463620066721],[126.88311821215741,37.20497725945384],[126.88313852375649,37.20560407282886],[126.88350948185158,37.20588038763158],[126.88559204717905,37.20681445575719],[126.88596213277587,37.2068607157181],[126.88657119995453,37.20705869089071],[126.88704514786158,37.20709913868621],[126.88751787344786,37.2070162476485],[126.88913882925289,37.207471696965555],[126.88994282110397,37.20762929249275],[126.89028591673576,37.20772507163204],[126.89093320486667,37.207797760601615],[126.89127324740231,37.2079343606573],[126.89175981251496,37.20826031426166],[126.89207504088994,37.208396320768415],[126.89240417545584,37.208655115263916],[126.89261970859005,37.20920748157336],[126.8928598317255,37.20955910852882],[126.89329668676723,37.20994920968204],[126.8933929275679,37.210099375219954],[126.89354731273832,37.21070575576916],[126.8934057829747,37.21194596587179],[126.89294100474187,37.212488139889295],[126.89260487068437,37.21267338244576],[126.89254134101196,37.21290928898359],[126.89373783070856,37.21302244632595],[126.89397319375365,37.213136138112574],[126.89420612382094,37.213481565469145],[126.89438977720827,37.213811449473745],[126.89447333147484,37.21410239980352],[126.89500371331609,37.214985331783595],[126.89526491477754,37.215133111641826],[126.89577298666264,37.21523042799178],[126.89673814638144,37.215642386025536],[126.89722470227949,37.21538939722399],[126.89763141851013,37.215468316404554],[126.89848442496644,37.21577119033815],[126.89934544832536,37.215356897377774],[126.90026013213465,37.21587916143438],[126.9007793427226,37.21621607987252],[126.90113212410544,37.21660945931733],[126.90209720569104,37.21697942071122],[126.90234488895796,37.21698723273023],[126.90292235255056,37.21666727726442],[126.90329381290417,37.21641690837167]]]}},{"type":"Feature","properties":{"HAKGUDO_ID":"Z000200302","HAKGUDO_NM":"우정중학구","HAKGUDO_GB":"0","zone_type":"중학교 학교군·중학구","city":"화성시","base_date":"2026-03-20","schools":[{"school_id":"B000009447","school_name":"삼괴중학교","school_level":"중학교","road_address":"경기도 화성시 우정읍 장안로 35","jibun_address":"경기도 화성시 우정읍 조암리 139","lat":37.0898206374,"lng":126.8222924206,"city":"화성시"},{"school_id":"B000009452","school_name":"장안여자중학교","school_level":"중학교","road_address":"경기도 화성시 장안면 기아자동차로 814","jibun_address":"경기도 화성시 장안면 사곡리 1","lat":37.0776566897,"lng":126.8163354003,"city":"화성시"}],"school_ids":["B000009447","B000009452"],"school_names":["삼괴중학교","장안여자중학교"]},"geometry":{"type":"MultiPolygon","coordinates":[[[[126.81174193559785,37.139113621689454],[126.81183275259976,37.13894623362378],[126.81192841024178,37.13887739307742],[126.81207970785611,37.13899506096017],[126.81199462329391,37.13905292546641],[126.81216487345208,37.1391893473199],[126.8123271246659,37.13909045168408],[126.81267989584751,37.139074430179015],[126.81282985599407,37.13901105223141],[126.81306332544715,37.138719927759226],[126.8135198606299,37.13843068754496],[126.81384872913007,37.137971211496236],[126.81437442927027,37.137515921048816],[126.8146375539573,37.13724394049909],[126.81473541153198,37.137174711844246],[126.8152470021554,37.137009625112945],[126.81534101681007,37.13694768855297],[126.81655744687589,37.13591218645526],[126.82429451078998,37.12952520243791],[126.82453215553106,37.12948987238731],[126.82857393362764,37.13001434679406],[126.82865464628019,37.12990390323464],[126.82889136771927,37.12977845695931],[126.82888936719215,37.12961734426702],[126.8285437353053,37.127936274736804],[126.8281991896164,37.12802173722313],[126.8277682445264,37.12819447620613],[126.82703453211815,37.12828964137586],[126.8268524214753,37.12830307167246],[126.82627877522643,37.12823095846268],[126.82577171903853,37.1282607585349],[126.82585271359669,37.12768738055897],[126.82607494017638,37.127093020383384],[126.82628072945637,37.12638430889472],[126.82695354616158,37.125580844484915],[126.82764892626295,37.12451638380273],[126.82847481257376,37.12372861495541],[126.82809435015491,37.122731836552525],[126.82852525348262,37.122666299154034],[126.82899761312741,37.122540565932276],[126.82928191818006,37.12232294733599],[126.82943123578478,37.12128226356928],[126.82965816517442,37.12115138427149],[126.82981607389,37.12059943429361],[126.83004939838011,37.12004985384968],[126.83003428982342,37.11965787516591],[126.83006445398321,37.11953729488993],[126.8296661989197,37.119067300129004],[126.83023859358234,37.118799643910414],[126.83036624496232,37.11848305603219],[126.82876209433402,37.117309191050836],[126.82979628882417,37.11730678221291],[126.8305049202012,37.11725172420151],[126.8328485706963,37.1167320363686],[126.83457302535619,37.11641448368875],[126.83538945640576,37.116405989444964],[126.83837508884082,37.116558673423945],[126.83917396549901,37.11649944435758],[126.84008920314568,37.11629259425658],[126.84144402446745,37.115484651196695],[126.84226165300005,37.1147971919866],[126.84268634191444,37.114308775815225],[126.84300896385665,37.11361606887072],[126.84318446898698,37.11365455309882],[126.84357422115394,37.1136216078254],[126.8440477256396,37.113724354586985],[126.84423957953977,37.11373651163985],[126.84441538790439,37.1138295989324],[126.84481765857416,37.113820922646404],[126.84518945246099,37.11406169905584],[126.84641925984702,37.11444615515999],[126.84761482469743,37.11473238356224],[126.84862511187248,37.114845762881785],[126.84887439683648,37.114934785236265],[126.84907602311365,37.114938981513944],[126.84943611076308,37.11500646407759],[126.84969524002055,37.11509774085535],[126.84986360880184,37.11529844091888],[126.85044378990963,37.11572830949123],[126.85103501130033,37.11590871331273],[126.85133993548983,37.116132112949984],[126.85177491591428,37.11620249360349],[126.85225040010135,37.11641681583241],[126.85263317728122,37.116480370291846],[126.85360445288308,37.11715426993977],[126.85382803215191,37.11680304621928],[126.85495450961737,37.11658746970804],[126.85504070646188,37.11654732640604],[126.85509041235433,37.116577753019726],[126.85565978494685,37.116238872610296],[126.85541082913905,37.11594191198912],[126.85526260343026,37.11564381235157],[126.85565019005053,37.11527488285126],[126.85663149582433,37.115681247766055],[126.8567957595977,37.11537161901648],[126.85709374167047,37.115169397719306],[126.85754471661974,37.11533730046072],[126.85788253674836,37.11510202895184],[126.85794039788192,37.11471689697646],[126.85810000006256,37.11435694715324],[126.85875772807992,37.113953958394504],[126.85909243296511,37.113303348460455],[126.85938097614476,37.11299198219928],[126.85937374817716,37.112627046118],[126.85975308749838,37.11254781068376],[126.86076107456482,37.11256703259246],[126.86107767233437,37.112477589454045],[126.861927575378,37.11213196609583],[126.86227675953064,37.11143123576914],[126.86269729706014,37.11092967724377],[126.86271754167122,37.11062559491227],[126.86261218001245,37.11027321057571],[126.86267842123877,37.1100967362566],[126.86300955231293,37.109743179174195],[126.8637859218837,37.10902098332502],[126.8637678654845,37.108809520442804],[126.86381007820513,37.10880910038121],[126.86394526971581,37.10859989669946],[126.86378103240047,37.10822569759768],[126.86385362841452,37.10793828709874],[126.8641782777766,37.10754573908215],[126.86451268169732,37.10732025701315],[126.8648737781178,37.1067642882065],[126.86482582664824,37.10655327790623],[126.86488083462496,37.10631821837145],[126.86485797506043,37.10629373199553],[126.86505433624706,37.1062221316953],[126.86523214750446,37.10587514074391],[126.86554680113693,37.105545534925824],[126.8655029245746,37.10523200622163],[126.86540701129927,37.10501600204777],[126.86559728001978,37.1046643390717],[126.86584506865462,37.104415368651864],[126.86600485312235,37.10441012129917],[126.86672222922175,37.10410398169742],[126.86716324217136,37.104251213337605],[126.8673311118839,37.104180579300206],[126.86743074106661,37.104078241338506],[126.8677123004637,37.103962503904505],[126.86830413597701,37.1040398488057],[126.8686181068718,37.10404524847053],[126.86925784626861,37.103979590256834],[126.8693750210437,37.10341149638276],[126.87016558117844,37.103050824485486],[126.87058393154749,37.102736195211456],[126.8714583073437,37.10269446457063],[126.87185431648592,37.10261967939533],[126.8726070075214,37.102595575940505],[126.87284271688726,37.10230969176217],[126.87290845669966,37.10206480918641],[126.87332024562467,37.101462212999316],[126.8735777051627,37.10149177602416],[126.87377686733485,37.101482420666876],[126.87476416722883,37.10127370464201],[126.87501062191102,37.10125707328121],[126.87556152945541,37.10155190852087],[126.87604387191884,37.10206855530922],[126.87655061906267,37.10207219082443],[126.87654936828802,37.10133444686389],[126.87647451287798,37.1011096627713],[126.87657214638483,37.10095152094918],[126.87661956955036,37.100762627475504],[126.87736985535646,37.09962076322521],[126.8776694456356,37.09945831839429],[126.87783787899322,37.09943033549876],[126.8776689447392,37.09734061974896],[126.87698635189828,37.097004048104175],[126.87696836013117,37.096930592473576],[126.87761859836527,37.096194284300985],[126.87783292511354,37.095890663625845],[126.87804703925138,37.09550666892766],[126.8789398650198,37.09442729403956],[126.87988788593097,37.09343445800752],[126.87933568028,37.092168630751964],[126.87876017830338,37.0906472213483],[126.87853868811803,37.089602656757606],[126.87826998653486,37.08861454010953],[126.87822777237668,37.08821514326734],[126.8782707474401,37.08708380578412],[126.8783736474446,37.0863865743406],[126.87852184066033,37.08592285604575],[126.87882626587583,37.08516617955563],[126.88017285399032,37.082964614094095],[126.88036288821503,37.08248597773238],[126.88052323982284,37.08185575125754],[126.88076774213101,37.08005881411888],[126.88103249306523,37.078898502118015],[126.88154541847085,37.077098769556365],[126.88203291718959,37.07500048068694],[126.88261636294662,37.0732286554717],[126.88308975849776,37.070757663889395],[126.88360977816691,37.06700671409637],[126.88373985667818,37.06698796961212],[126.8835868067693,37.06416748427951],[126.8817720593718,37.05986758480564],[126.87744380748143,37.052726693820055],[126.87080345673196,37.04397921575109],[126.86385256464847,37.03376224747926],[126.8591105480006,37.027205867603165],[126.85659936630017,37.023931942049174],[126.85479435350572,37.021695068013926],[126.85113743228338,37.01839256641397],[126.84211131295402,37.014316963098985],[126.8340231014574,37.013377714811845],[126.8166966532414,37.01337903538733],[126.81394373107669,37.01338372638412],[126.8107749574436,37.013432741576366],[126.80372977160444,37.01343022230353],[126.79770711428317,37.013420033926636],[126.79691674095947,37.013354186701875],[126.79686842974506,37.01465036609765],[126.79756982640325,37.015847060520294],[126.79787126490281,37.0159216375343],[126.79790732214518,37.016226090429626],[126.79788070714393,37.016265744816295],[126.79795447477117,37.01651958705456],[126.79817308157502,37.016710870482804],[126.79805485951807,37.016732347516125],[126.79798206692858,37.01683753985762],[126.7978514537817,37.01689926478246],[126.79755840275322,37.0169680275417],[126.79735484926358,37.01699274453961],[126.79725987538353,37.01692133407564],[126.79712679128808,37.01718354208375],[126.79701900887677,37.01730838058645],[126.79626075564266,37.01800118357543],[126.79634928000394,37.01805568133689],[126.79636964104193,37.01812245011613],[126.79630311250901,37.01818315691237],[126.79632252864708,37.01827555073581],[126.79599941451481,37.01835665505308],[126.79598006016411,37.01843715112419],[126.79590506347168,37.018445472481915],[126.79589270153649,37.01847106886941],[126.79585084312461,37.018629810064596],[126.7954918002735,37.023239577152594],[126.79525514248112,37.025825516171295],[126.79487208507734,37.02643701019201],[126.79297143255856,37.02745809312269],[126.78963199166837,37.02968823565873],[126.78942360022758,37.02979852540237],[126.7889565294463,37.02991144929324],[126.77131840270074,37.02987903391719],[126.7691160767419,37.029705341799676],[126.76786730244542,37.02986445036358],[126.76746962217628,37.0301233203342],[126.76707476510295,37.02992346765018],[126.7666991434164,37.02986865979316],[126.75107368562827,37.02983530096945],[126.7507011750893,37.02984944436579],[126.7503692630885,37.02990702454932],[126.75004644290418,37.03003249015558],[126.74968176998266,37.03022516792184],[126.74950682586594,37.03034475531438],[126.74915092580005,37.03069794769132],[126.74890890718947,37.03113247677818],[126.74882554012743,37.03159607114509],[126.74882262857454,37.03293545002278],[126.7479410554174,37.03295467120921],[126.74794217692131,37.03298601297872],[126.74882886046548,37.03296591594429],[126.74882311020646,37.036835206779884],[126.74869614069192,37.03683297179085],[126.74850158101854,37.03597879512916],[126.74824333977647,37.03605679956331],[126.74804120690202,37.03584293300004],[126.7480124553814,37.035616476965394],[126.74798097165939,37.03563048488489],[126.7473446209567,37.03490158595688],[126.74710038827546,37.034571045262624],[126.74708317177254,37.03388297131224],[126.74716722469886,37.03376027266735],[126.74766856211271,37.03335647788493],[126.74764087359154,37.03333450485999],[126.74717978441694,37.03369764949736],[126.74707149165795,37.03381996128659],[126.74702635240455,37.03394787895654],[126.74703609492529,37.03429888456887],[126.74695457363529,37.03431346855034],[126.74698441243814,37.03449568443538],[126.74729719982426,37.034925722080594],[126.74732418111033,37.035095486134715],[126.74741075014009,37.03520295239256],[126.74738067051591,37.035220630516456],[126.74750164190789,37.03533154897296],[126.74700115873925,37.035849716300625],[126.74642321388608,37.03659882170444],[126.74605170694063,37.03657954254239],[126.74579456425602,37.03665976963651],[126.74578976727697,37.036876853399],[126.74583285813837,37.03691142982462],[126.74555910280118,37.03769464975967],[126.74546999735072,37.03897199970657],[126.7457574201761,37.04155896088199],[126.74599442321035,37.04242876839315],[126.74601240004904,37.04262223671523],[126.74655321128147,37.043822091096466],[126.7465219615794,37.043865362359305],[126.746664258837,37.04403629171035],[126.74764951311066,37.045758835525795],[126.7476259960251,37.045774610148314],[126.74766656748605,37.04587860818123],[126.74793524970232,37.04631873171391],[126.74798556282752,37.046505243550754],[126.74814548223277,37.04679562047236],[126.74836131118856,37.04712469068919],[126.74858460086459,37.04738179320823],[126.74863897141215,37.04766876672858],[126.74853996327121,37.04775327578327],[126.74868727779945,37.0479628296206],[126.74886375303402,37.04880109453297],[126.74941912784638,37.04895100888212],[126.74954110691874,37.04909461447842],[126.7494517891167,37.049177493964066],[126.74966936070545,37.049248067491824],[126.7504412412698,37.05023891081004],[126.75072599759153,37.05055234556021],[126.75130023978284,37.051021832592525],[126.75214760197424,37.05161128159187],[126.75290464386545,37.052215458173045],[126.75405605540388,37.053303080295926],[126.75546465156697,37.05450752644149],[126.75665107836484,37.05547127265181],[126.75565944258264,37.0561852349328],[126.7335971872529,37.07343012237384],[126.73349720087273,37.073434671624334],[126.73331834546357,37.07338696173122],[126.73303921781526,37.07316366897858],[126.7326886997214,37.073433347889114],[126.73136095934291,37.07234241602589],[126.73135484625013,37.07229339305646],[126.73192686169003,37.071847533674955],[126.73197189595292,37.071883281724794],[126.73213208070248,37.07175884015156],[126.7319582570814,37.071615779457765],[126.73179878036346,37.07174034134128],[126.73182413432261,37.071763069556596],[126.7312541388463,37.07220374287022],[126.73118386000277,37.072197168008486],[126.73111889080543,37.07214481102929],[126.7310122895929,37.07222379849776],[126.73257613059636,37.07351709715677],[126.73223249616363,37.07379180916847],[126.73249866934057,37.07402783370962],[126.73254140600598,37.07418606578796],[126.73252088372398,37.074265313528656],[126.68561675600549,37.1109014705087],[126.68394769619113,37.112225796451305],[126.68375099895218,37.11247540304768],[126.68360334982937,37.11283443715252],[126.6835802905311,37.11304837590351],[126.68360274340567,37.113461001192434],[126.68373688214068,37.11345505344319],[126.68375862888462,37.11347712437741],[126.68455992541271,37.11345133681496],[126.68510906813115,37.113348641027834],[126.68601838463312,37.11323906320768],[126.68646120943819,37.11291703330867],[126.68639094797611,37.112821695392455],[126.68625501128304,37.112800699650855],[126.68617959795861,37.11158731973851],[126.6889491948925,37.10942806489116],[126.68987015292794,37.10929253730359],[126.69794785630583,37.1029829444274],[126.69815313607305,37.10205781558725],[126.70307060049211,37.098154299686094],[126.71912855091527,37.08553645579953],[126.73248999348581,37.07508331658487],[126.73311278520526,37.074950018872855],[126.73444711308964,37.07390698867591],[126.73467352999339,37.073378665462926],[126.75633375513122,37.05622726739264],[126.75682554562822,37.05597377782126],[126.75679580204324,37.056046314387956],[126.7588940083796,37.0566903797417],[126.76375289690382,37.05829059525726],[126.76382657361059,37.05826849450505],[126.76481247189679,37.05633402511777],[126.76486509072541,37.05636228791346],[126.76427346241685,37.057765361815214],[126.76433525257382,37.05777955931642],[126.76428715799106,37.058277302141036],[126.76421661870847,37.05853396370637],[126.76952207912046,37.059743719549246],[126.76968083791233,37.059819771939864],[126.76999395555687,37.06008817062023],[126.77082344265465,37.059350066728726],[126.77132014076082,37.0592682510266],[126.7714456022786,37.059201193589686],[126.77171366663691,37.058912245955284],[126.77194674066276,37.05846244503938],[126.7721861225987,37.05842292804285],[126.77229101631292,37.05836033555733],[126.77240136489351,37.05799814894489],[126.77237235916569,37.057948813686295],[126.7725628330681,37.057991143719754],[126.7726628978858,37.05795275343593],[126.7729834996873,37.05801278765151],[126.77329913256243,37.0580849219078],[126.77368727188414,37.058235181414304],[126.77387247679889,37.0582766522859],[126.77440039125975,37.05832919688834],[126.77487056263149,37.05830164865794],[126.77612556421327,37.05829982288646],[126.77610289723555,37.05853968862054],[126.77595965291292,37.058744120015895],[126.77575926211452,37.05872741037493],[126.77561907689989,37.058785992486946],[126.77534450292033,37.05866439404442],[126.77252468677321,37.05870178536179],[126.77235748886038,37.05880395791635],[126.7721774874063,37.05901648689811],[126.77216791234312,37.059221172114654],[126.77225043544485,37.05952798138885],[126.77141652465636,37.059697570219086],[126.76980728013736,37.06069940339765],[126.76966886025771,37.060811766808186],[126.7696239785771,37.06089587393947],[126.77007810113001,37.06321164769618],[126.77128928994587,37.06506231205116],[126.7715012783978,37.06595449559141],[126.77158230048468,37.066003644633795],[126.7723456623049,37.06600709446291],[126.77281332643824,37.0658387682416],[126.773178589872,37.065894940738616],[126.77325374211037,37.065850879703795],[126.77335676061183,37.06571197112769],[126.77368700370542,37.06555210837754],[126.77447281908772,37.06544576667701],[126.77529231679415,37.06559347553103],[126.77554236142106,37.0658735619149],[126.77591390880477,37.06618175647153],[126.77579596887612,37.0662617811428],[126.77574939415737,37.066740381330796],[126.77592400342071,37.066869962628225],[126.77639770681027,37.067031360565856],[126.77653484143906,37.06711919401082],[126.77663148592114,37.067233703834475],[126.77664046038605,37.06734748085446],[126.77676840389134,37.067631270483055],[126.77689111887285,37.06772414939723],[126.77718122629629,37.06771230858814],[126.77726514755221,37.067672478504925],[126.7773829025156,37.06753669381956],[126.77808549820394,37.06777680114073],[126.77827434001325,37.06778673445614],[126.77828282126258,37.06783208315158],[126.77845293432671,37.067998253779166],[126.77880500562928,37.06860234669088],[126.77938013262467,37.06845757056021],[126.77955452628836,37.068603752811484],[126.77984330374947,37.06874339814116],[126.78028522694474,37.06902889620684],[126.78033128128142,37.06914246226632],[126.78017885170696,37.06930043120885],[126.77955654831527,37.06893236421567],[126.77945778050824,37.06894231765972],[126.77919917291311,37.069179488374594],[126.77902016310826,37.069651362548115],[126.77910576109434,37.07018146642529],[126.77922534067208,37.07038470910099],[126.77979923866513,37.070667084472475],[126.7806483475222,37.07068133758641],[126.78117505369717,37.07087914552772],[126.78138116438141,37.070994125443704],[126.78132728833778,37.0710965210178],[126.78058162916332,37.07090703849882],[126.77979866104874,37.070865316951604],[126.77941357160532,37.0707880069023],[126.77931083770149,37.070830894150525],[126.77899549383493,37.07129857674232],[126.77883888885708,37.07197886455356],[126.77881581417635,37.072297850613275],[126.77888038408592,37.07250916367672],[126.77908526369627,37.07280773636151],[126.7794163450502,37.07260956398588],[126.77938546410019,37.07265286601749],[126.77946023377271,37.07286081691319],[126.77966220108898,37.07325681580922],[126.77999357436113,37.073681782327704],[126.78011105562415,37.07376619609705],[126.78021869737078,37.0739083140184],[126.78044499662106,37.07403234361138],[126.78074711494072,37.074128365343334],[126.78002831659795,37.07454573973088],[126.77924820945103,37.07410867029311],[126.77921216749877,37.07405454085474],[126.77921071916754,37.07394978885414],[126.77910273145505,37.073807390045815],[126.77899280153684,37.07372524022145],[126.77838388937622,37.07279402928097],[126.77829202451005,37.07272627739677],[126.77808245822432,37.07270815064958],[126.77798112057143,37.07257335925307],[126.77791943168795,37.07233896569899],[126.77766868544805,37.072286680861716],[126.77763153068621,37.07225310043715],[126.77815699481067,37.07131868040845],[126.777962813751,37.071028848438104],[126.77791882665731,37.07074858926787],[126.77779764523191,37.07067374293235],[126.77790328328665,37.07065704751995],[126.77793400960303,37.070605854001045],[126.77799323083251,37.068924923424454],[126.7779888688891,37.06873709802083],[126.77787031352992,37.06848232557159],[126.77764231803714,37.06834476273735],[126.77722456324551,37.06820797497633],[126.77620841539019,37.0677707191881],[126.77608984182238,37.067524674462376],[126.7756134694503,37.067014947129465],[126.7747677198023,37.06629783495176],[126.77460483998522,37.06624401820982],[126.77440286830453,37.06627996362214],[126.77234054487687,37.067124961467805],[126.77217293515046,37.06735778797653],[126.77286352662716,37.069425094730185],[126.77374606059303,37.07083132570717],[126.77371271657415,37.07087771945059],[126.77372586535361,37.07094391909037],[126.7736214713777,37.071071271715155],[126.7735919590267,37.07101264766241],[126.77334483050808,37.07086715574548],[126.77317223197032,37.07071026315489],[126.77304950997734,37.07050644072414],[126.77317744154487,37.07032253741225],[126.77312142340078,37.07019374850774],[126.77286851145051,37.06975427230025],[126.77279223820909,37.06970231471043],[126.77259443723692,37.06910553733749],[126.7725253900323,37.068988265854614],[126.77214611610479,37.06868061366252],[126.77228844595248,37.068557838662926],[126.77208242613106,37.06800891840652],[126.77178076840826,37.0676560722643],[126.77160536485376,37.06738513609272],[126.77154804597292,37.067342224882324],[126.7712928568918,37.06736847329342],[126.77115843966253,37.06725755182244],[126.77082754243357,37.06716567603487],[126.7706730429158,37.06730306637182],[126.7706098857926,37.06727310081015],[126.77058935418839,37.067091443201136],[126.77053001511806,37.06695869990223],[126.77033233875854,37.066792743879574],[126.77027749153399,37.06668901639892],[126.77044006060314,37.06603183634291],[126.7703340938227,37.065521401921266],[126.76991015340852,37.065464537390405],[126.7698747464382,37.065379436492115],[126.76986893058032,37.06504011991738],[126.76965619899389,37.064857517774975],[126.76951861363165,37.06463423557371],[126.76949785689823,37.06441286708208],[126.76786629092781,37.06434771707068],[126.76717356056174,37.06434635043569],[126.76690922244201,37.064381591200636],[126.7667379938234,37.06419034480137],[126.7665093299415,37.06410992312023],[126.7660910201543,37.06433717077898],[126.76628934401184,37.06411765000614],[126.76524362877429,37.063623086992976],[126.76474446783413,37.06346581101135],[126.7631484487157,37.06305460503803],[126.76309477206026,37.06308321317286],[126.76160698139694,37.068141378416556],[126.76447478674002,37.06877421948149],[126.7644986518673,37.06923550286623],[126.76418934248501,37.06926247551736],[126.76405828532442,37.069317124292596],[126.76394783049184,37.06941095458994],[126.76379358723399,37.069800356577275],[126.76379265565296,37.069871591486866],[126.76390262799015,37.070044700462226],[126.76383608463314,37.07019887256082],[126.76391774604701,37.070382628047746],[126.76418323708918,37.070716553694155],[126.76431765279374,37.07082664319891],[126.76448418245091,37.070893708976236],[126.76439063521003,37.071482869479645],[126.7639511816323,37.07171486092748],[126.76378056667825,37.071886290322304],[126.76367825684373,37.07224003015993],[126.76379655902971,37.072336006214286],[126.76403183893609,37.07239026113522],[126.76467521866147,37.07240590236031],[126.76480874773699,37.07212262231688],[126.76490369439918,37.07216053831385],[126.76466016697968,37.072668305314785],[126.76429174815269,37.07260224264385],[126.7638117119243,37.07260466135194],[126.76372275496256,37.07262166577215],[126.76361846645781,37.07270818409513],[126.76375499195265,37.073494065853225],[126.76390807087165,37.07376497070204],[126.76373799284737,37.073932173222055],[126.76345845103651,37.074434801833746],[126.76322872974163,37.07524417013693],[126.7632261392519,37.075622330923075],[126.76328091480151,37.07591809893099],[126.76337446906982,37.07617593539017],[126.763633781202,37.076467894081915],[126.76351915539844,37.07671207685808],[126.76361400818855,37.077678088856906],[126.76370041847007,37.07814371514467],[126.76373682091358,37.078133091981314],[126.76390050213318,37.07821704787691],[126.76397537179476,37.07821466488662],[126.7639435890512,37.078939956232915],[126.76358897824706,37.07910987982733],[126.76345086111198,37.07922252271208],[126.76338163508389,37.07933304301165],[126.7633488384686,37.079427310407326],[126.76340404577353,37.07969661286127],[126.76351026472514,37.079894771348535],[126.76288321233206,37.08014271698595],[126.76287839381327,37.08022380347838],[126.76332007648737,37.08064396346181],[126.76387798583242,37.08109701873936],[126.7642536701986,37.08126981958987],[126.76459693049826,37.080966117026364],[126.76490905370537,37.081008414110116],[126.76492641560893,37.08107771361759],[126.76507761112059,37.081280753480684],[126.76486411031289,37.081447024361175],[126.7647753139091,37.08169126114809],[126.76484095425374,37.083415236620176],[126.76492870598358,37.083847921213895],[126.7650727961741,37.08424720662337],[126.76531766525386,37.08461938174304],[126.7654255947504,37.08472321981837],[126.76571188075683,37.084887105978964],[126.76564260513638,37.08506718078259],[126.76542892790616,37.08506280807524],[126.76521073791861,37.0850987055624],[126.76513883545064,37.085164447438984],[126.76505534037605,37.08534139225545],[126.7649933763936,37.08571211814868],[126.76497524402494,37.08640054622257],[126.76481817288298,37.08639094304672],[126.7646454312462,37.08644494192822],[126.7646219580745,37.086589064282954],[126.7646893017965,37.08691583294033],[126.76509400029525,37.08794384799719],[126.76568276171514,37.08900799226641],[126.76577536591766,37.089014367326754],[126.76647331298467,37.08881977070035],[126.76663910603287,37.08868268796238],[126.76675053376844,37.08867952816694],[126.76686622245342,37.08872030545362],[126.76684051232299,37.08890919780979],[126.76689449080018,37.08918638195737],[126.76694411538953,37.08927743136414],[126.7670541880599,37.08937479162855],[126.7670076946347,37.08934766829366],[126.76690406760625,37.08955639320085],[126.76686033680896,37.08977594044453],[126.76686338413104,37.08998403696764],[126.7668984724429,37.0901170114672],[126.76709257874478,37.090487677143095],[126.76718871451807,37.090603598896905],[126.76730104620215,37.0911084148126],[126.76711243931605,37.09157377158662],[126.76696684375202,37.092110740993576],[126.76694122916221,37.092608246845494],[126.76704438585543,37.09312627966394],[126.76678829180373,37.09319081167294],[126.76658921947661,37.09328672236758],[126.76649932988202,37.09336904522374],[126.7664628556209,37.09351371165066],[126.76650899385808,37.09428279388835],[126.76666958402926,37.09452358465193],[126.7670783325466,37.09494479130799],[126.76767557404747,37.09470747053611],[126.76822629760841,37.09485272412916],[126.76828008328913,37.095136383866546],[126.76843397344297,37.095334639629456],[126.76861375408693,37.095452977916345],[126.76849793167965,37.09562478876278],[126.76845742736012,37.095881511634204],[126.7686624316865,37.09643325403266],[126.76905713259515,37.09714023175758],[126.76928726216049,37.09740818084811],[126.76919008430167,37.09757778673314],[126.76935070590322,37.09798695592308],[126.76936982873399,37.09840345294744],[126.76945698589337,37.098583835503995],[126.7697816212414,37.09887140325299],[126.76999396322078,37.09932741194867],[126.77023039028192,37.09960973251701],[126.77022359614234,37.0998211885475],[126.77027769400355,37.10012427472696],[126.7704165800109,37.100575074465254],[126.77045094548565,37.1008341954023],[126.77061888677447,37.1012154996899],[126.77067104711466,37.10122771089046],[126.77098613682587,37.101135405619594],[126.77157863712137,37.10084905641615],[126.7716704491933,37.10112209195522],[126.77146646665783,37.101382715915676],[126.77124464366746,37.10132596983679],[126.77095706471412,37.10144902641386],[126.77077708398704,37.10162044504537],[126.77061483507762,37.10226156515326],[126.77050023276973,37.102259656612794],[126.7704772987549,37.10228748215935],[126.77047000875635,37.10254709005222],[126.77032904744424,37.10294863252851],[126.77036224145672,37.10313171928016],[126.77008693391929,37.103433604734505],[126.77045739214351,37.10328649016921],[126.77046185838051,37.10332000941036],[126.77012727441306,37.10346296754582],[126.7700747266947,37.10351889386608],[126.76996059195095,37.10388331893326],[126.7699853873118,37.10405344297159],[126.77029647832336,37.10452654623133],[126.77041042952722,37.1045701261429],[126.77040489262241,37.10459686802679],[126.7702788086396,37.104558047455846],[126.77009690907988,37.10431468863467],[126.77027776518976,37.10466813749252],[126.7706574027268,37.10491638756701],[126.77080308739036,37.105102236261864],[126.77086861750388,37.105458840198835],[126.77095005976335,37.105672160537296],[126.7710606762661,37.10588918825717],[126.77134888931839,37.106201460354185],[126.77139582873413,37.106430752768105],[126.77131274977633,37.1065268965092],[126.77106070082601,37.10652020720411],[126.7709850635121,37.10630578086256],[126.77065065799493,37.10586389056014],[126.77044819017681,37.1056790689298],[126.77049692865536,37.10554822060461],[126.77052194746368,37.10529654227958],[126.7704521618188,37.10518236849506],[126.77018094278934,37.1049478439213],[126.76986191984538,37.10477066700699],[126.76984395467528,37.10454874861779],[126.76975656807478,37.10432641250671],[126.76880946389329,37.1033550746927],[126.76861580577462,37.10328373451609],[126.76813415018191,37.10335093578534],[126.7665490404607,37.103852398422426],[126.76635675760234,37.10396210816599],[126.76537581959109,37.10501298935983],[126.76544253233503,37.10566441601565],[126.76533050795953,37.10596520928066],[126.7653302367909,37.106051647830895],[126.76538477735066,37.10609174498662],[126.76564617500324,37.10603284933848],[126.76602204315773,37.10601670206827],[126.76602246486368,37.106050772137394],[126.76555510982163,37.106093489350435],[126.76513569776988,37.106259349012056],[126.76495768266648,37.10630151569327],[126.7646320749727,37.10654640437928],[126.76449328025878,37.1067488646045],[126.7644414396213,37.1072508200815],[126.76383714317635,37.10734618506944],[126.7634889638468,37.10761129954076],[126.76273680202142,37.10805299953695],[126.76259000063992,37.10822728320594],[126.76249949595261,37.108444759321344],[126.76230108212334,37.10848462846882],[126.76133187436626,37.109068634265064],[126.761476786637,37.10921619750779],[126.76067792238346,37.109685937746534],[126.76026102353147,37.110107748393894],[126.75893634846545,37.110797733470214],[126.75826094052451,37.11146031225515],[126.75850384820893,37.112794371667746],[126.75869727947047,37.11360346589843],[126.75941621645251,37.11533890868121],[126.75952828206395,37.11575558915014],[126.7594696001219,37.115912314475906],[126.75967732514344,37.11637621524445],[126.75987151249963,37.116677617629044],[126.75988366014059,37.11678155095136],[126.75997515109745,37.116872402911035],[126.76002597574542,37.11714169638648],[126.76025524042329,37.117694338424464],[126.76031821389532,37.11773811320556],[126.7604354664432,37.11801824716195],[126.76066977952138,37.118307898290915],[126.76080704674669,37.118320566710764],[126.76136324579522,37.118844305398575],[126.76133135471812,37.118977147871014],[126.76177858101182,37.119267517132954],[126.76203424028768,37.11948062714168],[126.76193889038909,37.11961278191597],[126.7620444095059,37.119824454985036],[126.76218479772164,37.11996552760959],[126.762294300525,37.120141454297],[126.76269522876768,37.12045454211312],[126.76276870520712,37.12045834747131],[126.76279294772591,37.12057496635911],[126.76284168049007,37.12062209027339],[126.7629084585866,37.12063348710839],[126.76343773374265,37.1210014513643],[126.76360827315554,37.12122818511751],[126.76359033445733,37.121286148896104],[126.7636541170449,37.12141073973376],[126.76382843626025,37.12143980575597],[126.76416068471426,37.12190423643376],[126.76417877464203,37.12202450829349],[126.76442334740172,37.122586464079816],[126.76436957032654,37.12269139216243],[126.76450285790223,37.12302307466392],[126.76465255753352,37.12311122723682],[126.76470551266557,37.12309950140931],[126.76479191583084,37.12324609536425],[126.76482617627833,37.12325461528785],[126.76473154102928,37.12332313346789],[126.76498954899141,37.123580727058076],[126.76514578800177,37.1238859919149],[126.76512691176615,37.12390594727149],[126.76545847442313,37.12414426224061],[126.76563848424401,37.12415475696963],[126.76590502089898,37.12438533535992],[126.7663381093019,37.124660168266395],[126.76660296442978,37.1248679376992],[126.76676721304281,37.12485644082074],[126.76679484974666,37.12490351256844],[126.76715682212222,37.12515089138761],[126.7675340704714,37.12557232101053],[126.76755754753151,37.12565881485884],[126.76830312864838,37.12660610204903],[126.76863843317105,37.12712543467668],[126.76886418173449,37.12730158372958],[126.76980525435603,37.1277542318181],[126.77030179859051,37.12810323333456],[126.77086328062354,37.12854894300277],[126.77126052621122,37.12900080102139],[126.77145872229238,37.129167881321294],[126.77227776760354,37.12980696154504],[126.77247772306919,37.12991406890664],[126.77235091994878,37.129569739227016],[126.77214192633487,37.129254804437025],[126.77187520683385,37.12895693962307],[126.77174223187924,37.128854755663944],[126.77203110946199,37.12857007711238],[126.77204991618748,37.12851379877377],[126.77195086997885,37.12788905953125],[126.77189168124661,37.12786979630994],[126.77211191823329,37.12766100793073],[126.77214084220628,37.12751436358545],[126.77282543902996,37.127720953554594],[126.77297046591113,37.12778993908128],[126.77396476158914,37.12803598332159],[126.77435340130116,37.128194980636096],[126.77424003755353,37.12835695217226],[126.77452617786327,37.12886828113344],[126.77469404460243,37.129060077522006],[126.77501683015353,37.12925582608395],[126.77530294222062,37.12954133100653],[126.77574612701713,37.129692822149956],[126.77637089422468,37.13211869151684],[126.77657206317475,37.13223508416919],[126.77807494712533,37.132906110145626],[126.78252832289395,37.134873084739795],[126.78263779502167,37.13490031732455],[126.7833720631104,37.13462037208711],[126.7835027593309,37.13454543720823],[126.78656362362919,37.13253012572821],[126.78662713614791,37.13239649745357],[126.78723319787717,37.12961249090337],[126.79501154450485,37.128744947487455],[126.79504377925709,37.128871269829325],[126.79525759333505,37.12885575448677],[126.79555334822071,37.130376039594616],[126.7956862890589,37.13035271325421],[126.79555774029353,37.1306718997198],[126.79526742212452,37.13074066864917],[126.79508821795254,37.13081553994199],[126.7951048365138,37.13084513247464],[126.79561568323881,37.130705510088255],[126.79575791120354,37.13033379184709],[126.79589760443935,37.1320518454888],[126.79595292562395,37.13389554492047],[126.79602294042854,37.134144583358506],[126.79611483189036,37.13430214768175],[126.79624635939875,37.134435280232815],[126.80136549168967,37.1383562888464],[126.80157290836054,37.13839408608342],[126.8062446950195,37.13819491841012],[126.80663708232126,37.13810208137152],[126.80674898078482,37.13842579663086],[126.8068300890207,37.13854672492431],[126.8069194126039,37.13841649789678],[126.8070922740655,37.13869498158094],[126.80754183439373,37.139078954724724],[126.80785422727614,37.139259954612164],[126.808296549407,37.13924490764129],[126.80905401009154,37.139088176234985],[126.8092694000237,37.139104006813575],[126.80930306897457,37.13927948652084],[126.81015655700179,37.13975279378065],[126.81174193559785,37.139113621689454]]],[[[126.76228182802906,37.122149656414194],[126.76288628767107,37.122041063501705],[126.76304781378276,37.12205575117051],[126.7630197131713,37.12187773531575],[126.76295274626888,37.12187168146266],[126.76287773969598,37.121737498534536],[126.76279798942038,37.12171509899538],[126.76241077346,37.121735999584054],[126.76213360439408,37.12170418237438],[126.76193666416327,37.12171223723705],[126.76183241678693,37.12176411643779],[126.76188625951215,37.12186474703467],[126.7618676563923,37.1219655186509],[126.76195509449539,37.12205973805481],[126.76204543510322,37.12223619410586],[126.76228182802906,37.122149656414194]]],[[[126.73087649254816,37.046392279050366],[126.73140664998995,37.045528742628214],[126.73066395512399,37.04555380280057],[126.73006187721764,37.04579233608635],[126.7299185965123,37.04602599694922],[126.73012071411762,37.04623737094159],[126.73087649254816,37.046392279050366]]]]}}]}