{
  "type": "FeatureCollection",
  "generator": "overpass-turbo",
  "copyright": "The data included in this document is from www.openstreetmap.org. The data is made available under ODbL.",
  "timestamp": "2026-05-20T01:54:11Z",
  "features": [
    {
      "type": "Feature",
      "properties": {
        "@id": "way/468415961",
        "amenity": "fire_station",
        "building": "yes",
        "name": "봉담119안전센터",
        "name:ko": "봉담119안전센터"
      },
      "geometry": {
        "type": "Polygon",
        "coordinates": [
          [
            [
              126.9499479,
              37.2194134
            ],
            [
              126.9498257,
              37.2193272
            ],
            [
              126.9499271,
              37.219236
            ],
            [
              126.9500493,
              37.2193222
            ],
            [
              126.9499479,
              37.2194134
            ]
          ]
        ]
      },
      "id": "way/468415961"
    },
    {
      "type": "Feature",
      "properties": {
        "@id": "way/468415962",
        "amenity": "library",
        "building": "yes",
        "internet_access": "wlan",
        "internet_access:fee": "yes",
        "name": "화성시립 봉담도서관",
        "name:ko": "화성시립 봉담도서관"
      },
      "geometry": {
        "type": "Polygon",
        "coordinates": [
          [
            [
              126.949105,
              37.2196935
            ],
            [
              126.9487196,
              37.2194233
            ],
            [
              126.9489933,
              37.2191758
            ],
            [
              126.9493811,
              37.2194476
            ],
            [
              126.9492888,
              37.2195311
            ],
            [
              126.9490692,
              37.2193771
            ],
            [
              126.9489729,
              37.2194642
            ],
            [
              126.9491902,
              37.2196165
            ],
            [
              126.949105,
              37.2196935
            ]
          ]
        ]
      },
      "id": "way/468415962"
    },
    {
      "type": "Feature",
      "properties": {
        "@id": "way/503661689",
        "building": "apartments",
        "building:levels": "20",
        "name": "101동"
      },
      "geometry": {
        "type": "Polygon",
        "coordinates": [
          [
            [
              126.9478833,
              37.2173774
            ],
            [
              126.9477065,
              37.2167953
            ],
            [
              126.9478512,
              37.2167675
            ],
            [
              126.948028,
              37.2173496
            ],
            [
              126.9478833,
              37.2173774
            ]
          ]
        ]
      },
      "id": "way/503661689"
    },
    {
      "type": "Feature",
      "properties": {
        "@id": "way/503661690",
        "building": "apartments",
        "building:levels": "20",
        "name": "104동"
      },
      "geometry": {
        "type": "Polygon",
        "coordinates": [
          [
            [
              126.9476528,
              37.2166254
            ],
            [
              126.9475272,
              37.2162261
            ],
            [
              126.9476614,
              37.2161993
            ],
            [
              126.9477869,
              37.2165986
            ],
            [
              126.9476528,
              37.2166254
            ]
          ]
        ]
      },
      "id": "way/503661690"
    },
    {
      "type": "Feature",
      "properties": {
        "@id": "way/503661691",
        "building": "apartments",
        "building:levels": "20",
        "name": "103동"
      },
      "geometry": {
        "type": "Polygon",
        "coordinates": [
          [
            [
              126.9471296,
              37.2168668
            ],
            [
              126.9471001,
              37.2167555
            ],
            [
              126.9476822,
              37.2166575
            ],
            [
              126.9477118,
              37.2167688
            ],
            [
              126.9471296,
              37.2168668
            ]
          ]
        ]
      },
      "id": "way/503661691"
    },
    {
      "type": "Feature",
      "properties": {
        "@id": "way/503661692",
        "building": "apartments",
        "building:levels": "20",
        "name": "102동"
      },
      "geometry": {
        "type": "Polygon",
        "coordinates": [
          [
            [
              126.9478534,
              37.2167354
            ],
            [
              126.9478251,
              37.2166306
            ],
            [
              126.9486104,
              37.2164963
            ],
            [
              126.9486387,
              37.2166011
            ],
            [
              126.9478534,
              37.2167354
            ]
          ]
        ]
      },
      "id": "way/503661692"
    },
    {
      "type": "Feature",
      "properties": {
        "@id": "way/503661693",
        "building": "apartments",
        "building:levels": "20",
        "name": "105동"
      },
      "geometry": {
        "type": "Polygon",
        "coordinates": [
          [
            [
              126.9476544,
              37.2161563
            ],
            [
              126.9476313,
              37.2160625
            ],
            [
              126.9484366,
              37.2159368
            ],
            [
              126.9484597,
              37.2160306
            ],
            [
              126.9476544,
              37.2161563
            ]
          ]
        ]
      },
      "id": "way/503661693"
    },
    {
      "type": "Feature",
      "properties": {
        "@id": "way/503661694",
        "building": "apartments",
        "building:levels": "20",
        "name": "106동"
      },
      "geometry": {
        "type": "Polygon",
        "coordinates": [
          [
            [
              126.9467144,
              37.2163629
            ],
            [
              126.9466912,
              37.2162661
            ],
            [
              126.9469597,
              37.2162253
            ],
            [
              126.9469475,
              37.2161742
            ],
            [
              126.9474883,
              37.216092
            ],
            [
              126.9475121,
              37.2161913
            ],
            [
              126.9469838,
              37.2162716
            ],
            [
              126.9469955,
              37.2163202
            ],
            [
              126.9467144,
              37.2163629
            ]
          ]
        ]
      },
      "id": "way/503661694"
    },
    {
      "type": "Feature",
      "properties": {
        "@id": "way/620332823",
        "building": "retail",
        "building:levels": "2",
        "name": "상가동"
      },
      "geometry": {
        "type": "Polygon",
        "coordinates": [
          [
            [
              126.9481639,
              37.2174078
            ],
            [
              126.9480805,
              37.217351
            ],
            [
              126.9481741,
              37.2172638
            ],
            [
              126.9480243,
              37.2171619
            ],
            [
              126.9480907,
              37.2171
            ],
            [
              126.9483239,
              37.2172587
            ],
            [
              126.9481639,
              37.2174078
            ]
          ]
        ]
      },
      "id": "way/620332823"
    },
    {
      "type": "Feature",
      "properties": {
        "@id": "way/620332824",
        "building": "yes",
        "building:levels": "2",
        "name": "관리동"
      },
      "geometry": {
        "type": "Polygon",
        "coordinates": [
          [
            [
              126.9482187,
              37.2169907
            ],
            [
              126.9481957,
              37.2168801
            ],
            [
              126.9484377,
              37.2168481
            ],
            [
              126.9484607,
              37.2169587
            ],
            [
              126.948286,
              37.2169818
            ],
            [
              126.9482187,
              37.2169907
            ]
          ]
        ]
      },
      "id": "way/620332824"
    },
    {
      "type": "Feature",
      "properties": {
        "@id": "way/620332825",
        "building": "yes",
        "building:levels": "1",
        "name": "경비실"
      },
      "geometry": {
        "type": "Polygon",
        "coordinates": [
          [
            [
              126.9482187,
              37.2169907
            ],
            [
              126.948286,
              37.2169818
            ],
            [
              126.9482956,
              37.2170277
            ],
            [
              126.9482291,
              37.217037
            ],
            [
              126.9482187,
              37.2169907
            ]
          ]
        ]
      },
      "id": "way/620332825"
    },
    {
      "type": "Feature",
      "properties": {
        "@id": "way/620332826",
        "building": "yes",
        "building:levels": "1",
        "name": "경비실"
      },
      "geometry": {
        "type": "Polygon",
        "coordinates": [
          [
            [
              126.9475791,
              37.2172446
            ],
            [
              126.9475531,
              37.2171863
            ],
            [
              126.947622,
              37.2171668
            ],
            [
              126.947648,
              37.2172251
            ],
            [
              126.9475791,
              37.2172446
            ]
          ]
        ]
      },
      "id": "way/620332826"
    },
    {
      "type": "Feature",
      "properties": {
        "@id": "way/620332827",
        "building": "yes",
        "building:levels": "1",
        "name": "경비실"
      },
      "geometry": {
        "type": "Polygon",
        "coordinates": [
          [
            [
              126.947267,
              37.2164646
            ],
            [
              126.9472479,
              37.2164005
            ],
            [
              126.9473145,
              37.2163879
            ],
            [
              126.9473337,
              37.216452
            ],
            [
              126.947267,
              37.2164646
            ]
          ]
        ]
      },
      "id": "way/620332827"
    },
    {
      "type": "Feature",
      "properties": {
        "@id": "way/620332828",
        "building": "yes",
        "building:levels": "1",
        "name": "경비실"
      },
      "geometry": {
        "type": "Polygon",
        "coordinates": [
          [
            [
              126.9478963,
              37.2163629
            ],
            [
              126.9478782,
              37.21629
            ],
            [
              126.9479503,
              37.2162786
            ],
            [
              126.9479684,
              37.2163515
            ],
            [
              126.9478963,
              37.2163629
            ]
          ]
        ]
      },
      "id": "way/620332828"
    },
    {
      "type": "Feature",
      "properties": {
        "@id": "way/620336114",
        "building": "apartments",
        "building:levels": "18",
        "name": "106동"
      },
      "geometry": {
        "type": "Polygon",
        "coordinates": [
          [
            [
              126.9459237,
              37.2169511
            ],
            [
              126.9462474,
              37.2166501
            ],
            [
              126.9463439,
              37.2167159
            ],
            [
              126.9460202,
              37.2170169
            ],
            [
              126.9459237,
              37.2169511
            ]
          ]
        ]
      },
      "id": "way/620336114"
    },
    {
      "type": "Feature",
      "properties": {
        "@id": "way/620336115",
        "building": "apartments",
        "building:levels": "17",
        "name": "107동"
      },
      "geometry": {
        "type": "Polygon",
        "coordinates": [
          [
            [
              126.9455106,
              37.2170247
            ],
            [
              126.9456519,
              37.2168969
            ],
            [
              126.9458142,
              37.2170106
            ],
            [
              126.9457592,
              37.2170604
            ],
            [
              126.9456705,
              37.2169982
            ],
            [
              126.9455841,
              37.2170762
            ],
            [
              126.9455106,
              37.2170247
            ]
          ]
        ]
      },
      "id": "way/620336115"
    },
    {
      "type": "Feature",
      "properties": {
        "@id": "way/620336116",
        "building": "apartments",
        "building:levels": "18",
        "name": "104동"
      },
      "geometry": {
        "type": "Polygon",
        "coordinates": [
          [
            [
              126.9464398,
              37.2173036
            ],
            [
              126.9467621,
              37.2170219
            ],
            [
              126.9468576,
              37.2170911
            ],
            [
              126.9465352,
              37.2173728
            ],
            [
              126.9464398,
              37.2173036
            ]
          ]
        ]
      },
      "id": "way/620336116"
    },
    {
      "type": "Feature",
      "properties": {
        "@id": "way/620336117",
        "building": "apartments",
        "building:levels": "20",
        "name": "105동"
      },
      "geometry": {
        "type": "Polygon",
        "coordinates": [
          [
            [
              126.9458924,
              37.2175004
            ],
            [
              126.946038,
              37.2173711
            ],
            [
              126.9461991,
              37.2174862
            ],
            [
              126.946138,
              37.2175404
            ],
            [
              126.9460558,
              37.2174817
            ],
            [
              126.9459713,
              37.2175567
            ],
            [
              126.9458924,
              37.2175004
            ]
          ]
        ]
      },
      "id": "way/620336117"
    },
    {
      "type": "Feature",
      "properties": {
        "@id": "way/620336118",
        "building": "apartments",
        "building:levels": "20",
        "name": "103동"
      },
      "geometry": {
        "type": "Polygon",
        "coordinates": [
          [
            [
              126.9465028,
              37.2176773
            ],
            [
              126.9466478,
              37.2175477
            ],
            [
              126.9468374,
              37.2176821
            ],
            [
              126.9467826,
              37.2177311
            ],
            [
              126.9466654,
              37.217648
            ],
            [
              126.9465752,
              37.2177286
            ],
            [
              126.9465028,
              37.2176773
            ]
          ]
        ]
      },
      "id": "way/620336118"
    },
    {
      "type": "Feature",
      "properties": {
        "@id": "way/620336119",
        "building": "apartments",
        "building:levels": "18",
        "name": "102동"
      },
      "geometry": {
        "type": "Polygon",
        "coordinates": [
          [
            [
              126.946927,
              37.2177071
            ],
            [
              126.9472945,
              37.2173861
            ],
            [
              126.9473889,
              37.2174547
            ],
            [
              126.9470213,
              37.2177756
            ],
            [
              126.946927,
              37.2177071
            ]
          ]
        ]
      },
      "id": "way/620336119"
    },
    {
      "type": "Feature",
      "properties": {
        "@id": "way/620336120",
        "building": "apartments",
        "building:levels": "17",
        "name": "101동"
      },
      "geometry": {
        "type": "Polygon",
        "coordinates": [
          [
            [
              126.9467513,
              37.2181342
            ],
            [
              126.9468944,
              37.2180075
            ],
            [
              126.9470936,
              37.218134
            ],
            [
              126.9470315,
              37.218196
            ],
            [
              126.9469213,
              37.2181232
            ],
            [
              126.9468403,
              37.2181909
            ],
            [
              126.9467513,
              37.2181342
            ]
          ]
        ]
      },
      "id": "way/620336120"
    },
    {
      "type": "Feature",
      "properties": {
        "@id": "way/620336121",
        "building": "yes",
        "building:levels": "1",
        "name": "상가동"
      },
      "geometry": {
        "type": "Polygon",
        "coordinates": [
          [
            [
              126.947117,
              37.218018
            ],
            [
              126.9471987,
              37.2179361
            ],
            [
              126.947389,
              37.2180561
            ],
            [
              126.9473015,
              37.2181435
            ],
            [
              126.947117,
              37.218018
            ]
          ]
        ]
      },
      "id": "way/620336121"
    },
    {
      "type": "Feature",
      "properties": {
        "@id": "way/620563061",
        "addr:city": "화성시",
        "addr:district": "효행구",
        "addr:housenumber": "14",
        "addr:postcode": "18316",
        "addr:province": "경기도",
        "addr:street": "샘마을길",
        "addr:subdistrict": "상리",
        "addr:town": "봉담읍",
        "building": "retail",
        "building:levels": "1",
        "name": "한마음마트"
      },
      "geometry": {
        "type": "Polygon",
        "coordinates": [
          [
            [
              126.9490384,
              37.218514
            ],
            [
              126.9492978,
              37.2182836
            ],
            [
              126.9494269,
              37.2183758
            ],
            [
              126.9491676,
              37.2186062
            ],
            [
              126.9490384,
              37.218514
            ]
          ]
        ]
      },
      "id": "way/620563061"
    },
    {
      "type": "Feature",
      "properties": {
        "@id": "way/620563062",
        "addr:city": "화성시",
        "addr:district": "효행구",
        "addr:housenumber": "16",
        "addr:postcode": "18316",
        "addr:province": "경기도",
        "addr:street": "샘마을길",
        "addr:subdistrict": "상리",
        "addr:town": "봉담읍",
        "building": "retail",
        "building:levels": "1"
      },
      "geometry": {
        "type": "Polygon",
        "coordinates": [
          [
            [
              126.9494431,
              37.218612
            ],
            [
              126.9494075,
              37.2185758
            ],
            [
              126.9494235,
              37.2185186
            ],
            [
              126.9494591,
              37.2184964
            ],
            [
              126.9495235,
              37.2185618
            ],
            [
              126.9494431,
              37.218612
            ]
          ]
        ]
      },
      "id": "way/620563062"
    },
    {
      "type": "Feature",
      "properties": {
        "@id": "way/620563063",
        "building": "retail",
        "building:levels": "1"
      },
      "geometry": {
        "type": "Polygon",
        "coordinates": [
          [
            [
              126.949449,
              37.2184754
            ],
            [
              126.9495125,
              37.2184315
            ],
            [
              126.9495623,
              37.2184772
            ],
            [
              126.9494988,
              37.2185211
            ],
            [
              126.949449,
              37.2184754
            ]
          ]
        ]
      },
      "id": "way/620563063"
    },
    {
      "type": "Feature",
      "properties": {
        "@id": "way/620563064",
        "addr:city": "화성시",
        "addr:district": "효행구",
        "addr:housenumber": "18",
        "addr:postcode": "18316",
        "addr:province": "경기도",
        "addr:street": "샘마을길",
        "addr:subdistrict": "상리",
        "addr:town": "봉담읍",
        "building": "retail",
        "building:levels": "1"
      },
      "geometry": {
        "type": "Polygon",
        "coordinates": [
          [
            [
              126.9495796,
              37.2184784
            ],
            [
              126.9495262,
              37.2184189
            ],
            [
              126.9497173,
              37.2183102
            ],
            [
              126.9497268,
              37.2183208
            ],
            [
              126.949807,
              37.2182752
            ],
            [
              126.9498573,
              37.2183312
            ],
            [
              126.9498003,
              37.2183636
            ],
            [
              126.9498194,
              37.2183849
            ],
            [
              126.949632,
              37.2184914
            ],
            [
              126.9496066,
              37.2184631
            ],
            [
              126.9495796,
              37.2184784
            ]
          ]
        ]
      },
      "id": "way/620563064"
    },
    {
      "type": "Feature",
      "properties": {
        "@id": "way/620563074",
        "building": "apartments",
        "building:levels": "19",
        "name": "101동"
      },
      "geometry": {
        "type": "Polygon",
        "coordinates": [
          [
            [
              126.9494266,
              37.2176208
            ],
            [
              126.9495128,
              37.2175538
            ],
            [
              126.9498065,
              37.2177934
            ],
            [
              126.9501445,
              37.2175307
            ],
            [
              126.9502362,
              37.2176056
            ],
            [
              126.9499131,
              37.2178567
            ],
            [
              126.9498406,
              37.2177976
            ],
            [
              126.9497395,
              37.2178762
            ],
            [
              126.9494266,
              37.2176208
            ]
          ]
        ]
      },
      "id": "way/620563074"
    },
    {
      "type": "Feature",
      "properties": {
        "@id": "way/620563075",
        "building": "apartments",
        "building:levels": "19",
        "name": "102동"
      },
      "geometry": {
        "type": "Polygon",
        "coordinates": [
          [
            [
              126.9494562,
              37.21697
            ],
            [
              126.9495626,
              37.2168884
            ],
            [
              126.9501719,
              37.2173922
            ],
            [
              126.9500642,
              37.2174748
            ],
            [
              126.9497313,
              37.2171996
            ],
            [
              126.9494323,
              37.217429
            ],
            [
              126.9493323,
              37.2173463
            ],
            [
              126.9496327,
              37.2171159
            ],
            [
              126.9494562,
              37.21697
            ]
          ]
        ]
      },
      "id": "way/620563075"
    },
    {
      "type": "Feature",
      "properties": {
        "@id": "way/620563076",
        "building": "apartments",
        "building:levels": "20",
        "name": "103동"
      },
      "geometry": {
        "type": "Polygon",
        "coordinates": [
          [
            [
              126.9491751,
              37.2163242
            ],
            [
              126.9492646,
              37.2162494
            ],
            [
              126.9497021,
              37.2165812
            ],
            [
              126.9494334,
              37.2168059
            ],
            [
              126.949335,
              37.2167313
            ],
            [
              126.9495143,
              37.2165814
            ],
            [
              126.9491751,
              37.2163242
            ]
          ]
        ]
      },
      "id": "way/620563076"
    },
    {
      "type": "Feature",
      "properties": {
        "@id": "way/620563077",
        "building": "apartments",
        "building:levels": "13",
        "name": "104동"
      },
      "geometry": {
        "type": "Polygon",
        "coordinates": [
          [
            [
              126.9490007,
              37.2160043
            ],
            [
              126.9490934,
              37.2159214
            ],
            [
              126.9492576,
              37.2160377
            ],
            [
              126.9491649,
              37.2161206
            ],
            [
              126.9490007,
              37.2160043
            ]
          ]
        ]
      },
      "id": "way/620563077"
    },
    {
      "type": "Feature",
      "properties": {
        "@id": "way/620563078",
        "building": "apartments",
        "building:levels": "20",
        "name": "105동"
      },
      "geometry": {
        "type": "Polygon",
        "coordinates": [
          [
            [
              126.9493127,
              37.2160698
            ],
            [
              126.9495987,
              37.2158483
            ],
            [
              126.9496579,
              37.2158968
            ],
            [
              126.949742,
              37.2158317
            ],
            [
              126.9500546,
              37.2160877
            ],
            [
              126.949966,
              37.2161563
            ],
            [
              126.9496709,
              37.2159146
            ],
            [
              126.9493894,
              37.2161326
            ],
            [
              126.9493127,
              37.2160698
            ]
          ]
        ]
      },
      "id": "way/620563078"
    },
    {
      "type": "Feature",
      "properties": {
        "@id": "way/620563079",
        "building": "yes"
      },
      "geometry": {
        "type": "Polygon",
        "coordinates": [
          [
            [
              126.9497094,
              37.2167801
            ],
            [
              126.949799,
              37.2167033
            ],
            [
              126.9499393,
              37.216807
            ],
            [
              126.9498497,
              37.2168838
            ],
            [
              126.9497094,
              37.2167801
            ]
          ]
        ]
      },
      "id": "way/620563079"
    },
    {
      "type": "Feature",
      "properties": {
        "@id": "way/620563080",
        "building": "retail",
        "building:levels": "2",
        "name": "상가동"
      },
      "geometry": {
        "type": "Polygon",
        "coordinates": [
          [
            [
              126.9498572,
              37.2180248
            ],
            [
              126.9500835,
              37.2178411
            ],
            [
              126.950173,
              37.217911
            ],
            [
              126.9499468,
              37.2180948
            ],
            [
              126.9498572,
              37.2180248
            ]
          ]
        ]
      },
      "id": "way/620563080"
    },
    {
      "type": "Feature",
      "properties": {
        "@id": "way/620563090",
        "addr:city": "화성시",
        "addr:district": "효행구",
        "addr:housenumber": "22-13",
        "addr:postcode": "18315",
        "addr:province": "경기도",
        "addr:street": "샘마을길",
        "addr:subdistrict": "상리",
        "addr:town": "봉담읍",
        "building": "kindergarten",
        "building:levels": "3",
        "name": "비손유치원"
      },
      "geometry": {
        "type": "Polygon",
        "coordinates": [
          [
            [
              126.9488597,
              37.2174625
            ],
            [
              126.9489742,
              37.2173448
            ],
            [
              126.9490184,
              37.2173721
            ],
            [
              126.9490365,
              37.2173535
            ],
            [
              126.9490632,
              37.21737
            ],
            [
              126.9490818,
              37.2173509
            ],
            [
              126.9491277,
              37.2173792
            ],
            [
              126.9489765,
              37.2175346
            ],
            [
              126.9488597,
              37.2174625
            ]
          ]
        ]
      },
      "id": "way/620563090"
    },
    {
      "type": "Feature",
      "properties": {
        "@id": "way/620563091",
        "addr:city": "화성시",
        "addr:district": "효행구",
        "addr:housenumber": "22-27",
        "addr:postcode": "18315",
        "addr:province": "경기도",
        "addr:street": "샘마을길",
        "addr:subdistrict": "상리",
        "addr:town": "봉담읍",
        "building": "residential",
        "name": "성실빌 하우스"
      },
      "geometry": {
        "type": "Polygon",
        "coordinates": [
          [
            [
              126.9487492,
              37.2170862
            ],
            [
              126.9488272,
              37.217139
            ],
            [
              126.9486666,
              37.2172896
            ],
            [
              126.9486442,
              37.2172642
            ],
            [
              126.948641,
              37.2171877
            ],
            [
              126.9487492,
              37.2170862
            ]
          ]
        ]
      },
      "id": "way/620563091"
    },
    {
      "type": "Feature",
      "properties": {
        "@id": "way/620563092",
        "addr:city": "화성시",
        "addr:district": "효행구",
        "addr:housenumber": "1256-23",
        "addr:postcode": "18315",
        "addr:province": "경기도",
        "addr:street": "삼천병마로",
        "addr:subdistrict": "상리",
        "addr:town": "봉담읍",
        "building": "residential",
        "name": "Min House"
      },
      "geometry": {
        "type": "Polygon",
        "coordinates": [
          [
            [
              126.9487774,
              37.2170686
            ],
            [
              126.9488673,
              37.2169732
            ],
            [
              126.9488977,
              37.2169913
            ],
            [
              126.948941,
              37.2169454
            ],
            [
              126.9489915,
              37.2169756
            ],
            [
              126.9488583,
              37.2171169
            ],
            [
              126.9487774,
              37.2170686
            ]
          ]
        ]
      },
      "id": "way/620563092"
    },
    {
      "type": "Feature",
      "properties": {
        "@id": "way/620563093",
        "addr:city": "화성시",
        "addr:district": "효행구",
        "addr:housenumber": "22-15",
        "addr:postcode": "18315",
        "addr:province": "경기도",
        "addr:street": "샘마을길",
        "addr:subdistrict": "상리",
        "addr:town": "봉담읍",
        "building": "residential",
        "building:levels": "6",
        "name": "성실빌하우스"
      },
      "geometry": {
        "type": "Polygon",
        "coordinates": [
          [
            [
              126.9487031,
              37.2173124
            ],
            [
              126.9487855,
              37.2172395
            ],
            [
              126.9488876,
              37.2173127
            ],
            [
              126.9488051,
              37.2173856
            ],
            [
              126.9487031,
              37.2173124
            ]
          ]
        ]
      },
      "id": "way/620563093"
    },
    {
      "type": "Feature",
      "properties": {
        "@id": "way/620563094",
        "addr:city": "화성시",
        "addr:district": "효행구",
        "addr:housenumber": "22-23",
        "addr:postcode": "18315",
        "addr:province": "경기도",
        "addr:street": "샘마을길",
        "addr:subdistrict": "상리",
        "addr:town": "봉담읍",
        "building": "residential"
      },
      "geometry": {
        "type": "Polygon",
        "coordinates": [
          [
            [
              126.9488,
              37.2172078
            ],
            [
              126.9489062,
              37.2171067
            ],
            [
              126.9489939,
              37.2171652
            ],
            [
              126.9488877,
              37.2172663
            ],
            [
              126.9488,
              37.2172078
            ]
          ]
        ]
      },
      "id": "way/620563094"
    },
    {
      "type": "Feature",
      "properties": {
        "@id": "way/620563095",
        "addr:city": "화성시",
        "addr:district": "효행구",
        "addr:housenumber": "22-21",
        "addr:postcode": "18315",
        "addr:province": "경기도",
        "addr:street": "샘마을길",
        "addr:subdistrict": "상리",
        "addr:town": "봉담읍",
        "building": "residential",
        "building:levels": "6"
      },
      "geometry": {
        "type": "Polygon",
        "coordinates": [
          [
            [
              126.9489488,
              37.2170575
            ],
            [
              126.949044,
              37.2169613
            ],
            [
              126.9491344,
              37.217018
            ],
            [
              126.9490392,
              37.2171142
            ],
            [
              126.9489488,
              37.2170575
            ]
          ]
        ]
      },
      "id": "way/620563095"
    },
    {
      "type": "Feature",
      "properties": {
        "@id": "way/620563100",
        "building": "school",
        "name": "봉담초등학교"
      },
      "geometry": {
        "type": "Polygon",
        "coordinates": [
          [
            [
              126.946425,
              37.2227487
            ],
            [
              126.9475056,
              37.2228189
            ],
            [
              126.9475499,
              37.2223861
            ],
            [
              126.9477999,
              37.2224023
            ],
            [
              126.9477386,
              37.2230019
            ],
            [
              126.9465603,
              37.2229254
            ],
            [
              126.946546,
              37.2230652
            ],
            [
              126.9463936,
              37.2230553
            ],
            [
              126.946425,
              37.2227487
            ]
          ]
        ]
      },
      "id": "way/620563100"
    },
    {
      "type": "Feature",
      "properties": {
        "@id": "way/620563101",
        "building": "apartments",
        "name": "103동"
      },
      "geometry": {
        "type": "Polygon",
        "coordinates": [
          [
            [
              126.9485265,
              37.2229456
            ],
            [
              126.9490681,
              37.2229419
            ],
            [
              126.9490674,
              37.2228764
            ],
            [
              126.9495907,
              37.2228729
            ],
            [
              126.9495917,
              37.2229746
            ],
            [
              126.9490727,
              37.2229781
            ],
            [
              126.9490735,
              37.2230533
            ],
            [
              126.9485277,
              37.223057
            ],
            [
              126.9485265,
              37.2229456
            ]
          ]
        ]
      },
      "id": "way/620563101"
    },
    {
      "type": "Feature",
      "properties": {
        "@id": "way/620563102",
        "building": "apartments",
        "name": "107동"
      },
      "geometry": {
        "type": "Polygon",
        "coordinates": [
          [
            [
              126.949174,
              37.2223354
            ],
            [
              126.9497023,
              37.2223339
            ],
            [
              126.9497027,
              37.2224354
            ],
            [
              126.9491744,
              37.2224369
            ],
            [
              126.949174,
              37.2223354
            ]
          ]
        ]
      },
      "id": "way/620563102"
    },
    {
      "type": "Feature",
      "properties": {
        "@id": "way/620563103",
        "building": "apartments",
        "name": "108동"
      },
      "geometry": {
        "type": "Polygon",
        "coordinates": [
          [
            [
              126.9500093,
              37.2223337
            ],
            [
              126.9508365,
              37.2223349
            ],
            [
              126.9508363,
              37.2224435
            ],
            [
              126.950009,
              37.2224423
            ],
            [
              126.9500093,
              37.2223337
            ]
          ]
        ]
      },
      "id": "way/620563103"
    },
    {
      "type": "Feature",
      "properties": {
        "@id": "way/620563104",
        "building": "apartments",
        "name": "105동"
      },
      "geometry": {
        "type": "Polygon",
        "coordinates": [
          [
            [
              126.9497389,
              37.2224813
            ],
            [
              126.9498743,
              37.2224839
            ],
            [
              126.9498635,
              37.2228336
            ],
            [
              126.9497281,
              37.222831
            ],
            [
              126.9497389,
              37.2224813
            ]
          ]
        ]
      },
      "id": "way/620563104"
    },
    {
      "type": "Feature",
      "properties": {
        "@id": "way/620563105",
        "building": "apartments",
        "name": "104동"
      },
      "geometry": {
        "type": "Polygon",
        "coordinates": [
          [
            [
              126.9499066,
              37.2228752
            ],
            [
              126.9507099,
              37.2228863
            ],
            [
              126.9507073,
              37.2230035
            ],
            [
              126.9499041,
              37.2229924
            ],
            [
              126.9499066,
              37.2228752
            ]
          ]
        ]
      },
      "id": "way/620563105"
    },
    {
      "type": "Feature",
      "properties": {
        "@id": "way/620563106",
        "building": "apartments",
        "name": "106동"
      },
      "geometry": {
        "type": "Polygon",
        "coordinates": [
          [
            [
              126.9508386,
              37.2225109
            ],
            [
              126.9509975,
              37.2225188
            ],
            [
              126.9509696,
              37.2228771
            ],
            [
              126.9508107,
              37.2228693
            ],
            [
              126.9508386,
              37.2225109
            ]
          ]
        ]
      },
      "id": "way/620563106"
    },
    {
      "type": "Feature",
      "properties": {
        "@id": "way/620563107",
        "building": "apartments",
        "name": "102동"
      },
      "geometry": {
        "type": "Polygon",
        "coordinates": [
          [
            [
              126.9496682,
              37.2229513
            ],
            [
              126.9498096,
              37.2229547
            ],
            [
              126.9498002,
              37.2232067
            ],
            [
              126.9497922,
              37.2234196
            ],
            [
              126.9496508,
              37.2234162
            ],
            [
              126.9496682,
              37.2229513
            ]
          ]
        ]
      },
      "id": "way/620563107"
    },
    {
      "type": "Feature",
      "properties": {
        "@id": "way/620563108",
        "building": "apartments",
        "name": "101동"
      },
      "geometry": {
        "type": "Polygon",
        "coordinates": [
          [
            [
              126.9498253,
              37.2234439
            ],
            [
              126.9508105,
              37.2234624
            ],
            [
              126.950807,
              37.2235802
            ],
            [
              126.9498218,
              37.2235616
            ],
            [
              126.9498253,
              37.2234439
            ]
          ]
        ]
      },
      "id": "way/620563108"
    },
    {
      "type": "Feature",
      "properties": {
        "@id": "way/620618109",
        "addr:city": "화성시",
        "addr:district": "효행구",
        "addr:housenumber": "1256-3",
        "addr:postcode": "18316",
        "addr:province": "경기도",
        "addr:street": "삼천병마로",
        "addr:subdistrict": "상리",
        "addr:town": "봉담읍",
        "building": "commercial",
        "building:levels": "4",
        "name": "대정빌딩"
      },
      "geometry": {
        "type": "Polygon",
        "coordinates": [
          [
            [
              126.947158,
              37.2185217
            ],
            [
              126.9472952,
              37.2183857
            ],
            [
              126.947423,
              37.2184675
            ],
            [
              126.9473416,
              37.2185482
            ],
            [
              126.9474877,
              37.2186417
            ],
            [
              126.947381,
              37.2187474
            ],
            [
              126.947165,
              37.2186091
            ],
            [
              126.947158,
              37.2185217
            ]
          ]
        ]
      },
      "id": "way/620618109"
    },
    {
      "type": "Feature",
      "properties": {
        "@id": "way/620618110",
        "addr:city": "화성시",
        "addr:district": "효행구",
        "addr:housenumber": "1256-5",
        "addr:postcode": "18316",
        "addr:province": "경기도",
        "addr:street": "삼천병마로",
        "addr:subdistrict": "상리",
        "addr:town": "봉담읍",
        "building": "commercial",
        "building:levels": "14"
      },
      "geometry": {
        "type": "Polygon",
        "coordinates": [
          [
            [
              126.9473248,
              37.2183359
            ],
            [
              126.9474883,
              37.2182503
            ],
            [
              126.947641,
              37.2184512
            ],
            [
              126.9474775,
              37.2185303
            ],
            [
              126.9473248,
              37.2183359
            ]
          ]
        ]
      },
      "id": "way/620618110"
    },
    {
      "type": "Feature",
      "properties": {
        "@id": "way/620618112",
        "addr:city": "화성시",
        "addr:district": "효행구",
        "addr:housenumber": "4-5",
        "addr:postcode": "18316",
        "addr:province": "경기도",
        "addr:street": "샘마을길",
        "addr:subdistrict": "상리",
        "addr:town": "봉담읍",
        "building": "yes"
      },
      "geometry": {
        "type": "Polygon",
        "coordinates": [
          [
            [
              126.9486175,
              37.219205
            ],
            [
              126.9486269,
              37.2191199
            ],
            [
              126.9487187,
              37.2190408
            ],
            [
              126.9487784,
              37.2189895
            ],
            [
              126.9489117,
              37.2190886
            ],
            [
              126.9487435,
              37.2192325
            ],
            [
              126.9486907,
              37.2192487
            ],
            [
              126.9486175,
              37.219205
            ]
          ]
        ]
      },
      "id": "way/620618112"
    },
    {
      "type": "Feature",
      "properties": {
        "@id": "way/620618113",
        "building": "yes"
      },
      "geometry": {
        "type": "Polygon",
        "coordinates": [
          [
            [
              126.9486383,
              37.2189816
            ],
            [
              126.948698,
              37.2189302
            ],
            [
              126.9487784,
              37.2189895
            ],
            [
              126.9487187,
              37.2190408
            ],
            [
              126.9486383,
              37.2189816
            ]
          ]
        ]
      },
      "id": "way/620618113"
    },
    {
      "type": "Feature",
      "properties": {
        "@id": "way/620618114",
        "addr:city": "화성시",
        "addr:district": "효행구",
        "addr:housenumber": "1268",
        "addr:postcode": "18316",
        "addr:province": "경기도",
        "addr:street": "삼천병마로",
        "addr:subdistrict": "상리",
        "addr:town": "봉담읍",
        "building": "commercial",
        "name": "황현빌딩"
      },
      "geometry": {
        "type": "Polygon",
        "coordinates": [
          [
            [
              126.9480104,
              37.2191627
            ],
            [
              126.948103,
              37.2190757
            ],
            [
              126.9485143,
              37.2193532
            ],
            [
              126.9484217,
              37.2194402
            ],
            [
              126.9480104,
              37.2191627
            ]
          ]
        ]
      },
      "id": "way/620618114"
    },
    {
      "type": "Feature",
      "properties": {
        "@id": "way/620618115",
        "addr:city": "화성시",
        "addr:district": "효행구",
        "addr:housenumber": "1266-1",
        "addr:postcode": "18316",
        "addr:province": "경기도",
        "addr:street": "삼천병마로",
        "addr:subdistrict": "상리",
        "addr:town": "봉담읍",
        "building": "yes"
      },
      "geometry": {
        "type": "Polygon",
        "coordinates": [
          [
            [
              126.947933,
              37.2190651
            ],
            [
              126.9480131,
              37.2189812
            ],
            [
              126.9481073,
              37.2190382
            ],
            [
              126.948089,
              37.2190574
            ],
            [
              126.9480721,
              37.2190472
            ],
            [
              126.9480103,
              37.2191119
            ],
            [
              126.947933,
              37.2190651
            ]
          ]
        ]
      },
      "id": "way/620618115"
    },
    {
      "type": "Feature",
      "properties": {
        "@id": "way/620618116",
        "addr:city": "화성시",
        "addr:housenumber": "1264",
        "addr:postcode": "18316",
        "addr:province": "경기도",
        "addr:street": "삼천병마로",
        "addr:subdistrict": "상리",
        "addr:town": "봉담읍",
        "building": "residential",
        "building:levels": "5",
        "name": "설용빌라트"
      },
      "geometry": {
        "type": "Polygon",
        "coordinates": [
          [
            [
              126.9475114,
              37.2188946
            ],
            [
              126.9475697,
              37.2188349
            ],
            [
              126.9478412,
              37.219003
            ],
            [
              126.9477829,
              37.2190627
            ],
            [
              126.9475114,
              37.2188946
            ]
          ]
        ]
      },
      "id": "way/620618116"
    },
    {
      "type": "Feature",
      "properties": {
        "@id": "way/620618117",
        "addr:city": "화성시",
        "addr:district": "효행구",
        "addr:housenumber": "1262-3",
        "addr:postcode": "18316",
        "addr:province": "경기도",
        "addr:street": "삼천병마로",
        "addr:subdistrict": "상리",
        "addr:town": "봉담읍",
        "building": "yes"
      },
      "geometry": {
        "type": "Polygon",
        "coordinates": [
          [
            [
              126.9475847,
              37.218823
            ],
            [
              126.9476063,
              37.2187991
            ],
            [
              126.9476536,
              37.2188264
            ],
            [
              126.9476657,
              37.2188131
            ],
            [
              126.9478028,
              37.2188921
            ],
            [
              126.9477894,
              37.2189068
            ],
            [
              126.9478127,
              37.2189202
            ],
            [
              126.9477922,
              37.2189426
            ],
            [
              126.9475847,
              37.218823
            ]
          ]
        ]
      },
      "id": "way/620618117"
    },
    {
      "type": "Feature",
      "properties": {
        "@id": "way/620618118",
        "building": "commercial",
        "name": "정민"
      },
      "geometry": {
        "type": "Polygon",
        "coordinates": [
          [
            [
              126.9474814,
              37.218665
            ],
            [
              126.9475632,
              37.218715
            ],
            [
              126.9475693,
              37.2187393
            ],
            [
              126.9475238,
              37.2187865
            ],
            [
              126.9474234,
              37.2187251
            ],
            [
              126.9474814,
              37.218665
            ]
          ]
        ]
      },
      "id": "way/620618118"
    },
    {
      "type": "Feature",
      "properties": {
        "@id": "way/620618119",
        "building": "yes"
      },
      "geometry": {
        "type": "Polygon",
        "coordinates": [
          [
            [
              126.9475376,
              37.2186315
            ],
            [
              126.9475884,
              37.2185842
            ],
            [
              126.9476234,
              37.218608
            ],
            [
              126.9476379,
              37.2185944
            ],
            [
              126.9476711,
              37.218617
            ],
            [
              126.9476522,
              37.2186346
            ],
            [
              126.9476721,
              37.2186481
            ],
            [
              126.9476256,
              37.2186914
            ],
            [
              126.9475376,
              37.2186315
            ]
          ]
        ]
      },
      "id": "way/620618119"
    },
    {
      "type": "Feature",
      "properties": {
        "@id": "way/620618120",
        "building": "yes"
      },
      "geometry": {
        "type": "Polygon",
        "coordinates": [
          [
            [
              126.9476959,
              37.2187441
            ],
            [
              126.9477272,
              37.2187029
            ],
            [
              126.9477725,
              37.2187247
            ],
            [
              126.9478024,
              37.2186853
            ],
            [
              126.9479741,
              37.218768
            ],
            [
              126.9479084,
              37.2188546
            ],
            [
              126.9478611,
              37.2188318
            ],
            [
              126.947851,
              37.218845
            ],
            [
              126.9477223,
              37.218783
            ],
            [
              126.9476959,
              37.2187441
            ]
          ]
        ]
      },
      "id": "way/620618120"
    },
    {
      "type": "Feature",
      "properties": {
        "@id": "way/620618121",
        "addr:city": "화성시",
        "addr:district": "효행구",
        "addr:housenumber": "1266-4",
        "addr:postcode": "18316",
        "addr:province": "경기도",
        "addr:street": "삼천병마로",
        "addr:subdistrict": "상리",
        "addr:town": "봉담읍",
        "building": "yes"
      },
      "geometry": {
        "type": "Polygon",
        "coordinates": [
          [
            [
              126.947938,
              37.218851
            ],
            [
              126.9479619,
              37.2188242
            ],
            [
              126.9479857,
              37.2188377
            ],
            [
              126.9480159,
              37.2188038
            ],
            [
              126.9481092,
              37.2188566
            ],
            [
              126.9481007,
              37.2188661
            ],
            [
              126.9481381,
              37.2188873
            ],
            [
              126.9480991,
              37.218931
            ],
            [
              126.9480561,
              37.2189067
            ],
            [
              126.9480295,
              37.2189365
            ],
            [
              126.9479466,
              37.2188897
            ],
            [
              126.9479666,
              37.2188672
            ],
            [
              126.947938,
              37.218851
            ]
          ]
        ]
      },
      "id": "way/620618121"
    },
    {
      "type": "Feature",
      "properties": {
        "@id": "way/620618122",
        "addr:city": "화성시",
        "addr:district": "효행구",
        "addr:housenumber": "1266-3",
        "addr:postcode": "18316",
        "addr:province": "경기도",
        "addr:street": "삼천병마로",
        "addr:subdistrict": "상리",
        "addr:town": "봉담읍",
        "building": "yes"
      },
      "geometry": {
        "type": "Polygon",
        "coordinates": [
          [
            [
              126.9480955,
              37.218999
            ],
            [
              126.9481113,
              37.2189416
            ],
            [
              126.9481311,
              37.2189451
            ],
            [
              126.9481366,
              37.2189253
            ],
            [
              126.9482594,
              37.2189467
            ],
            [
              126.9482473,
              37.2189907
            ],
            [
              126.9481571,
              37.2189749
            ],
            [
              126.9481479,
              37.2190081
            ],
            [
              126.9480955,
              37.218999
            ]
          ]
        ]
      },
      "id": "way/620618122"
    },
    {
      "type": "Feature",
      "properties": {
        "@id": "way/620618123",
        "addr:city": "화성시",
        "addr:district": "효행구",
        "addr:housenumber": "4-6",
        "addr:postcode": "18316",
        "addr:province": "경기도",
        "addr:street": "샘마을길",
        "addr:subdistrict": "상리",
        "addr:town": "봉담읍",
        "building": "yes"
      },
      "geometry": {
        "type": "Polygon",
        "coordinates": [
          [
            [
              126.9481361,
              37.219068
            ],
            [
              126.9481479,
              37.2190157
            ],
            [
              126.9482292,
              37.2190274
            ],
            [
              126.9482174,
              37.2190797
            ],
            [
              126.9481361,
              37.219068
            ]
          ]
        ]
      },
      "id": "way/620618123"
    },
    {
      "type": "Feature",
      "properties": {
        "@id": "way/620618124",
        "addr:city": "화성시",
        "addr:district": "효행구",
        "addr:housenumber": "4-4",
        "addr:postcode": "18316",
        "addr:province": "경기도",
        "addr:street": "샘마을길",
        "addr:subdistrict": "상리",
        "addr:town": "봉담읍",
        "building": "yes"
      },
      "geometry": {
        "type": "Polygon",
        "coordinates": [
          [
            [
              126.9483534,
              37.2191753
            ],
            [
              126.9483564,
              37.2190832
            ],
            [
              126.9485362,
              37.2190869
            ],
            [
              126.9485332,
              37.219179
            ],
            [
              126.9483534,
              37.2191753
            ]
          ]
        ]
      },
      "id": "way/620618124"
    },
    {
      "type": "Feature",
      "properties": {
        "@id": "way/620618125",
        "addr:city": "화성시",
        "addr:district": "효행구",
        "addr:housenumber": "4-8",
        "addr:postcode": "18316",
        "addr:province": "경기도",
        "addr:street": "샘마을길",
        "addr:subdistrict": "상리",
        "addr:town": "봉담읍",
        "building": "yes"
      },
      "geometry": {
        "type": "Polygon",
        "coordinates": [
          [
            [
              126.9482882,
              37.2189887
            ],
            [
              126.9482882,
              37.2188882
            ],
            [
              126.9483968,
              37.2188882
            ],
            [
              126.9483968,
              37.2189636
            ],
            [
              126.9483687,
              37.2189636
            ],
            [
              126.9483687,
              37.2189887
            ],
            [
              126.9482882,
              37.2189887
            ]
          ]
        ]
      },
      "id": "way/620618125"
    },
    {
      "type": "Feature",
      "properties": {
        "@id": "way/620618126",
        "addr:city": "화성시",
        "addr:district": "효행구",
        "addr:housenumber": "4-10",
        "addr:postcode": "18316",
        "addr:province": "경기도",
        "addr:street": "샘마을길",
        "addr:subdistrict": "상리",
        "addr:town": "봉담읍",
        "building": "yes"
      },
      "geometry": {
        "type": "Polygon",
        "coordinates": [
          [
            [
              126.9484407,
              37.2190357
            ],
            [
              126.9484451,
              37.2188981
            ],
            [
              126.9485466,
              37.2189002
            ],
            [
              126.9485422,
              37.2190378
            ],
            [
              126.9484407,
              37.2190357
            ]
          ]
        ]
      },
      "id": "way/620618126"
    },
    {
      "type": "Feature",
      "properties": {
        "@id": "way/620618128",
        "building": "yes"
      },
      "geometry": {
        "type": "Polygon",
        "coordinates": [
          [
            [
              126.9482217,
              37.2188462
            ],
            [
              126.9482193,
              37.2186947
            ],
            [
              126.9482928,
              37.2186947
            ],
            [
              126.9482928,
              37.218848
            ],
            [
              126.9482217,
              37.2188462
            ]
          ]
        ]
      },
      "id": "way/620618128"
    },
    {
      "type": "Feature",
      "properties": {
        "@id": "way/620618129",
        "building": "yes"
      },
      "geometry": {
        "type": "Polygon",
        "coordinates": [
          [
            [
              126.9477107,
              37.2186096
            ],
            [
              126.9477195,
              37.2185938
            ],
            [
              126.9477034,
              37.2185881
            ],
            [
              126.9477235,
              37.2185519
            ],
            [
              126.9478202,
              37.2185859
            ],
            [
              126.9477913,
              37.218638
            ],
            [
              126.9477107,
              37.2186096
            ]
          ]
        ]
      },
      "id": "way/620618129"
    },
    {
      "type": "Feature",
      "properties": {
        "@id": "way/620618130",
        "addr:city": "화성시",
        "addr:housenumber": "1267-7",
        "addr:postcode": "18316",
        "addr:province": "경기도",
        "addr:street": "삼천병마로",
        "addr:subdistrict": "상리",
        "addr:town": "봉담읍",
        "building": "yes"
      },
      "geometry": {
        "type": "Polygon",
        "coordinates": [
          [
            [
              126.9478097,
              37.218641
            ],
            [
              126.9478354,
              37.2185888
            ],
            [
              126.9479536,
              37.2186258
            ],
            [
              126.9479163,
              37.2187013
            ],
            [
              126.9478273,
              37.2186735
            ],
            [
              126.9478388,
              37.2186502
            ],
            [
              126.9478097,
              37.218641
            ]
          ]
        ]
      },
      "id": "way/620618130"
    },
    {
      "type": "Feature",
      "properties": {
        "@id": "way/620618131",
        "addr:city": "화성시",
        "addr:housenumber": "4-18",
        "addr:postcode": "18316",
        "addr:province": "경기도",
        "addr:street": "샘마을길",
        "addr:subdistrict": "상리",
        "addr:town": "봉담읍",
        "building": "yes"
      },
      "geometry": {
        "type": "Polygon",
        "coordinates": [
          [
            [
              126.9479306,
              37.2187179
            ],
            [
              126.9479696,
              37.218629
            ],
            [
              126.9480671,
              37.2186561
            ],
            [
              126.9480378,
              37.218723
            ],
            [
              126.9480237,
              37.2187191
            ],
            [
              126.9480141,
              37.2187411
            ],
            [
              126.9479306,
              37.2187179
            ]
          ]
        ]
      },
      "id": "way/620618131"
    },
    {
      "type": "Feature",
      "properties": {
        "@id": "way/620618132",
        "building": "yes"
      },
      "geometry": {
        "type": "Polygon",
        "coordinates": [
          [
            [
              126.9480436,
              37.2187458
            ],
            [
              126.9480798,
              37.218664
            ],
            [
              126.948123,
              37.2186826
            ],
            [
              126.9480623,
              37.2187523
            ],
            [
              126.9480436,
              37.2187458
            ]
          ]
        ]
      },
      "id": "way/620618132"
    },
    {
      "type": "Feature",
      "properties": {
        "@id": "way/620618133",
        "addr:city": "화성시",
        "addr:district": "효행구",
        "addr:housenumber": "4-16",
        "addr:postcode": "18316",
        "addr:province": "경기도",
        "addr:street": "샘마을길",
        "addr:subdistrict": "상리",
        "addr:town": "봉담읍",
        "building": "yes"
      },
      "geometry": {
        "type": "Polygon",
        "coordinates": [
          [
            [
              126.9480423,
              37.2187887
            ],
            [
              126.9481385,
              37.2186931
            ],
            [
              126.9482098,
              37.2187387
            ],
            [
              126.9481957,
              37.2187527
            ],
            [
              126.9482086,
              37.2187609
            ],
            [
              126.9481871,
              37.2187822
            ],
            [
              126.9482044,
              37.2187933
            ],
            [
              126.9481438,
              37.2188535
            ],
            [
              126.9480423,
              37.2187887
            ]
          ]
        ]
      },
      "id": "way/620618133"
    },
    {
      "type": "Feature",
      "properties": {
        "@id": "way/620618134",
        "building": "yes"
      },
      "geometry": {
        "type": "Polygon",
        "coordinates": [
          [
            [
              126.9481689,
              37.2188812
            ],
            [
              126.9481794,
              37.2188431
            ],
            [
              126.9482704,
              37.2188653
            ],
            [
              126.9482653,
              37.2189002
            ],
            [
              126.9481689,
              37.2188812
            ]
          ]
        ]
      },
      "id": "way/620618134"
    },
    {
      "type": "Feature",
      "properties": {
        "@id": "way/620618135",
        "building": "commercial"
      },
      "geometry": {
        "type": "Polygon",
        "coordinates": [
          [
            [
              126.9474925,
              37.219326
            ],
            [
              126.947532,
              37.2192835
            ],
            [
              126.9478966,
              37.2194984
            ],
            [
              126.9477403,
              37.2196665
            ],
            [
              126.9476373,
              37.2196058
            ],
            [
              126.9474925,
              37.219326
            ]
          ]
        ]
      },
      "id": "way/620618135"
    },
    {
      "type": "Feature",
      "properties": {
        "@id": "way/620618136",
        "addr:city": "화성시",
        "addr:district": "효행구",
        "addr:housenumber": "1271",
        "addr:postcode": "18313",
        "addr:province": "경기도",
        "addr:street": "삼천병마로",
        "addr:subdistrict": "상리",
        "addr:town": "봉담읍",
        "building": "commercial",
        "name": "우정프라자 오피스텔"
      },
      "geometry": {
        "type": "Polygon",
        "coordinates": [
          [
            [
              126.947832,
              37.2198167
            ],
            [
              126.9479131,
              37.2197689
            ],
            [
              126.9479485,
              37.2197653
            ],
            [
              126.9479762,
              37.2197837
            ],
            [
              126.9480255,
              37.2197677
            ],
            [
              126.9480532,
              37.2197775
            ],
            [
              126.9480979,
              37.2197665
            ],
            [
              126.9481226,
              37.2197788
            ],
            [
              126.9481965,
              37.2197739
            ],
            [
              126.9482619,
              37.2198114
            ],
            [
              126.9482396,
              37.219836
            ],
            [
              126.9482547,
              37.2198447
            ],
            [
              126.9482193,
              37.2198837
            ],
            [
              126.9482322,
              37.2198911
            ],
            [
              126.9481873,
              37.2199407
            ],
            [
              126.948195,
              37.2199493
            ],
            [
              126.9481441,
              37.2200045
            ],
            [
              126.9481549,
              37.2200155
            ],
            [
              126.9480841,
              37.2200879
            ],
            [
              126.947832,
              37.2198167
            ]
          ]
        ]
      },
      "id": "way/620618136"
    },
    {
      "type": "Feature",
      "properties": {
        "@id": "way/620618137",
        "addr:city": "화성시",
        "addr:district": "효행구",
        "addr:housenumber": "1273",
        "addr:postcode": "18313",
        "addr:province": "경기도",
        "addr:street": "삼천병마로",
        "addr:subdistrict": "상리",
        "addr:town": "봉담읍",
        "building": "commercial"
      },
      "geometry": {
        "type": "Polygon",
        "coordinates": [
          [
            [
              126.9483177,
              37.2199917
            ],
            [
              126.9483658,
              37.2199392
            ],
            [
              126.9485363,
              37.2200385
            ],
            [
              126.9484881,
              37.220091
            ],
            [
              126.9483177,
              37.2199917
            ]
          ]
        ]
      },
      "id": "way/620618137"
    },
    {
      "type": "Feature",
      "properties": {
        "@id": "way/620618138",
        "addr:city": "화성시",
        "addr:district": "효행구",
        "addr:housenumber": "1277",
        "addr:postcode": "18313",
        "addr:province": "경기도",
        "addr:street": "삼천병마로",
        "addr:subdistrict": "상리",
        "addr:town": "봉담읍",
        "building": "commercial",
        "name": "이안건물"
      },
      "geometry": {
        "type": "Polygon",
        "coordinates": [
          [
            [
              126.948505,
              37.2200969
            ],
            [
              126.9485874,
              37.2200105
            ],
            [
              126.9487812,
              37.2201276
            ],
            [
              126.9486988,
              37.2202141
            ],
            [
              126.948505,
              37.2200969
            ]
          ]
        ]
      },
      "id": "way/620618138"
    },
    {
      "type": "Feature",
      "properties": {
        "@id": "way/620618139",
        "addr:city": "화성시",
        "addr:district": "효행구",
        "addr:housenumber": "1276",
        "addr:postcode": "18316",
        "addr:province": "경기도",
        "addr:street": "삼천병마로",
        "addr:subdistrict": "상리",
        "addr:town": "봉담읍",
        "building": "commercial",
        "name": "양지상가"
      },
      "geometry": {
        "type": "Polygon",
        "coordinates": [
          [
            [
              126.9486625,
              37.219468
            ],
            [
              126.9487564,
              37.2195284
            ],
            [
              126.9487167,
              37.2195674
            ],
            [
              126.9490297,
              37.2197692
            ],
            [
              126.9490147,
              37.219784
            ],
            [
              126.9490535,
              37.219809
            ],
            [
              126.9490067,
              37.2198549
            ],
            [
              126.9485952,
              37.2195897
            ],
            [
              126.9485952,
              37.2195342
            ],
            [
              126.9486625,
              37.219468
            ]
          ]
        ]
      },
      "id": "way/620618139"
    },
    {
      "type": "Feature",
      "properties": {
        "@id": "way/626373724",
        "addr:city": "화성시",
        "addr:district": "효행구",
        "addr:housenumber": "54",
        "addr:postcode": "18316",
        "addr:province": "경기도",
        "addr:street": "샘마을길",
        "addr:subdistrict": "상리",
        "addr:town": "봉담읍",
        "building": "yes",
        "level": "4"
      },
      "geometry": {
        "type": "Polygon",
        "coordinates": [
          [
            [
              126.9522028,
              37.2160021
            ],
            [
              126.9522955,
              37.216012
            ],
            [
              126.9522759,
              37.216129
            ],
            [
              126.9522458,
              37.2161643
            ],
            [
              126.9521768,
              37.216157
            ],
            [
              126.9522028,
              37.2160021
            ]
          ]
        ]
      },
      "id": "way/626373724"
    },
    {
      "type": "Feature",
      "properties": {
        "@id": "way/626373727",
        "addr:city": "화성시",
        "addr:district": "효행구",
        "addr:housenumber": "45",
        "addr:postcode": "18316",
        "addr:province": "경기도",
        "addr:street": "샘마을길",
        "addr:subdistrict": "상리",
        "addr:town": "봉담읍",
        "building": "yes"
      },
      "geometry": {
        "type": "Polygon",
        "coordinates": [
          [
            [
              126.9518183,
              37.2167841
            ],
            [
              126.9518991,
              37.2167159
            ],
            [
              126.9520016,
              37.2167928
            ],
            [
              126.9519207,
              37.216861
            ],
            [
              126.9518183,
              37.2167841
            ]
          ]
        ]
      },
      "id": "way/626373727"
    },
    {
      "type": "Feature",
      "properties": {
        "@id": "way/626373728",
        "addr:city": "화성시",
        "addr:district": "효행구",
        "addr:housenumber": "47",
        "addr:postcode": "18316",
        "addr:province": "경기도",
        "addr:street": "샘마을길",
        "addr:subdistrict": "상리",
        "addr:town": "봉담읍",
        "building": "yes"
      },
      "geometry": {
        "type": "Polygon",
        "coordinates": [
          [
            [
              126.9520084,
              37.2167607
            ],
            [
              126.9521318,
              37.216682
            ],
            [
              126.9521713,
              37.2167212
            ],
            [
              126.9521552,
              37.2168259
            ],
            [
              126.9521058,
              37.2168574
            ],
            [
              126.9520084,
              37.2167607
            ]
          ]
        ]
      },
      "id": "way/626373728"
    },
    {
      "type": "Feature",
      "properties": {
        "@id": "way/626373729",
        "addr:city": "화성시",
        "addr:district": "효행구",
        "addr:housenumber": "49",
        "addr:postcode": "18316",
        "addr:province": "경기도",
        "addr:street": "샘마을길",
        "addr:subdistrict": "상리",
        "addr:town": "봉담읍",
        "building": "yes",
        "level": "4"
      },
      "geometry": {
        "type": "Polygon",
        "coordinates": [
          [
            [
              126.9520198,
              37.2165546
            ],
            [
              126.9520831,
              37.2166374
            ],
            [
              126.9519679,
              37.2166933
            ],
            [
              126.9519046,
              37.2166105
            ],
            [
              126.9520198,
              37.2165546
            ]
          ]
        ]
      },
      "id": "way/626373729"
    },
    {
      "type": "Feature",
      "properties": {
        "@id": "way/626373730",
        "addr:city": "화성시",
        "addr:district": "효행구",
        "addr:housenumber": "51",
        "addr:postcode": "18316",
        "addr:province": "경기도",
        "addr:street": "샘마을길",
        "addr:subdistrict": "상리",
        "addr:town": "봉담읍",
        "building": "yes",
        "level": "2"
      },
      "geometry": {
        "type": "Polygon",
        "coordinates": [
          [
            [
              126.952062,
              37.2165478
            ],
            [
              126.9522353,
              37.2164389
            ],
            [
              126.9522907,
              37.2164948
            ],
            [
              126.9522853,
              37.2165643
            ],
            [
              126.9521578,
              37.2166444
            ],
            [
              126.952062,
              37.2165478
            ]
          ]
        ]
      },
      "id": "way/626373730"
    },
    {
      "type": "Feature",
      "properties": {
        "@id": "way/626373732",
        "building": "yes"
      },
      "geometry": {
        "type": "Polygon",
        "coordinates": [
          [
            [
              126.953008,
              37.2150445
            ],
            [
              126.9531072,
              37.2149548
            ],
            [
              126.9532897,
              37.2150829
            ],
            [
              126.9531904,
              37.2151726
            ],
            [
              126.953008,
              37.2150445
            ]
          ]
        ]
      },
      "id": "way/626373732"
    },
    {
      "type": "Feature",
      "properties": {
        "@id": "way/626373733",
        "addr:city": "화성시",
        "addr:district": "효행구",
        "addr:housenumber": "57-3",
        "addr:postcode": "18316",
        "addr:province": "경기도",
        "addr:street": "샘마을길",
        "addr:subdistrict": "동화리",
        "addr:town": "봉담읍",
        "building": "yes",
        "level": "5",
        "name": "Daewon Firstvill"
      },
      "geometry": {
        "type": "Polygon",
        "coordinates": [
          [
            [
              126.9526645,
              37.2161405
            ],
            [
              126.9526761,
              37.2159973
            ],
            [
              126.9528315,
              37.2160052
            ],
            [
              126.95282,
              37.2161484
            ],
            [
              126.9526645,
              37.2161405
            ]
          ]
        ]
      },
      "id": "way/626373733"
    },
    {
      "type": "Feature",
      "properties": {
        "@id": "way/626373734",
        "addr:city": "화성시",
        "addr:district": "효행구",
        "addr:housenumber": "57",
        "addr:postcode": "18316",
        "addr:province": "경기도",
        "addr:street": "샘마을길",
        "addr:subdistrict": "동화리",
        "addr:town": "봉담읍",
        "building": "yes",
        "level": "5"
      },
      "geometry": {
        "type": "Polygon",
        "coordinates": [
          [
            [
              126.9524733,
              37.2161239
            ],
            [
              126.9524928,
              37.2159818
            ],
            [
              126.9526335,
              37.215994
            ],
            [
              126.952614,
              37.2161361
            ],
            [
              126.9524733,
              37.2161239
            ]
          ]
        ]
      },
      "id": "way/626373734"
    },
    {
      "type": "Feature",
      "properties": {
        "@id": "way/626373735",
        "addr:city": "화성시",
        "addr:district": "효행구",
        "addr:housenumber": "59",
        "addr:postcode": "18316",
        "addr:province": "경기도",
        "addr:street": "샘마을길",
        "addr:subdistrict": "동화리",
        "addr:town": "봉담읍",
        "building": "yes",
        "level": "5"
      },
      "geometry": {
        "type": "Polygon",
        "coordinates": [
          [
            [
              126.9525655,
              37.2157116
            ],
            [
              126.9527838,
              37.21573
            ],
            [
              126.9527654,
              37.215869
            ],
            [
              126.952547,
              37.2158506
            ],
            [
              126.9525655,
              37.2157116
            ]
          ]
        ]
      },
      "id": "way/626373735"
    },
    {
      "type": "Feature",
      "properties": {
        "@id": "way/626373736",
        "addr:city": "화성시",
        "addr:district": "효행구",
        "addr:housenumber": "61",
        "addr:postcode": "18316",
        "addr:province": "경기도",
        "addr:street": "샘마을길",
        "addr:subdistrict": "동화리",
        "addr:town": "봉담읍",
        "building": "yes",
        "level": "2"
      },
      "geometry": {
        "type": "Polygon",
        "coordinates": [
          [
            [
              126.9526025,
              37.2155817
            ],
            [
              126.952806,
              37.2156033
            ],
            [
              126.952789,
              37.215705
            ],
            [
              126.9525855,
              37.2156834
            ],
            [
              126.9526025,
              37.2155817
            ]
          ]
        ]
      },
      "id": "way/626373736"
    },
    {
      "type": "Feature",
      "properties": {
        "@id": "way/626373737",
        "addr:city": "화성시",
        "addr:district": "효행구",
        "addr:housenumber": "62",
        "addr:postcode": "18316",
        "addr:province": "경기도",
        "addr:street": "샘마을길",
        "addr:subdistrict": "상리",
        "addr:town": "봉담읍",
        "building": "yes",
        "level": "3"
      },
      "geometry": {
        "type": "Polygon",
        "coordinates": [
          [
            [
              126.9522408,
              37.2155434
            ],
            [
              126.9522584,
              37.2154385
            ],
            [
              126.952413,
              37.2154549
            ],
            [
              126.9523954,
              37.2155598
            ],
            [
              126.9522408,
              37.2155434
            ]
          ]
        ]
      },
      "id": "way/626373737"
    },
    {
      "type": "Feature",
      "properties": {
        "@id": "way/626373738",
        "addr:city": "화성시",
        "addr:district": "효행구",
        "addr:housenumber": "60-3",
        "addr:postcode": "18316",
        "addr:province": "경기도",
        "addr:street": "샘마을길",
        "addr:subdistrict": "상리",
        "addr:town": "봉담읍",
        "building": "yes",
        "name": "동성그린맨션"
      },
      "geometry": {
        "type": "Polygon",
        "coordinates": [
          [
            [
              126.9520178,
              37.2154319
            ],
            [
              126.9520366,
              37.2153442
            ],
            [
              126.9522484,
              37.2153731
            ],
            [
              126.9522296,
              37.2154607
            ],
            [
              126.9520178,
              37.2154319
            ]
          ]
        ]
      },
      "id": "way/626373738"
    },
    {
      "type": "Feature",
      "properties": {
        "@id": "way/626373739",
        "addr:city": "화성시",
        "addr:district": "효행구",
        "addr:housenumber": "60-5",
        "addr:postcode": "18316",
        "addr:province": "경기도",
        "addr:street": "샘마을길",
        "addr:subdistrict": "상리",
        "addr:town": "봉담읍",
        "building": "yes"
      },
      "geometry": {
        "type": "Polygon",
        "coordinates": [
          [
            [
              126.9517813,
              37.2154011
            ],
            [
              126.9517973,
              37.2153099
            ],
            [
              126.952004,
              37.2153329
            ],
            [
              126.951988,
              37.215424
            ],
            [
              126.9517813,
              37.2154011
            ]
          ]
        ]
      },
      "id": "way/626373739"
    },
    {
      "type": "Feature",
      "properties": {
        "@id": "way/626373740",
        "addr:city": "화성시",
        "addr:district": "효행구",
        "addr:housenumber": "60",
        "addr:postcode": "18316",
        "addr:province": "경기도",
        "addr:street": "샘마을길",
        "addr:subdistrict": "상리",
        "addr:town": "봉담읍",
        "building": "yes",
        "level": "4"
      },
      "geometry": {
        "type": "Polygon",
        "coordinates": [
          [
            [
              126.9521781,
              37.2157274
            ],
            [
              126.9522048,
              37.2155919
            ],
            [
              126.9523397,
              37.2156088
            ],
            [
              126.9523191,
              37.2157134
            ],
            [
              126.9522929,
              37.2157101
            ],
            [
              126.9522868,
              37.215741
            ],
            [
              126.9521781,
              37.2157274
            ]
          ]
        ]
      },
      "id": "way/626373740"
    },
    {
      "type": "Feature",
      "properties": {
        "@id": "way/626373741",
        "addr:city": "화성시",
        "addr:district": "효행구",
        "addr:housenumber": "60-4",
        "addr:postcode": "18316",
        "addr:province": "경기도",
        "addr:street": "샘마을길",
        "addr:subdistrict": "상리",
        "addr:town": "봉담읍",
        "building": "yes"
      },
      "geometry": {
        "type": "Polygon",
        "coordinates": [
          [
            [
              126.9519584,
              37.2156257
            ],
            [
              126.9519765,
              37.2155443
            ],
            [
              126.9521775,
              37.2155727
            ],
            [
              126.9521594,
              37.215654
            ],
            [
              126.9519584,
              37.2156257
            ]
          ]
        ]
      },
      "id": "way/626373741"
    },
    {
      "type": "Feature",
      "properties": {
        "@id": "way/626373742",
        "addr:city": "화성시",
        "addr:district": "효행구",
        "addr:housenumber": "60-6",
        "addr:postcode": "18316",
        "addr:province": "경기도",
        "addr:street": "샘마을길",
        "addr:subdistrict": "상리",
        "addr:town": "봉담읍",
        "building": "yes"
      },
      "geometry": {
        "type": "Polygon",
        "coordinates": [
          [
            [
              126.9517243,
              37.2155958
            ],
            [
              126.9517402,
              37.2155126
            ],
            [
              126.9519456,
              37.2155374
            ],
            [
              126.9519297,
              37.2156206
            ],
            [
              126.9517243,
              37.2155958
            ]
          ]
        ]
      },
      "id": "way/626373742"
    },
    {
      "type": "Feature",
      "properties": {
        "@id": "way/626373743",
        "building": "yes"
      },
      "geometry": {
        "type": "Polygon",
        "coordinates": [
          [
            [
              126.9521339,
              37.2157367
            ],
            [
              126.952337,
              37.2157551
            ],
            [
              126.9523178,
              37.2158896
            ],
            [
              126.9521147,
              37.2158713
            ],
            [
              126.9521339,
              37.2157367
            ]
          ]
        ]
      },
      "id": "way/626373743"
    },
    {
      "type": "Feature",
      "properties": {
        "@id": "way/626373744",
        "building": "yes"
      },
      "geometry": {
        "type": "Polygon",
        "coordinates": [
          [
            [
              126.9519186,
              37.215855
            ],
            [
              126.9519376,
              37.2157216
            ],
            [
              126.9521059,
              37.2157368
            ],
            [
              126.9520868,
              37.2158703
            ],
            [
              126.9519186,
              37.215855
            ]
          ]
        ]
      },
      "id": "way/626373744"
    },
    {
      "type": "Feature",
      "properties": {
        "@id": "way/626373745",
        "building": "yes"
      },
      "geometry": {
        "type": "Polygon",
        "coordinates": [
          [
            [
              126.951714,
              37.2157665
            ],
            [
              126.951737,
              37.2157688
            ],
            [
              126.9517487,
              37.2156968
            ],
            [
              126.9519097,
              37.2157133
            ],
            [
              126.9518875,
              37.2158503
            ],
            [
              126.9517881,
              37.2158401
            ],
            [
              126.9517856,
              37.2158557
            ],
            [
              126.9517009,
              37.215847
            ],
            [
              126.951714,
              37.2157665
            ]
          ]
        ]
      },
      "id": "way/626373745"
    },
    {
      "type": "Feature",
      "properties": {
        "@id": "way/626373746",
        "addr:city": "화성시",
        "addr:district": "효행구",
        "addr:housenumber": "52",
        "addr:postcode": "18316",
        "addr:province": "경기도",
        "addr:street": "샘마을길",
        "addr:subdistrict": "상리",
        "addr:town": "봉담읍",
        "building": "yes",
        "level": "1"
      },
      "geometry": {
        "type": "Polygon",
        "coordinates": [
          [
            [
              126.9520525,
              37.2162563
            ],
            [
              126.9521455,
              37.216212
            ],
            [
              126.9521797,
              37.2162575
            ],
            [
              126.9520867,
              37.2163018
            ],
            [
              126.9520525,
              37.2162563
            ]
          ]
        ]
      },
      "id": "way/626373746"
    },
    {
      "type": "Feature",
      "properties": {
        "@id": "way/626373748",
        "addr:city": "화성시",
        "addr:district": "효행구",
        "addr:housenumber": "50-3",
        "addr:postcode": "18316",
        "addr:province": "경기도",
        "addr:street": "샘마을길",
        "addr:subdistrict": "상리",
        "addr:town": "봉담읍",
        "building": "yes",
        "level": "5"
      },
      "geometry": {
        "type": "Polygon",
        "coordinates": [
          [
            [
              126.9519318,
              37.216108
            ],
            [
              126.9520671,
              37.2160449
            ],
            [
              126.9521177,
              37.2161137
            ],
            [
              126.9520815,
              37.2161306
            ],
            [
              126.9520681,
              37.2161638
            ],
            [
              126.9520882,
              37.2161911
            ],
            [
              126.9520172,
              37.2162242
            ],
            [
              126.9519318,
              37.216108
            ]
          ]
        ]
      },
      "id": "way/626373748"
    },
    {
      "type": "Feature",
      "properties": {
        "@id": "way/626373749",
        "addr:city": "화성시",
        "addr:district": "효행구",
        "addr:housenumber": "50-5",
        "addr:postcode": "18316",
        "addr:province": "경기도",
        "addr:street": "샘마을길",
        "addr:subdistrict": "상리",
        "addr:town": "봉담읍",
        "building": "yes"
      },
      "geometry": {
        "type": "Polygon",
        "coordinates": [
          [
            [
              126.9518668,
              37.2160854
            ],
            [
              126.9517992,
              37.2159617
            ],
            [
              126.9518481,
              37.2159448
            ],
            [
              126.9518588,
              37.2159555
            ],
            [
              126.9519071,
              37.2159395
            ],
            [
              126.9519232,
              37.215948
            ],
            [
              126.9519433,
              37.2159469
            ],
            [
              126.9519702,
              37.2159962
            ],
            [
              126.9519379,
              37.2160074
            ],
            [
              126.9519522,
              37.2160336
            ],
            [
              126.9518933,
              37.216054
            ],
            [
              126.9519035,
              37.2160727
            ],
            [
              126.9518668,
              37.2160854
            ]
          ]
        ]
      },
      "id": "way/626373749"
    },
    {
      "type": "Feature",
      "properties": {
        "@id": "way/626373750",
        "addr:city": "화성시",
        "addr:district": "효행구",
        "addr:housenumber": "50-6",
        "addr:postcode": "18316",
        "addr:province": "경기도",
        "addr:street": "샘마을길",
        "addr:subdistrict": "상리",
        "addr:town": "봉담읍",
        "building": "yes"
      },
      "geometry": {
        "type": "Polygon",
        "coordinates": [
          [
            [
              126.9517073,
              37.2160377
            ],
            [
              126.951664,
              37.2159579
            ],
            [
              126.951756,
              37.2159262
            ],
            [
              126.9518426,
              37.2160857
            ],
            [
              126.9517527,
              37.2161166
            ],
            [
              126.9517438,
              37.2161001
            ],
            [
              126.9517146,
              37.2161101
            ],
            [
              126.9516858,
              37.216057
            ],
            [
              126.9517073,
              37.2160377
            ]
          ]
        ]
      },
      "id": "way/626373750"
    },
    {
      "type": "Feature",
      "properties": {
        "@id": "way/626373751",
        "addr:city": "화성시",
        "addr:district": "효행구",
        "addr:housenumber": "50-4",
        "addr:postcode": "18316",
        "addr:province": "경기도",
        "addr:street": "샘마을길",
        "addr:subdistrict": "상리",
        "addr:town": "봉담읍",
        "building": "yes",
        "level": "3"
      },
      "geometry": {
        "type": "Polygon",
        "coordinates": [
          [
            [
              126.9517011,
              37.2161702
            ],
            [
              126.9518562,
              37.2161124
            ],
            [
              126.951905,
              37.2161956
            ],
            [
              126.95175,
              37.2162533
            ],
            [
              126.9517011,
              37.2161702
            ]
          ]
        ]
      },
      "id": "way/626373751"
    },
    {
      "type": "Feature",
      "properties": {
        "@id": "way/626373752",
        "addr:city": "화성시",
        "addr:district": "효행구",
        "addr:housenumber": "50-2",
        "addr:postcode": "18316",
        "addr:province": "경기도",
        "addr:street": "샘마을길",
        "addr:subdistrict": "상리",
        "addr:town": "봉담읍",
        "building": "yes",
        "level": "3"
      },
      "geometry": {
        "type": "Polygon",
        "coordinates": [
          [
            [
              126.9517607,
              37.2162651
            ],
            [
              126.9519231,
              37.2162105
            ],
            [
              126.9519691,
              37.2162974
            ],
            [
              126.9518067,
              37.216352
            ],
            [
              126.9517607,
              37.2162651
            ]
          ]
        ]
      },
      "id": "way/626373752"
    },
    {
      "type": "Feature",
      "properties": {
        "@id": "way/626373753",
        "addr:city": "화성시",
        "addr:district": "효행구",
        "addr:housenumber": "50",
        "addr:postcode": "18316",
        "addr:province": "경기도",
        "addr:street": "샘마을길",
        "addr:subdistrict": "상리",
        "addr:town": "봉담읍",
        "building": "yes",
        "level": "3"
      },
      "geometry": {
        "type": "Polygon",
        "coordinates": [
          [
            [
              126.9518335,
              37.21637
            ],
            [
              126.9519561,
              37.2163116
            ],
            [
              126.9520027,
              37.2163735
            ],
            [
              126.9518801,
              37.2164319
            ],
            [
              126.9518335,
              37.21637
            ]
          ]
        ]
      },
      "id": "way/626373753"
    },
    {
      "type": "Feature",
      "properties": {
        "@id": "way/626373754",
        "building": "yes",
        "level": "1"
      },
      "geometry": {
        "type": "Polygon",
        "coordinates": [
          [
            [
              126.9515597,
              37.2163147
            ],
            [
              126.9516429,
              37.2162793
            ],
            [
              126.9515884,
              37.216155
            ],
            [
              126.9516321,
              37.216125
            ],
            [
              126.9517876,
              37.2164103
            ],
            [
              126.9516454,
              37.2164647
            ],
            [
              126.9515597,
              37.2163147
            ]
          ]
        ]
      },
      "id": "way/626373754"
    },
    {
      "type": "Feature",
      "properties": {
        "@id": "way/626373756",
        "addr:city": "화성시",
        "addr:district": "효행구",
        "addr:housenumber": "55",
        "addr:postcode": "18316",
        "addr:province": "경기도",
        "addr:street": "최루백로",
        "addr:subdistrict": "상리",
        "addr:town": "봉담읍",
        "building": "yes",
        "building:levels": "4"
      },
      "geometry": {
        "type": "Polygon",
        "coordinates": [
          [
            [
              126.9508168,
              37.2154834
            ],
            [
              126.9508973,
              37.2154183
            ],
            [
              126.9509925,
              37.215493
            ],
            [
              126.950912,
              37.2155581
            ],
            [
              126.9508168,
              37.2154834
            ]
          ]
        ]
      },
      "id": "way/626373756"
    },
    {
      "type": "Feature",
      "properties": {
        "@id": "way/626373757",
        "addr:city": "화성시",
        "addr:district": "효행구",
        "addr:housenumber": "18",
        "addr:postcode": "18316",
        "addr:province": "경기도",
        "addr:street": "상봉길",
        "addr:subdistrict": "상리",
        "addr:town": "봉담읍",
        "building": "yes",
        "level": "4"
      },
      "geometry": {
        "type": "Polygon",
        "coordinates": [
          [
            [
              126.9513734,
              37.2164436
            ],
            [
              126.9514324,
              37.2163934
            ],
            [
              126.9515772,
              37.2165696
            ],
            [
              126.9515544,
              37.2165867
            ],
            [
              126.9513734,
              37.2164436
            ]
          ]
        ]
      },
      "id": "way/626373757"
    },
    {
      "type": "Feature",
      "properties": {
        "@id": "way/626373758",
        "building": "yes"
      },
      "geometry": {
        "type": "Polygon",
        "coordinates": [
          [
            [
              126.95149,
              37.2184685
            ],
            [
              126.9514957,
              37.2184217
            ],
            [
              126.9516874,
              37.2184366
            ],
            [
              126.9516757,
              37.2185318
            ],
            [
              126.9516318,
              37.2185284
            ],
            [
              126.951628,
              37.2185596
            ],
            [
              126.9515276,
              37.2185518
            ],
            [
              126.95149,
              37.2184685
            ]
          ]
        ]
      },
      "id": "way/626373758"
    },
    {
      "type": "Feature",
      "properties": {
        "@id": "way/626373760",
        "addr:city": "화성시",
        "addr:district": "효행구",
        "addr:housenumber": "17-3",
        "addr:postcode": "18316",
        "addr:province": "경기도",
        "addr:street": "샘마을1길",
        "addr:subdistrict": "상리",
        "addr:town": "봉담읍",
        "building": "yes"
      },
      "geometry": {
        "type": "Polygon",
        "coordinates": [
          [
            [
              126.9509127,
              37.2185066
            ],
            [
              126.9512054,
              37.2184231
            ],
            [
              126.9512928,
              37.218618
            ],
            [
              126.9512029,
              37.2186436
            ],
            [
              126.9512186,
              37.2186787
            ],
            [
              126.9511111,
              37.2187093
            ],
            [
              126.9510945,
              37.2186722
            ],
            [
              126.9509991,
              37.2186993
            ],
            [
              126.9509127,
              37.2185066
            ]
          ]
        ]
      },
      "id": "way/626373760"
    },
    {
      "type": "Feature",
      "properties": {
        "@id": "way/626373761",
        "addr:city": "화성시",
        "addr:district": "효행구",
        "addr:housenumber": "17-1",
        "addr:postcode": "18316",
        "addr:province": "경기도",
        "addr:street": "샘마을1길",
        "addr:subdistrict": "상리",
        "addr:town": "봉담읍",
        "building": "yes"
      },
      "geometry": {
        "type": "Polygon",
        "coordinates": [
          [
            [
              126.9507155,
              37.2186919
            ],
            [
              126.9508831,
              37.2185271
            ],
            [
              126.9509178,
              37.2185494
            ],
            [
              126.9508912,
              37.2185755
            ],
            [
              126.9509454,
              37.2186104
            ],
            [
              126.9508043,
              37.2187492
            ],
            [
              126.9507155,
              37.2186919
            ]
          ]
        ]
      },
      "id": "way/626373761"
    },
    {
      "type": "Feature",
      "properties": {
        "@id": "way/626373762",
        "addr:city": "화성시",
        "addr:district": "효행구",
        "addr:housenumber": "17-7",
        "addr:postcode": "18316",
        "addr:province": "경기도",
        "addr:street": "샘마을1길",
        "addr:subdistrict": "상리",
        "addr:town": "봉담읍",
        "building": "yes"
      },
      "geometry": {
        "type": "Polygon",
        "coordinates": [
          [
            [
              126.9508086,
              37.2183973
            ],
            [
              126.9509978,
              37.218337
            ],
            [
              126.95105,
              37.2184408
            ],
            [
              126.9508608,
              37.2185011
            ],
            [
              126.9508086,
              37.2183973
            ]
          ]
        ]
      },
      "id": "way/626373762"
    },
    {
      "type": "Feature",
      "properties": {
        "@id": "way/626373763",
        "addr:city": "화성시",
        "addr:district": "효행구",
        "addr:housenumber": "17-8",
        "addr:postcode": "18316",
        "addr:province": "경기도",
        "addr:street": "샘마을1길",
        "addr:subdistrict": "상리",
        "addr:town": "봉담읍",
        "building": "yes"
      },
      "geometry": {
        "type": "Polygon",
        "coordinates": [
          [
            [
              126.9507673,
              37.2182556
            ],
            [
              126.9509552,
              37.2181932
            ],
            [
              126.9509898,
              37.2182592
            ],
            [
              126.950802,
              37.2183217
            ],
            [
              126.9507673,
              37.2182556
            ]
          ]
        ]
      },
      "id": "way/626373763"
    },
    {
      "type": "Feature",
      "properties": {
        "@id": "way/626373764",
        "addr:city": "화성시",
        "addr:district": "효행구",
        "addr:housenumber": "17-9",
        "addr:postcode": "18316",
        "addr:province": "경기도",
        "addr:street": "샘마을1길",
        "addr:subdistrict": "상리",
        "addr:town": "봉담읍",
        "building": "yes"
      },
      "geometry": {
        "type": "Polygon",
        "coordinates": [
          [
            [
              126.9510605,
              37.2181919
            ],
            [
              126.9511459,
              37.2181831
            ],
            [
              126.9511751,
              37.2183639
            ],
            [
              126.9510898,
              37.2183727
            ],
            [
              126.9510605,
              37.2181919
            ]
          ]
        ]
      },
      "id": "way/626373764"
    },
    {
      "type": "Feature",
      "properties": {
        "@id": "way/626373765",
        "addr:city": "화성시",
        "addr:district": "효행구",
        "addr:housenumber": "27",
        "addr:postcode": "18316",
        "addr:province": "경기도",
        "addr:street": "샘마을1길",
        "addr:subdistrict": "상리",
        "addr:town": "봉담읍",
        "building": "yes"
      },
      "geometry": {
        "type": "Polygon",
        "coordinates": [
          [
            [
              126.9509472,
              37.218121
            ],
            [
              126.9509442,
              37.2180883
            ],
            [
              126.9510515,
              37.218005
            ],
            [
              126.9511425,
              37.2179997
            ],
            [
              126.9511526,
              37.2181089
            ],
            [
              126.9509472,
              37.218121
            ]
          ]
        ]
      },
      "id": "way/626373765"
    },
    {
      "type": "Feature",
      "properties": {
        "@id": "way/626373766",
        "addr:city": "화성시",
        "addr:housenumber": "35-29",
        "addr:postcode": "18316",
        "addr:province": "경기도",
        "addr:street": "샘마을1길",
        "addr:subdistrict": "상리",
        "addr:town": "봉담읍",
        "building": "yes"
      },
      "geometry": {
        "type": "Polygon",
        "coordinates": [
          [
            [
              126.9517954,
              37.218145
            ],
            [
              126.9518506,
              37.2180954
            ],
            [
              126.9520081,
              37.2182066
            ],
            [
              126.9519197,
              37.218286
            ],
            [
              126.9518589,
              37.2182431
            ],
            [
              126.9518683,
              37.2182347
            ],
            [
              126.951841,
              37.2182153
            ],
            [
              126.9518541,
              37.2182036
            ],
            [
              126.9518269,
              37.2181843
            ],
            [
              126.9518375,
              37.2181747
            ],
            [
              126.9517954,
              37.218145
            ]
          ]
        ]
      },
      "id": "way/626373766"
    },
    {
      "type": "Feature",
      "properties": {
        "@id": "way/626373767",
        "addr:city": "화성시",
        "addr:housenumber": "35-27",
        "addr:postcode": "18316",
        "addr:province": "경기도",
        "addr:street": "샘마을1길",
        "addr:subdistrict": "상리",
        "addr:town": "봉담읍",
        "building": "yes"
      },
      "geometry": {
        "type": "Polygon",
        "coordinates": [
          [
            [
              126.9516362,
              37.2180121
            ],
            [
              126.9517276,
              37.2179438
            ],
            [
              126.9518487,
              37.2180466
            ],
            [
              126.9517574,
              37.2181149
            ],
            [
              126.9516362,
              37.2180121
            ]
          ]
        ]
      },
      "id": "way/626373767"
    },
    {
      "type": "Feature",
      "properties": {
        "@id": "way/626373768",
        "building": "yes"
      },
      "geometry": {
        "type": "Polygon",
        "coordinates": [
          [
            [
              126.9519461,
              37.2180872
            ],
            [
              126.9520719,
              37.2179829
            ],
            [
              126.9521803,
              37.2180659
            ],
            [
              126.9520545,
              37.2181701
            ],
            [
              126.9519461,
              37.2180872
            ]
          ]
        ]
      },
      "id": "way/626373768"
    },
    {
      "type": "Feature",
      "properties": {
        "@id": "way/626373769",
        "building": "yes"
      },
      "geometry": {
        "type": "Polygon",
        "coordinates": [
          [
            [
              126.9518303,
              37.2179995
            ],
            [
              126.9519606,
              37.2178893
            ],
            [
              126.9520522,
              37.217958
            ],
            [
              126.9519219,
              37.2180682
            ],
            [
              126.9518303,
              37.2179995
            ]
          ]
        ]
      },
      "id": "way/626373769"
    },
    {
      "type": "Feature",
      "properties": {
        "@id": "way/626373770",
        "addr:city": "화성시",
        "addr:housenumber": "35-15",
        "addr:postcode": "18316",
        "addr:province": "경기도",
        "addr:street": "샘마을1길",
        "addr:subdistrict": "상리",
        "addr:town": "봉담읍",
        "building": "yes"
      },
      "geometry": {
        "type": "Polygon",
        "coordinates": [
          [
            [
              126.9517097,
              37.2179035
            ],
            [
              126.9518305,
              37.217799
            ],
            [
              126.9519367,
              37.217877
            ],
            [
              126.9518159,
              37.2179814
            ],
            [
              126.9517097,
              37.2179035
            ]
          ]
        ]
      },
      "id": "way/626373770"
    },
    {
      "type": "Feature",
      "properties": {
        "@id": "way/626373771",
        "addr:city": "화성시",
        "addr:district": "효행구",
        "addr:housenumber": "35-3",
        "addr:postcode": "18316",
        "addr:province": "경기도",
        "addr:street": "샘마을1길",
        "addr:subdistrict": "상리",
        "addr:town": "봉담읍",
        "building": "yes"
      },
      "geometry": {
        "type": "Polygon",
        "coordinates": [
          [
            [
              126.9515808,
              37.2177914
            ],
            [
              126.9517046,
              37.2176956
            ],
            [
              126.951811,
              37.2177828
            ],
            [
              126.9516872,
              37.2178786
            ],
            [
              126.9515808,
              37.2177914
            ]
          ]
        ]
      },
      "id": "way/626373771"
    },
    {
      "type": "Feature",
      "properties": {
        "@id": "way/626373772",
        "addr:city": "화성시",
        "addr:district": "효행구",
        "addr:housenumber": "35",
        "addr:postcode": "18316",
        "addr:province": "경기도",
        "addr:street": "샘마을1길",
        "addr:subdistrict": "상리",
        "addr:town": "봉담읍",
        "building": "yes"
      },
      "geometry": {
        "type": "Polygon",
        "coordinates": [
          [
            [
              126.9514645,
              37.2176751
            ],
            [
              126.95158,
              37.2175917
            ],
            [
              126.9516724,
              37.2176727
            ],
            [
              126.9515569,
              37.2177562
            ],
            [
              126.9514645,
              37.2176751
            ]
          ]
        ]
      },
      "id": "way/626373772"
    },
    {
      "type": "Feature",
      "properties": {
        "@id": "way/626373773",
        "addr:city": "화성시",
        "addr:housenumber": "35-7",
        "addr:postcode": "18316",
        "addr:province": "경기도",
        "addr:street": "샘마을1길",
        "addr:subdistrict": "상리",
        "addr:town": "봉담읍",
        "building": "yes"
      },
      "geometry": {
        "type": "Polygon",
        "coordinates": [
          [
            [
              126.9521331,
              37.2179377
            ],
            [
              126.9522598,
              37.2178368
            ],
            [
              126.9523584,
              37.2179153
            ],
            [
              126.9522317,
              37.2180162
            ],
            [
              126.9521331,
              37.2179377
            ]
          ]
        ]
      },
      "id": "way/626373773"
    },
    {
      "type": "Feature",
      "properties": {
        "@id": "way/626373774",
        "addr:city": "화성시",
        "addr:housenumber": "35-11",
        "addr:postcode": "18316",
        "addr:province": "경기도",
        "addr:street": "샘마을1길",
        "addr:subdistrict": "상리",
        "addr:town": "봉담읍",
        "building": "yes"
      },
      "geometry": {
        "type": "Polygon",
        "coordinates": [
          [
            [
              126.9520055,
              37.2178321
            ],
            [
              126.9521459,
              37.2177271
            ],
            [
              126.9522381,
              37.2178053
            ],
            [
              126.9520977,
              37.2179103
            ],
            [
              126.9520055,
              37.2178321
            ]
          ]
        ]
      },
      "id": "way/626373774"
    },
    {
      "type": "Feature",
      "properties": {
        "@id": "way/626373775",
        "addr:city": "화성시",
        "addr:housenumber": "35-13",
        "addr:postcode": "18316",
        "addr:province": "경기도",
        "addr:street": "샘마을1길",
        "addr:subdistrict": "상리",
        "addr:town": "봉담읍",
        "building": "yes"
      },
      "geometry": {
        "type": "Polygon",
        "coordinates": [
          [
            [
              126.9518931,
              37.2177497
            ],
            [
              126.9520292,
              37.2176446
            ],
            [
              126.9521117,
              37.2177123
            ],
            [
              126.9519755,
              37.2178174
            ],
            [
              126.9518931,
              37.2177497
            ]
          ]
        ]
      },
      "id": "way/626373775"
    },
    {
      "type": "Feature",
      "properties": {
        "@id": "way/626373776",
        "addr:city": "화성시",
        "addr:district": "효행구",
        "addr:housenumber": "35-4",
        "addr:postcode": "18316",
        "addr:province": "경기도",
        "addr:street": "샘마을1길",
        "addr:subdistrict": "상리",
        "addr:town": "봉담읍",
        "building": "yes"
      },
      "geometry": {
        "type": "Polygon",
        "coordinates": [
          [
            [
              126.9517628,
              37.2176568
            ],
            [
              126.9518884,
              37.217555
            ],
            [
              126.9519737,
              37.2176216
            ],
            [
              126.9518481,
              37.2177235
            ],
            [
              126.9517628,
              37.2176568
            ]
          ]
        ]
      },
      "id": "way/626373776"
    },
    {
      "type": "Feature",
      "properties": {
        "@id": "way/626373777",
        "addr:city": "화성시",
        "addr:district": "효행구",
        "addr:housenumber": "37",
        "addr:postcode": "18316",
        "addr:province": "경기도",
        "addr:street": "샘마을1길",
        "addr:subdistrict": "상리",
        "addr:town": "봉담읍",
        "building": "yes"
      },
      "geometry": {
        "type": "Polygon",
        "coordinates": [
          [
            [
              126.9516437,
              37.2175564
            ],
            [
              126.9517556,
              37.217473
            ],
            [
              126.95185,
              37.2175532
            ],
            [
              126.9517381,
              37.2176367
            ],
            [
              126.9516437,
              37.2175564
            ]
          ]
        ]
      },
      "id": "way/626373777"
    },
    {
      "type": "Feature",
      "properties": {
        "@id": "way/626373779",
        "addr:city": "화성시",
        "addr:district": "효행구",
        "addr:housenumber": "31",
        "addr:postcode": "18316",
        "addr:province": "경기도",
        "addr:street": "상봉길",
        "addr:subdistrict": "상리",
        "addr:town": "봉담읍",
        "building": "yes"
      },
      "geometry": {
        "type": "Polygon",
        "coordinates": [
          [
            [
              126.9519502,
              37.217313
            ],
            [
              126.9519696,
              37.2173244
            ],
            [
              126.9520439,
              37.2172446
            ],
            [
              126.952119,
              37.2172424
            ],
            [
              126.9526649,
              37.2175639
            ],
            [
              126.9526702,
              37.2175842
            ],
            [
              126.9524547,
              37.2178156
            ],
            [
              126.9523337,
              37.2177442
            ],
            [
              126.9524149,
              37.2176571
            ],
            [
              126.952114,
              37.2174795
            ],
            [
              126.9520901,
              37.2175051
            ],
            [
              126.9518844,
              37.2173836
            ],
            [
              126.9519502,
              37.217313
            ]
          ]
        ]
      },
      "id": "way/626373779"
    },
    {
      "type": "Feature",
      "properties": {
        "@id": "way/626373780",
        "addr:city": "화성시",
        "addr:district": "효행구",
        "addr:housenumber": "39",
        "addr:postcode": "18316",
        "addr:province": "경기도",
        "addr:street": "샘마을길",
        "addr:subdistrict": "상리",
        "addr:town": "봉담읍",
        "building": "yes"
      },
      "geometry": {
        "type": "Polygon",
        "coordinates": [
          [
            [
              126.9516285,
              37.2172144
            ],
            [
              126.9517471,
              37.2173141
            ],
            [
              126.9512503,
              37.2176892
            ],
            [
              126.9511317,
              37.2175895
            ],
            [
              126.9516285,
              37.2172144
            ]
          ]
        ]
      },
      "id": "way/626373780"
    },
    {
      "type": "Feature",
      "properties": {
        "@id": "way/626373781",
        "addr:city": "화성시",
        "addr:district": "효행구",
        "addr:housenumber": "25",
        "addr:postcode": "18316",
        "addr:province": "경기도",
        "addr:street": "상봉길",
        "addr:subdistrict": "상리",
        "addr:town": "봉담읍",
        "building": "yes"
      },
      "geometry": {
        "type": "Polygon",
        "coordinates": [
          [
            [
              126.9517195,
              37.2171879
            ],
            [
              126.9518399,
              37.2170828
            ],
            [
              126.9519259,
              37.2171452
            ],
            [
              126.9519272,
              37.2171933
            ],
            [
              126.9518362,
              37.2172727
            ],
            [
              126.9517195,
              37.2171879
            ]
          ]
        ]
      },
      "id": "way/626373781"
    },
    {
      "type": "Feature",
      "properties": {
        "@id": "way/626373782",
        "addr:city": "화성시",
        "addr:district": "효행구",
        "addr:housenumber": "42",
        "addr:postcode": "18315",
        "addr:province": "경기도",
        "addr:street": "샘마을길",
        "addr:subdistrict": "상리",
        "addr:town": "봉담읍",
        "building": "yes",
        "level": "2"
      },
      "geometry": {
        "type": "Polygon",
        "coordinates": [
          [
            [
              126.9512455,
              37.216717
            ],
            [
              126.9513049,
              37.216668
            ],
            [
              126.9513546,
              37.2167063
            ],
            [
              126.9513586,
              37.2167447
            ],
            [
              126.9513009,
              37.2167597
            ],
            [
              126.9512455,
              37.216717
            ]
          ]
        ]
      },
      "id": "way/626373782"
    },
    {
      "type": "Feature",
      "properties": {
        "@id": "way/626373783",
        "addr:city": "화성시",
        "addr:district": "효행구",
        "addr:housenumber": "21",
        "addr:postcode": "18316",
        "addr:province": "경기도",
        "addr:street": "상봉길",
        "addr:subdistrict": "상리",
        "addr:town": "봉담읍",
        "building": "yes",
        "level": "2"
      },
      "geometry": {
        "type": "Polygon",
        "coordinates": [
          [
            [
              126.9514158,
              37.2168924
            ],
            [
              126.9514216,
              37.2168494
            ],
            [
              126.9515705,
              37.2168622
            ],
            [
              126.9517304,
              37.2169633
            ],
            [
              126.951672,
              37.2170219
            ],
            [
              126.9514753,
              37.2168975
            ],
            [
              126.9514158,
              37.2168924
            ]
          ]
        ]
      },
      "id": "way/626373783"
    },
    {
      "type": "Feature",
      "properties": {
        "@id": "way/626373784",
        "addr:city": "화성시",
        "addr:district": "효행구",
        "addr:housenumber": "41",
        "addr:postcode": "18316",
        "addr:province": "경기도",
        "addr:street": "샘마을길",
        "addr:subdistrict": "상리",
        "addr:town": "봉담읍",
        "building": "yes"
      },
      "geometry": {
        "type": "Polygon",
        "coordinates": [
          [
            [
              126.9512508,
              37.2169617
            ],
            [
              126.9516941,
              37.2170433
            ],
            [
              126.9516659,
              37.2171404
            ],
            [
              126.9512226,
              37.2170588
            ],
            [
              126.9512508,
              37.2169617
            ]
          ]
        ]
      },
      "id": "way/626373784"
    },
    {
      "type": "Feature",
      "properties": {
        "@id": "way/626373785",
        "addr:city": "화성시",
        "addr:district": "효행구",
        "addr:housenumber": "40-11",
        "addr:postcode": "18315",
        "addr:province": "경기도",
        "addr:street": "샘마을길",
        "addr:subdistrict": "상리",
        "addr:town": "봉담읍",
        "building": "yes"
      },
      "geometry": {
        "type": "Polygon",
        "coordinates": [
          [
            [
              126.9505327,
              37.216408
            ],
            [
              126.950632,
              37.216603
            ],
            [
              126.9505315,
              37.2166355
            ],
            [
              126.9504322,
              37.2164405
            ],
            [
              126.9505327,
              37.216408
            ]
          ]
        ]
      },
      "id": "way/626373785"
    },
    {
      "type": "Feature",
      "properties": {
        "@id": "way/626373786",
        "addr:city": "화성시",
        "addr:district": "효행구",
        "addr:housenumber": "40-15",
        "addr:postcode": "18315",
        "addr:province": "경기도",
        "addr:street": "샘마을길",
        "addr:subdistrict": "상리",
        "addr:town": "봉담읍",
        "building": "yes"
      },
      "geometry": {
        "type": "Polygon",
        "coordinates": [
          [
            [
              126.9502042,
              37.2166162
            ],
            [
              126.9503915,
              37.2165612
            ],
            [
              126.950433,
              37.2166507
            ],
            [
              126.9502458,
              37.2167057
            ],
            [
              126.9502042,
              37.2166162
            ]
          ]
        ]
      },
      "id": "way/626373786"
    },
    {
      "type": "Feature",
      "properties": {
        "@id": "way/626373787",
        "addr:city": "화성시",
        "addr:district": "효행구",
        "addr:housenumber": "40-21",
        "addr:postcode": "18315",
        "addr:province": "경기도",
        "addr:street": "샘마을길",
        "addr:subdistrict": "상리",
        "addr:town": "봉담읍",
        "building": "yes"
      },
      "geometry": {
        "type": "Polygon",
        "coordinates": [
          [
            [
              126.9501259,
              37.2164637
            ],
            [
              126.9503091,
              37.2164077
            ],
            [
              126.9503473,
              37.2164871
            ],
            [
              126.9501642,
              37.2165431
            ],
            [
              126.9501259,
              37.2164637
            ]
          ]
        ]
      },
      "id": "way/626373787"
    },
    {
      "type": "Feature",
      "properties": {
        "@id": "way/626373788",
        "addr:city": "화성시",
        "addr:district": "효행구",
        "addr:housenumber": "40-13",
        "addr:postcode": "18315",
        "addr:province": "경기도",
        "addr:street": "샘마을길",
        "addr:subdistrict": "상리",
        "addr:town": "봉담읍",
        "building": "yes"
      },
      "geometry": {
        "type": "Polygon",
        "coordinates": [
          [
            [
              126.9502887,
              37.2162524
            ],
            [
              126.9503807,
              37.2162236
            ],
            [
              126.9504612,
              37.2163864
            ],
            [
              126.9503692,
              37.2164153
            ],
            [
              126.9502887,
              37.2162524
            ]
          ]
        ]
      },
      "id": "way/626373788"
    },
    {
      "type": "Feature",
      "properties": {
        "@id": "way/626373789",
        "addr:city": "화성시",
        "addr:district": "효행구",
        "addr:housenumber": "40-23",
        "addr:postcode": "18315",
        "addr:province": "경기도",
        "addr:street": "샘마을길",
        "addr:subdistrict": "상리",
        "addr:town": "봉담읍",
        "building": "yes"
      },
      "geometry": {
        "type": "Polygon",
        "coordinates": [
          [
            [
              126.9500479,
              37.2163076
            ],
            [
              126.9502234,
              37.2162533
            ],
            [
              126.9502651,
              37.2163389
            ],
            [
              126.9500896,
              37.2163932
            ],
            [
              126.9500479,
              37.2163076
            ]
          ]
        ]
      },
      "id": "way/626373789"
    },
    {
      "type": "Feature",
      "properties": {
        "@id": "way/626373790",
        "addr:city": "화성시",
        "addr:district": "효행구",
        "addr:housenumber": "40-20",
        "addr:postcode": "18315",
        "addr:province": "경기도",
        "addr:street": "샘마을길",
        "addr:subdistrict": "상리",
        "addr:town": "봉담읍",
        "building": "yes"
      },
      "geometry": {
        "type": "Polygon",
        "coordinates": [
          [
            [
              126.9500294,
              37.2168564
            ],
            [
              126.9501288,
              37.2168259
            ],
            [
              126.9502097,
              37.2169931
            ],
            [
              126.9501103,
              37.2170236
            ],
            [
              126.9500294,
              37.2168564
            ]
          ]
        ]
      },
      "id": "way/626373790"
    },
    {
      "type": "Feature",
      "properties": {
        "@id": "way/626373791",
        "addr:city": "화성시",
        "addr:district": "효행구",
        "addr:housenumber": "40-22",
        "addr:postcode": "18315",
        "addr:province": "경기도",
        "addr:street": "샘마을길",
        "addr:subdistrict": "상리",
        "addr:town": "봉담읍",
        "building": "yes"
      },
      "geometry": {
        "type": "Polygon",
        "coordinates": [
          [
            [
              126.949918,
              37.2166495
            ],
            [
              126.950022,
              37.21662
            ],
            [
              126.9500902,
              37.2167726
            ],
            [
              126.9499862,
              37.2168021
            ],
            [
              126.949918,
              37.2166495
            ]
          ]
        ]
      },
      "id": "way/626373791"
    },
    {
      "type": "Feature",
      "properties": {
        "@id": "way/626373792",
        "addr:city": "화성시",
        "addr:district": "효행구",
        "addr:housenumber": "40-24",
        "addr:postcode": "18315",
        "addr:province": "경기도",
        "addr:street": "샘마을길",
        "addr:subdistrict": "상리",
        "addr:town": "봉담읍",
        "building": "yes"
      },
      "geometry": {
        "type": "Polygon",
        "coordinates": [
          [
            [
              126.9498566,
              37.2165164
            ],
            [
              126.9500123,
              37.2164373
            ],
            [
              126.9500687,
              37.2165076
            ],
            [
              126.9499129,
              37.2165868
            ],
            [
              126.9498566,
              37.2165164
            ]
          ]
        ]
      },
      "id": "way/626373792"
    },
    {
      "type": "Feature",
      "properties": {
        "@id": "way/626373793",
        "addr:city": "화성시",
        "addr:district": "효행구",
        "addr:housenumber": "38",
        "addr:postcode": "18315",
        "addr:province": "경기도",
        "addr:street": "샘마을길",
        "addr:subdistrict": "상리",
        "addr:town": "봉담읍",
        "building": "yes"
      },
      "geometry": {
        "type": "Polygon",
        "coordinates": [
          [
            [
              126.9508784,
              37.216927
            ],
            [
              126.950959,
              37.2169936
            ],
            [
              126.9508154,
              37.2171039
            ],
            [
              126.9507348,
              37.2170374
            ],
            [
              126.9508784,
              37.216927
            ]
          ]
        ]
      },
      "id": "way/626373793"
    },
    {
      "type": "Feature",
      "properties": {
        "@id": "way/626373794",
        "addr:city": "화성시",
        "addr:district": "효행구",
        "addr:housenumber": "38-1",
        "addr:postcode": "18315",
        "addr:province": "경기도",
        "addr:street": "샘마을길",
        "addr:subdistrict": "상리",
        "addr:town": "봉담읍",
        "building": "yes"
      },
      "geometry": {
        "type": "Polygon",
        "coordinates": [
          [
            [
              126.9506541,
              37.2168922
            ],
            [
              126.9507485,
              37.2168199
            ],
            [
              126.9508628,
              37.2169146
            ],
            [
              126.9507685,
              37.2169869
            ],
            [
              126.9506541,
              37.2168922
            ]
          ]
        ]
      },
      "id": "way/626373794"
    },
    {
      "type": "Feature",
      "properties": {
        "@id": "way/626373795",
        "addr:city": "화성시",
        "addr:district": "효행구",
        "addr:housenumber": "38-3",
        "addr:postcode": "18315",
        "addr:province": "경기도",
        "addr:street": "샘마을길",
        "addr:subdistrict": "상리",
        "addr:town": "봉담읍",
        "building": "yes"
      },
      "geometry": {
        "type": "Polygon",
        "coordinates": [
          [
            [
              126.9505191,
              37.2167737
            ],
            [
              126.9505875,
              37.2167212
            ],
            [
              126.950617,
              37.216718
            ],
            [
              126.9507309,
              37.216812
            ],
            [
              126.9506452,
              37.2168778
            ],
            [
              126.9505191,
              37.2167737
            ]
          ]
        ]
      },
      "id": "way/626373795"
    },
    {
      "type": "Feature",
      "properties": {
        "@id": "way/626373796",
        "addr:city": "화성시",
        "addr:district": "효행구",
        "addr:housenumber": "36",
        "addr:postcode": "18315",
        "addr:province": "경기도",
        "addr:street": "샘마을길",
        "addr:subdistrict": "상리",
        "addr:town": "봉담읍",
        "building": "yes"
      },
      "geometry": {
        "type": "Polygon",
        "coordinates": [
          [
            [
              126.9503561,
              37.2168082
            ],
            [
              126.9504478,
              37.2167611
            ],
            [
              126.9507199,
              37.2170971
            ],
            [
              126.9506283,
              37.2171442
            ],
            [
              126.9503561,
              37.2168082
            ]
          ]
        ]
      },
      "id": "way/626373796"
    },
    {
      "type": "Feature",
      "properties": {
        "@id": "way/626373797",
        "addr:city": "화성시",
        "addr:district": "효행구",
        "addr:housenumber": "34",
        "addr:postcode": "18315",
        "addr:province": "경기도",
        "addr:street": "샘마을길",
        "addr:subdistrict": "상리",
        "addr:town": "봉담읍",
        "building": "yes"
      },
      "geometry": {
        "type": "Polygon",
        "coordinates": [
          [
            [
              126.9503411,
              37.2172129
            ],
            [
              126.9505869,
              37.2171076
            ],
            [
              126.9506713,
              37.2172326
            ],
            [
              126.9504254,
              37.2173379
            ],
            [
              126.9503411,
              37.2172129
            ]
          ]
        ]
      },
      "id": "way/626373797"
    },
    {
      "type": "Feature",
      "properties": {
        "@id": "way/626373799",
        "addr:city": "화성시",
        "addr:district": "효행구",
        "addr:housenumber": "33",
        "addr:postcode": "18316",
        "addr:province": "경기도",
        "addr:street": "샘마을길",
        "addr:subdistrict": "상리",
        "addr:town": "봉담읍",
        "building": "yes"
      },
      "geometry": {
        "type": "Polygon",
        "coordinates": [
          [
            [
              126.9506665,
              37.2174222
            ],
            [
              126.9507954,
              37.2173355
            ],
            [
              126.9508362,
              37.217374
            ],
            [
              126.9508745,
              37.2173482
            ],
            [
              126.9509228,
              37.2174603
            ],
            [
              126.950831,
              37.2175221
            ],
            [
              126.9508181,
              37.2175099
            ],
            [
              126.950784,
              37.2175329
            ],
            [
              126.9506665,
              37.2174222
            ]
          ]
        ]
      },
      "id": "way/626373799"
    },
    {
      "type": "Feature",
      "properties": {
        "@id": "way/626373800",
        "addr:city": "화성시",
        "addr:district": "효행구",
        "addr:housenumber": "31",
        "addr:postcode": "18316",
        "addr:province": "경기도",
        "addr:street": "샘마을길",
        "addr:subdistrict": "상리",
        "addr:town": "봉담읍",
        "building": "yes"
      },
      "geometry": {
        "type": "Polygon",
        "coordinates": [
          [
            [
              126.9505519,
              37.2175356
            ],
            [
              126.9506346,
              37.2174523
            ],
            [
              126.9506962,
              37.2174911
            ],
            [
              126.9506135,
              37.2175744
            ],
            [
              126.9505519,
              37.2175356
            ]
          ]
        ]
      },
      "id": "way/626373800"
    },
    {
      "type": "Feature",
      "properties": {
        "@id": "way/626373801",
        "addr:city": "화성시",
        "addr:district": "효행구",
        "addr:housenumber": "29",
        "addr:postcode": "18316",
        "addr:province": "경기도",
        "addr:street": "샘마을길",
        "addr:subdistrict": "상리",
        "addr:town": "봉담읍",
        "building": "yes"
      },
      "geometry": {
        "type": "Polygon",
        "coordinates": [
          [
            [
              126.9504843,
              37.217651
            ],
            [
              126.9506203,
              37.2176104
            ],
            [
              126.9507013,
              37.2177822
            ],
            [
              126.9505653,
              37.2178228
            ],
            [
              126.9504843,
              37.217651
            ]
          ]
        ]
      },
      "id": "way/626373801"
    },
    {
      "type": "Feature",
      "properties": {
        "@id": "way/626373802",
        "addr:city": "화성시",
        "addr:district": "효행구",
        "addr:housenumber": "28",
        "addr:postcode": "18316",
        "addr:province": "경기도",
        "addr:street": "샘마을1길",
        "addr:subdistrict": "상리",
        "addr:town": "봉담읍",
        "building": "yes"
      },
      "geometry": {
        "type": "Polygon",
        "coordinates": [
          [
            [
              126.9507792,
              37.2179271
            ],
            [
              126.9508009,
              37.2179081
            ],
            [
              126.9507847,
              37.2178963
            ],
            [
              126.9508181,
              37.2178672
            ],
            [
              126.9508477,
              37.2178789
            ],
            [
              126.9508705,
              37.2178576
            ],
            [
              126.9508852,
              37.2178587
            ],
            [
              126.9509241,
              37.2178394
            ],
            [
              126.9509482,
              37.2178362
            ],
            [
              126.9509724,
              37.2178234
            ],
            [
              126.9510187,
              37.2178571
            ],
            [
              126.9508411,
              37.2180121
            ],
            [
              126.9508081,
              37.2179881
            ],
            [
              126.9508214,
              37.2179766
            ],
            [
              126.9507905,
              37.217954
            ],
            [
              126.9508022,
              37.2179438
            ],
            [
              126.9507792,
              37.2179271
            ]
          ]
        ]
      },
      "id": "way/626373802"
    },
    {
      "type": "Feature",
      "properties": {
        "@id": "way/626373803",
        "addr:city": "화성시",
        "addr:district": "효행구",
        "addr:housenumber": "26",
        "addr:postcode": "18316",
        "addr:province": "경기도",
        "addr:street": "샘마을1길",
        "addr:subdistrict": "상리",
        "addr:town": "봉담읍",
        "building": "yes"
      },
      "geometry": {
        "type": "Polygon",
        "coordinates": [
          [
            [
              126.950523,
              37.2180771
            ],
            [
              126.9506982,
              37.2179496
            ],
            [
              126.9508443,
              37.2180769
            ],
            [
              126.9506503,
              37.2182181
            ],
            [
              126.9505749,
              37.2181524
            ],
            [
              126.9505937,
              37.2181387
            ],
            [
              126.950523,
              37.2180771
            ]
          ]
        ]
      },
      "id": "way/626373803"
    },
    {
      "type": "Feature",
      "properties": {
        "@id": "way/626373804",
        "addr:city": "화성시",
        "addr:district": "효행구",
        "addr:housenumber": "27",
        "addr:postcode": "18316",
        "addr:province": "경기도",
        "addr:street": "샘마을길",
        "addr:subdistrict": "상리",
        "addr:town": "봉담읍",
        "building": "yes"
      },
      "geometry": {
        "type": "Polygon",
        "coordinates": [
          [
            [
              126.9502777,
              37.2180776
            ],
            [
              126.9504166,
              37.217917
            ],
            [
              126.9504716,
              37.2179472
            ],
            [
              126.9504614,
              37.217959
            ],
            [
              126.9504654,
              37.218005
            ],
            [
              126.9504362,
              37.2180427
            ],
            [
              126.9504685,
              37.2180586
            ],
            [
              126.950443,
              37.2180914
            ],
            [
              126.9504081,
              37.2180742
            ],
            [
              126.950393,
              37.2180936
            ],
            [
              126.9502775,
              37.2180927
            ],
            [
              126.9502777,
              37.2180776
            ]
          ]
        ]
      },
      "id": "way/626373804"
    },
    {
      "type": "Feature",
      "properties": {
        "@id": "way/626373805",
        "addr:city": "화성시",
        "addr:district": "효행구",
        "addr:housenumber": "24",
        "addr:postcode": "18316",
        "addr:province": "경기도",
        "addr:street": "샘마을1길",
        "addr:subdistrict": "상리",
        "addr:town": "봉담읍",
        "building": "yes"
      },
      "geometry": {
        "type": "Polygon",
        "coordinates": [
          [
            [
              126.9505358,
              37.218396
            ],
            [
              126.9504358,
              37.2183513
            ],
            [
              126.9504581,
              37.2183196
            ],
            [
              126.9503758,
              37.2182828
            ],
            [
              126.9503965,
              37.2182534
            ],
            [
              126.9503478,
              37.2182316
            ],
            [
              126.9504073,
              37.2181472
            ],
            [
              126.9505494,
              37.2182107
            ],
            [
              126.9505278,
              37.2182413
            ],
            [
              126.9506168,
              37.218281
            ],
            [
              126.9505358,
              37.218396
            ]
          ]
        ]
      },
      "id": "way/626373805"
    },
    {
      "type": "Feature",
      "properties": {
        "@id": "way/626373806",
        "building": "yes"
      },
      "geometry": {
        "type": "Polygon",
        "coordinates": [
          [
            [
              126.9504924,
              37.2186499
            ],
            [
              126.9505645,
              37.2185498
            ],
            [
              126.9506782,
              37.2186018
            ],
            [
              126.9506062,
              37.2187018
            ],
            [
              126.9504924,
              37.2186499
            ]
          ]
        ]
      },
      "id": "way/626373806"
    },
    {
      "type": "Feature",
      "properties": {
        "@id": "way/626373807",
        "addr:city": "화성시",
        "addr:district": "효행구",
        "addr:housenumber": "21",
        "addr:postcode": "18316",
        "addr:province": "경기도",
        "addr:street": "샘마을1길",
        "addr:subdistrict": "상리",
        "addr:town": "봉담읍",
        "building": "yes"
      },
      "geometry": {
        "type": "Polygon",
        "coordinates": [
          [
            [
              126.9505776,
              37.2185288
            ],
            [
              126.950632,
              37.2184544
            ],
            [
              126.9507537,
              37.2185109
            ],
            [
              126.9506993,
              37.2185853
            ],
            [
              126.9505776,
              37.2185288
            ]
          ]
        ]
      },
      "id": "way/626373807"
    },
    {
      "type": "Feature",
      "properties": {
        "@id": "way/626373808",
        "addr:city": "화성시",
        "addr:district": "효행구",
        "addr:housenumber": "21",
        "addr:postcode": "18316",
        "addr:province": "경기도",
        "addr:street": "샘마을길",
        "addr:subdistrict": "상리",
        "addr:town": "봉담읍",
        "building": "retail"
      },
      "geometry": {
        "type": "Polygon",
        "coordinates": [
          [
            [
              126.9500779,
              37.2183125
            ],
            [
              126.9500953,
              37.2182645
            ],
            [
              126.9502476,
              37.2181315
            ],
            [
              126.9503226,
              37.218186
            ],
            [
              126.9503152,
              37.2182421
            ],
            [
              126.9502224,
              37.2183195
            ],
            [
              126.9503031,
              37.2183809
            ],
            [
              126.95022,
              37.2184502
            ],
            [
              126.9500819,
              37.2183451
            ],
            [
              126.9500779,
              37.2183125
            ]
          ]
        ]
      },
      "id": "way/626373808"
    },
    {
      "type": "Feature",
      "properties": {
        "@id": "way/626373809",
        "addr:city": "화성시",
        "addr:district": "효행구",
        "addr:housenumber": "20",
        "addr:postcode": "18316",
        "addr:province": "경기도",
        "addr:street": "샘마을1길",
        "addr:subdistrict": "상리",
        "addr:town": "봉담읍",
        "building": "yes"
      },
      "geometry": {
        "type": "Polygon",
        "coordinates": [
          [
            [
              126.9502242,
              37.2184731
            ],
            [
              126.9503635,
              37.2183542
            ],
            [
              126.9505057,
              37.2184599
            ],
            [
              126.9504547,
              37.2185603
            ],
            [
              126.9504306,
              37.2185753
            ],
            [
              126.9503877,
              37.2185795
            ],
            [
              126.9503474,
              37.2185646
            ],
            [
              126.9502242,
              37.2184731
            ]
          ]
        ]
      },
      "id": "way/626373809"
    },
    {
      "type": "Feature",
      "properties": {
        "@id": "way/626373810",
        "building": "yes"
      },
      "geometry": {
        "type": "Polygon",
        "coordinates": [
          [
            [
              126.9501918,
              37.2196517
            ],
            [
              126.9502696,
              37.2195829
            ],
            [
              126.9503313,
              37.2196272
            ],
            [
              126.9502535,
              37.219696
            ],
            [
              126.9501918,
              37.2196517
            ]
          ]
        ]
      },
      "id": "way/626373810"
    },
    {
      "type": "Feature",
      "properties": {
        "@id": "way/626373811",
        "building": "yes"
      },
      "geometry": {
        "type": "Polygon",
        "coordinates": [
          [
            [
              126.9500179,
              37.2196067
            ],
            [
              126.9501125,
              37.2195192
            ],
            [
              126.9500566,
              37.2194808
            ],
            [
              126.950103,
              37.2194379
            ],
            [
              126.9502794,
              37.2195588
            ],
            [
              126.9501383,
              37.2196893
            ],
            [
              126.9500179,
              37.2196067
            ]
          ]
        ]
      },
      "id": "way/626373811"
    },
    {
      "type": "Feature",
      "properties": {
        "@id": "way/626373812",
        "building": "yes"
      },
      "geometry": {
        "type": "Polygon",
        "coordinates": [
          [
            [
              126.9505392,
              37.2202399
            ],
            [
              126.9504708,
              37.2202398
            ],
            [
              126.9504708,
              37.2201964
            ],
            [
              126.9505392,
              37.2201964
            ],
            [
              126.9505392,
              37.2202399
            ]
          ]
        ]
      },
      "id": "way/626373812"
    },
    {
      "type": "Feature",
      "properties": {
        "@id": "way/626373813",
        "building": "yes"
      },
      "geometry": {
        "type": "Polygon",
        "coordinates": [
          [
            [
              126.9504507,
              37.2203438
            ],
            [
              126.9504514,
              37.2202397
            ],
            [
              126.9504708,
              37.2202398
            ],
            [
              126.9505392,
              37.2202399
            ],
            [
              126.9505994,
              37.2202403
            ],
            [
              126.9505982,
              37.2203449
            ],
            [
              126.9505285,
              37.220403
            ],
            [
              126.9504507,
              37.2203438
            ]
          ]
        ]
      },
      "id": "way/626373813"
    },
    {
      "type": "Feature",
      "properties": {
        "@id": "way/626373814",
        "building": "yes"
      },
      "geometry": {
        "type": "Polygon",
        "coordinates": [
          [
            [
              126.9502686,
              37.2205785
            ],
            [
              126.9504759,
              37.2203865
            ],
            [
              126.9505593,
              37.2204435
            ],
            [
              126.950352,
              37.2206355
            ],
            [
              126.9502686,
              37.2205785
            ]
          ]
        ]
      },
      "id": "way/626373814"
    },
    {
      "type": "Feature",
      "properties": {
        "@id": "way/626373815",
        "building": "yes"
      },
      "geometry": {
        "type": "Polygon",
        "coordinates": [
          [
            [
              126.9500394,
              37.220166
            ],
            [
              126.950132,
              37.2200794
            ],
            [
              126.9502156,
              37.2201361
            ],
            [
              126.9503812,
              37.2199812
            ],
            [
              126.9505216,
              37.2200764
            ],
            [
              126.950342,
              37.2202444
            ],
            [
              126.9503766,
              37.2202679
            ],
            [
              126.9501497,
              37.22048
            ],
            [
              126.9501108,
              37.2204536
            ],
            [
              126.9500987,
              37.2204649
            ],
            [
              126.9500618,
              37.2204399
            ],
            [
              126.9500671,
              37.220426
            ],
            [
              126.950031,
              37.2204015
            ],
            [
              126.9501427,
              37.220297
            ],
            [
              126.9500762,
              37.2202518
            ],
            [
              126.9501139,
              37.2202165
            ],
            [
              126.9500394,
              37.220166
            ]
          ]
        ]
      },
      "id": "way/626373815"
    },
    {
      "type": "Feature",
      "properties": {
        "@id": "way/626373816",
        "building": "yes"
      },
      "geometry": {
        "type": "Polygon",
        "coordinates": [
          [
            [
              126.9492647,
              37.2199444
            ],
            [
              126.949312,
              37.2199014
            ],
            [
              126.9493362,
              37.2199183
            ],
            [
              126.9494016,
              37.2198588
            ],
            [
              126.9496514,
              37.2200331
            ],
            [
              126.9495564,
              37.2201194
            ],
            [
              126.9493323,
              37.219963
            ],
            [
              126.9493145,
              37.2199791
            ],
            [
              126.9492647,
              37.2199444
            ]
          ]
        ]
      },
      "id": "way/626373816"
    },
    {
      "type": "Feature",
      "properties": {
        "@id": "way/626373817",
        "building": "yes"
      },
      "geometry": {
        "type": "Polygon",
        "coordinates": [
          [
            [
              126.9491885,
              37.2198347
            ],
            [
              126.9492488,
              37.2198749
            ],
            [
              126.9492087,
              37.2199129
            ],
            [
              126.9491485,
              37.2198726
            ],
            [
              126.9491885,
              37.2198347
            ]
          ]
        ]
      },
      "id": "way/626373817"
    },
    {
      "type": "Feature",
      "properties": {
        "@id": "way/626373818",
        "building": "yes"
      },
      "geometry": {
        "type": "Polygon",
        "coordinates": [
          [
            [
              126.9493684,
              37.2196849
            ],
            [
              126.9494302,
              37.2197307
            ],
            [
              126.9492679,
              37.2198695
            ],
            [
              126.9492061,
              37.2198236
            ],
            [
              126.9493684,
              37.2196849
            ]
          ]
        ]
      },
      "id": "way/626373818"
    },
    {
      "type": "Feature",
      "properties": {
        "@id": "way/626373820",
        "building": "yes"
      },
      "geometry": {
        "type": "Polygon",
        "coordinates": [
          [
            [
              126.9495761,
              37.2194987
            ],
            [
              126.9496462,
              37.2195482
            ],
            [
              126.9494676,
              37.2197086
            ],
            [
              126.9493976,
              37.2196591
            ],
            [
              126.9495761,
              37.2194987
            ]
          ]
        ]
      },
      "id": "way/626373820"
    },
    {
      "type": "Feature",
      "properties": {
        "@id": "way/626373821",
        "building": "yes"
      },
      "geometry": {
        "type": "Polygon",
        "coordinates": [
          [
            [
              126.94979,
              37.2193348
            ],
            [
              126.9500157,
              37.2194883
            ],
            [
              126.9499432,
              37.2195559
            ],
            [
              126.9498123,
              37.2194668
            ],
            [
              126.9498016,
              37.2194768
            ],
            [
              126.9497068,
              37.2194124
            ],
            [
              126.94979,
              37.2193348
            ]
          ]
        ]
      },
      "id": "way/626373821"
    },
    {
      "type": "Feature",
      "properties": {
        "@id": "way/626373822",
        "building": "retail"
      },
      "geometry": {
        "type": "Polygon",
        "coordinates": [
          [
            [
              126.9495402,
              37.2187393
            ],
            [
              126.9495957,
              37.2186586
            ],
            [
              126.9497345,
              37.2187191
            ],
            [
              126.9496693,
              37.218814
            ],
            [
              126.9496283,
              37.2187961
            ],
            [
              126.9496313,
              37.218779
            ],
            [
              126.9495402,
              37.2187393
            ]
          ]
        ]
      },
      "id": "way/626373822"
    },
    {
      "type": "Feature",
      "properties": {
        "@id": "way/626373823",
        "building": "yes"
      },
      "geometry": {
        "type": "Polygon",
        "coordinates": [
          [
            [
              126.9500416,
              37.2190836
            ],
            [
              126.9500734,
              37.2190622
            ],
            [
              126.9501302,
              37.2191157
            ],
            [
              126.9501328,
              37.219169
            ],
            [
              126.9501087,
              37.2191859
            ],
            [
              126.9500336,
              37.2191178
            ],
            [
              126.9500416,
              37.2190836
            ]
          ]
        ]
      },
      "id": "way/626373823"
    },
    {
      "type": "Feature",
      "properties": {
        "@id": "way/626373824",
        "addr:city": "화성시",
        "addr:district": "효행구",
        "addr:housenumber": "15",
        "addr:postcode": "18316",
        "addr:province": "경기도",
        "addr:street": "샘마을1길",
        "addr:subdistrict": "상리",
        "addr:town": "봉담읍",
        "building": "yes"
      },
      "geometry": {
        "type": "Polygon",
        "coordinates": [
          [
            [
              126.9503252,
              37.2188167
            ],
            [
              126.9503955,
              37.2187559
            ],
            [
              126.950564,
              37.2188792
            ],
            [
              126.9502427,
              37.2191577
            ],
            [
              126.9501852,
              37.2191157
            ],
            [
              126.9504364,
              37.218898
            ],
            [
              126.9503252,
              37.2188167
            ]
          ]
        ]
      },
      "id": "way/626373824"
    },
    {
      "type": "Feature",
      "properties": {
        "@id": "way/626373825",
        "addr:city": "화성시",
        "addr:district": "효행구",
        "addr:housenumber": "19",
        "addr:postcode": "18316",
        "addr:province": "경기도",
        "addr:street": "샘마을길",
        "addr:subdistrict": "상리",
        "addr:town": "봉담읍",
        "building": "retail"
      },
      "geometry": {
        "type": "Polygon",
        "coordinates": [
          [
            [
              126.949752,
              37.2185283
            ],
            [
              126.9498914,
              37.218445
            ],
            [
              126.9502723,
              37.2186244
            ],
            [
              126.9502804,
              37.218697
            ],
            [
              126.950236,
              37.2187567
            ],
            [
              126.949752,
              37.2185283
            ]
          ]
        ]
      },
      "id": "way/626373825"
    },
    {
      "type": "Feature",
      "properties": {
        "@id": "way/626373826",
        "addr:city": "화성시",
        "addr:district": "효행구",
        "addr:housenumber": "17",
        "addr:postcode": "18316",
        "addr:province": "경기도",
        "addr:street": "샘마을길",
        "addr:subdistrict": "상리",
        "addr:town": "봉담읍",
        "building": "retail"
      },
      "geometry": {
        "type": "Polygon",
        "coordinates": [
          [
            [
              126.9497125,
              37.2188217
            ],
            [
              126.9497705,
              37.2187391
            ],
            [
              126.9497947,
              37.2187499
            ],
            [
              126.9498865,
              37.2186191
            ],
            [
              126.9501134,
              37.21872
            ],
            [
              126.9499637,
              37.2189334
            ],
            [
              126.9497125,
              37.2188217
            ]
          ]
        ]
      },
      "id": "way/626373826"
    },
    {
      "type": "Feature",
      "properties": {
        "@id": "way/626373827",
        "building": "yes"
      },
      "geometry": {
        "type": "Polygon",
        "coordinates": [
          [
            [
              126.9497425,
              37.2189451
            ],
            [
              126.9497904,
              37.2188795
            ],
            [
              126.949945,
              37.2189512
            ],
            [
              126.9498971,
              37.2190167
            ],
            [
              126.9497425,
              37.2189451
            ]
          ]
        ]
      },
      "id": "way/626373827"
    },
    {
      "type": "Feature",
      "properties": {
        "@id": "way/626373828",
        "building": "retail"
      },
      "geometry": {
        "type": "Polygon",
        "coordinates": [
          [
            [
              126.9495141,
              37.2189846
            ],
            [
              126.949601,
              37.2188891
            ],
            [
              126.9497533,
              37.218977
            ],
            [
              126.9496665,
              37.2190725
            ],
            [
              126.9495141,
              37.2189846
            ]
          ]
        ]
      },
      "id": "way/626373828"
    },
    {
      "type": "Feature",
      "properties": {
        "@id": "way/626373829",
        "addr:city": "화성시",
        "addr:district": "효행구",
        "addr:housenumber": "13",
        "addr:postcode": "18316",
        "addr:province": "경기도",
        "addr:street": "샘마을길",
        "addr:subdistrict": "상리",
        "addr:town": "봉담읍",
        "building": "retail"
      },
      "geometry": {
        "type": "Polygon",
        "coordinates": [
          [
            [
              126.9494424,
              37.218855
            ],
            [
              126.9494917,
              37.2188123
            ],
            [
              126.9495735,
              37.2188722
            ],
            [
              126.9495241,
              37.2189149
            ],
            [
              126.9494424,
              37.218855
            ]
          ]
        ]
      },
      "id": "way/626373829"
    },
    {
      "type": "Feature",
      "properties": {
        "@id": "way/626597503",
        "addr:city": "화성시",
        "addr:district": "효행구",
        "addr:housenumber": "40",
        "addr:postcode": "18316",
        "addr:province": "경기도",
        "addr:street": "동화길",
        "addr:subdistrict": "동화리",
        "addr:town": "봉담읍",
        "building": "yes"
      },
      "geometry": {
        "type": "Polygon",
        "coordinates": [
          [
            [
              126.9539094,
              37.2192289
            ],
            [
              126.9539174,
              37.2191498
            ],
            [
              126.9539912,
              37.2190986
            ],
            [
              126.9540207,
              37.2191071
            ],
            [
              126.9540355,
              37.2191605
            ],
            [
              126.953934,
              37.2192472
            ],
            [
              126.9539094,
              37.2192289
            ]
          ]
        ]
      },
      "id": "way/626597503"
    },
    {
      "type": "Feature",
      "properties": {
        "@id": "way/626597504",
        "addr:city": "화성시",
        "addr:district": "효행구",
        "addr:housenumber": "42",
        "addr:postcode": "18316",
        "addr:province": "경기도",
        "addr:street": "동화길",
        "addr:subdistrict": "동화리",
        "addr:town": "봉담읍",
        "building": "yes"
      },
      "geometry": {
        "type": "Polygon",
        "coordinates": [
          [
            [
              126.9539316,
              37.2189686
            ],
            [
              126.9540257,
              37.2188962
            ],
            [
              126.9540508,
              37.2189169
            ],
            [
              126.9542148,
              37.2187907
            ],
            [
              126.9541863,
              37.2187673
            ],
            [
              126.9542595,
              37.218711
            ],
            [
              126.9543877,
              37.2188167
            ],
            [
              126.9541213,
              37.2190217
            ],
            [
              126.954018,
              37.2190398
            ],
            [
              126.9539316,
              37.2189686
            ]
          ]
        ]
      },
      "id": "way/626597504"
    },
    {
      "type": "Feature",
      "properties": {
        "@id": "way/626597505",
        "addr:city": "화성시",
        "addr:district": "효행구",
        "addr:housenumber": "51-2",
        "addr:postcode": "18316",
        "addr:province": "경기도",
        "addr:street": "상봉길",
        "addr:subdistrict": "동화리",
        "addr:town": "봉담읍",
        "building": "yes"
      },
      "geometry": {
        "type": "Polygon",
        "coordinates": [
          [
            [
              126.9540606,
              37.2186941
            ],
            [
              126.9541199,
              37.2186532
            ],
            [
              126.9541495,
              37.2186703
            ],
            [
              126.9541763,
              37.2186596
            ],
            [
              126.954191,
              37.2186596
            ],
            [
              126.9542125,
              37.2186778
            ],
            [
              126.9542138,
              37.2187013
            ],
            [
              126.9541308,
              37.2187586
            ],
            [
              126.9540606,
              37.2186941
            ]
          ]
        ]
      },
      "id": "way/626597505"
    },
    {
      "type": "Feature",
      "properties": {
        "@id": "way/626597506",
        "addr:city": "화성시",
        "addr:district": "효행구",
        "addr:housenumber": "51-4",
        "addr:postcode": "18316",
        "addr:province": "경기도",
        "addr:street": "상봉길",
        "addr:subdistrict": "동화리",
        "addr:town": "봉담읍",
        "building": "yes"
      },
      "geometry": {
        "type": "Polygon",
        "coordinates": [
          [
            [
              126.9538983,
              37.2188209
            ],
            [
              126.9540301,
              37.2187166
            ],
            [
              126.954099,
              37.2187718
            ],
            [
              126.9539671,
              37.2188761
            ],
            [
              126.9538983,
              37.2188209
            ]
          ]
        ]
      },
      "id": "way/626597506"
    },
    {
      "type": "Feature",
      "properties": {
        "@id": "way/626597507",
        "addr:city": "화성시",
        "addr:district": "효행구",
        "addr:housenumber": "51-6",
        "addr:postcode": "18316",
        "addr:province": "경기도",
        "addr:street": "상봉길",
        "addr:subdistrict": "동화리",
        "addr:town": "봉담읍",
        "building": "yes",
        "name": "리치빌라"
      },
      "geometry": {
        "type": "Polygon",
        "coordinates": [
          [
            [
              126.953679,
              37.2190002
            ],
            [
              126.9536901,
              37.2189917
            ],
            [
              126.9536721,
              37.2189768
            ],
            [
              126.953856,
              37.2188356
            ],
            [
              126.9539521,
              37.218915
            ],
            [
              126.9537688,
              37.2190556
            ],
            [
              126.953751,
              37.2190409
            ],
            [
              126.9537393,
              37.21905
            ],
            [
              126.953679,
              37.2190002
            ]
          ]
        ]
      },
      "id": "way/626597507"
    },
    {
      "type": "Feature",
      "properties": {
        "@id": "way/626597508",
        "addr:city": "화성시",
        "addr:district": "효행구",
        "addr:housenumber": "51-8",
        "addr:postcode": "18316",
        "addr:province": "경기도",
        "addr:street": "상봉길",
        "addr:subdistrict": "동화리",
        "addr:town": "봉담읍",
        "building": "yes"
      },
      "geometry": {
        "type": "Polygon",
        "coordinates": [
          [
            [
              126.953478,
              37.2191161
            ],
            [
              126.9535453,
              37.2190423
            ],
            [
              126.9536928,
              37.21912
            ],
            [
              126.9536513,
              37.2191676
            ],
            [
              126.9536646,
              37.2191757
            ],
            [
              126.9536363,
              37.2192083
            ],
            [
              126.953478,
              37.2191161
            ]
          ]
        ]
      },
      "id": "way/626597508"
    },
    {
      "type": "Feature",
      "properties": {
        "@id": "way/626597509",
        "building": "yes"
      },
      "geometry": {
        "type": "Polygon",
        "coordinates": [
          [
            [
              126.9534313,
              37.2194376
            ],
            [
              126.9535214,
              37.219346
            ],
            [
              126.9536335,
              37.2194112
            ],
            [
              126.9535447,
              37.2195068
            ],
            [
              126.9534313,
              37.2194376
            ]
          ]
        ]
      },
      "id": "way/626597509"
    },
    {
      "type": "Feature",
      "properties": {
        "@id": "way/626597510",
        "addr:city": "화성시",
        "addr:district": "효행구",
        "addr:housenumber": "51-10",
        "addr:postcode": "18316",
        "addr:province": "경기도",
        "addr:street": "상봉길",
        "addr:subdistrict": "동화리",
        "addr:town": "봉담읍",
        "building": "yes"
      },
      "geometry": {
        "type": "Polygon",
        "coordinates": [
          [
            [
              126.953363,
              37.2192222
            ],
            [
              126.9534561,
              37.2191158
            ],
            [
              126.9536403,
              37.2192222
            ],
            [
              126.9535401,
              37.2193248
            ],
            [
              126.953363,
              37.2192222
            ]
          ]
        ]
      },
      "id": "way/626597510"
    },
    {
      "type": "Feature",
      "properties": {
        "@id": "way/626597511",
        "addr:city": "화성시",
        "addr:district": "효행구",
        "addr:housenumber": "51-12",
        "addr:postcode": "18316",
        "addr:province": "경기도",
        "addr:street": "상봉길",
        "addr:subdistrict": "동화리",
        "addr:town": "봉담읍",
        "building": "yes"
      },
      "geometry": {
        "type": "Polygon",
        "coordinates": [
          [
            [
              126.9532415,
              37.2193124
            ],
            [
              126.9533229,
              37.2192283
            ],
            [
              126.9535103,
              37.2193378
            ],
            [
              126.9534281,
              37.2194222
            ],
            [
              126.9532415,
              37.2193124
            ]
          ]
        ]
      },
      "id": "way/626597511"
    },
    {
      "type": "Feature",
      "properties": {
        "@id": "way/626597512",
        "addr:city": "화성시",
        "addr:district": "효행구",
        "addr:housenumber": "51-14",
        "addr:postcode": "18316",
        "addr:province": "경기도",
        "addr:street": "상봉길",
        "addr:subdistrict": "동화리",
        "addr:town": "봉담읍",
        "building": "yes",
        "name": "로얄훼미리"
      },
      "geometry": {
        "type": "Polygon",
        "coordinates": [
          [
            [
              126.9530685,
              37.2194448
            ],
            [
              126.9531335,
              37.2193801
            ],
            [
              126.9531608,
              37.2193975
            ],
            [
              126.953183,
              37.2193754
            ],
            [
              126.9532163,
              37.2193966
            ],
            [
              126.9532411,
              37.2193719
            ],
            [
              126.9534474,
              37.2195033
            ],
            [
              126.9533354,
              37.2196148
            ],
            [
              126.9530685,
              37.2194448
            ]
          ]
        ]
      },
      "id": "way/626597512"
    },
    {
      "type": "Feature",
      "properties": {
        "@id": "way/626597513",
        "addr:city": "화성시",
        "addr:district": "효행구",
        "addr:housenumber": "51-16",
        "addr:postcode": "18316",
        "addr:province": "경기도",
        "addr:street": "상봉길",
        "addr:subdistrict": "동화리",
        "addr:town": "봉담읍",
        "building": "yes",
        "name": "그린맨션"
      },
      "geometry": {
        "type": "Polygon",
        "coordinates": [
          [
            [
              126.9528625,
              37.2194991
            ],
            [
              126.9529108,
              37.2194469
            ],
            [
              126.9530988,
              37.2195572
            ],
            [
              126.9530328,
              37.2196286
            ],
            [
              126.952927,
              37.2195665
            ],
            [
              126.9529447,
              37.2195474
            ],
            [
              126.9528625,
              37.2194991
            ]
          ]
        ]
      },
      "id": "way/626597513"
    },
    {
      "type": "Feature",
      "properties": {
        "@id": "way/626597517",
        "building": "apartments",
        "name": "104동"
      },
      "geometry": {
        "type": "Polygon",
        "coordinates": [
          [
            [
              126.9524271,
              37.2193156
            ],
            [
              126.9526036,
              37.2191562
            ],
            [
              126.952638,
              37.2191803
            ],
            [
              126.9528226,
              37.2190136
            ],
            [
              126.9529181,
              37.2190807
            ],
            [
              126.9527373,
              37.2192438
            ],
            [
              126.9527058,
              37.2192217
            ],
            [
              126.9525253,
              37.2193846
            ],
            [
              126.9524271,
              37.2193156
            ]
          ]
        ]
      },
      "id": "way/626597517"
    },
    {
      "type": "Feature",
      "properties": {
        "@id": "way/626597518",
        "building": "apartments",
        "name": "105동"
      },
      "geometry": {
        "type": "Polygon",
        "coordinates": [
          [
            [
              126.9528946,
              37.2189533
            ],
            [
              126.9530767,
              37.218792
            ],
            [
              126.9531661,
              37.2188561
            ],
            [
              126.9529841,
              37.2190173
            ],
            [
              126.9528946,
              37.2189533
            ]
          ]
        ]
      },
      "id": "way/626597518"
    },
    {
      "type": "Feature",
      "properties": {
        "@id": "way/626597519",
        "building": "apartments",
        "name": "106동"
      },
      "geometry": {
        "type": "Polygon",
        "coordinates": [
          [
            [
              126.9532315,
              37.2186441
            ],
            [
              126.9533978,
              37.2184936
            ],
            [
              126.9533982,
              37.2183689
            ],
            [
              126.9536623,
              37.2183694
            ],
            [
              126.953662,
              37.2184807
            ],
            [
              126.9537476,
              37.2185482
            ],
            [
              126.9536795,
              37.218603
            ],
            [
              126.9535922,
              37.2185341
            ],
            [
              126.9535091,
              37.2185363
            ],
            [
              126.9533188,
              37.218715
            ],
            [
              126.9532328,
              37.218657
            ],
            [
              126.9532315,
              37.2186441
            ]
          ]
        ]
      },
      "id": "way/626597519"
    },
    {
      "type": "Feature",
      "properties": {
        "@id": "way/626597520",
        "building": "apartments",
        "name": "101동"
      },
      "geometry": {
        "type": "Polygon",
        "coordinates": [
          [
            [
              126.9526985,
              37.2181186
            ],
            [
              126.9527936,
              37.2180386
            ],
            [
              126.9527929,
              37.217927
            ],
            [
              126.9530477,
              37.217926
            ],
            [
              126.9530484,
              37.2180301
            ],
            [
              126.953272,
              37.2181892
            ],
            [
              126.9531811,
              37.2182703
            ],
            [
              126.9529726,
              37.2181219
            ],
            [
              126.9529734,
              37.2180813
            ],
            [
              126.9528861,
              37.2180803
            ],
            [
              126.9528362,
              37.2181223
            ],
            [
              126.9528619,
              37.2181417
            ],
            [
              126.9527992,
              37.2181945
            ],
            [
              126.9526985,
              37.2181186
            ]
          ]
        ]
      },
      "id": "way/626597520"
    },
    {
      "type": "Feature",
      "properties": {
        "@id": "way/626597521",
        "building": "apartments",
        "name": "102동"
      },
      "geometry": {
        "type": "Polygon",
        "coordinates": [
          [
            [
              126.9524341,
              37.2183333
            ],
            [
              126.9526079,
              37.2181716
            ],
            [
              126.9526991,
              37.2182339
            ],
            [
              126.9525253,
              37.2183955
            ],
            [
              126.9524341,
              37.2183333
            ]
          ]
        ]
      },
      "id": "way/626597521"
    },
    {
      "type": "Feature",
      "properties": {
        "@id": "way/626597522",
        "building": "apartments",
        "name": "103동"
      },
      "geometry": {
        "type": "Polygon",
        "coordinates": [
          [
            [
              126.9519146,
              37.2188017
            ],
            [
              126.9522764,
              37.2184714
            ],
            [
              126.9523652,
              37.2185331
            ],
            [
              126.9520034,
              37.2188634
            ],
            [
              126.9519146,
              37.2188017
            ]
          ]
        ]
      },
      "id": "way/626597522"
    },
    {
      "type": "Feature",
      "properties": {
        "@id": "way/626597523",
        "building": "yes"
      },
      "geometry": {
        "type": "Polygon",
        "coordinates": [
          [
            [
              126.95238,
              37.2181191
            ],
            [
              126.9526151,
              37.2179044
            ],
            [
              126.952703,
              37.2179655
            ],
            [
              126.9524679,
              37.2181801
            ],
            [
              126.95238,
              37.2181191
            ]
          ]
        ]
      },
      "id": "way/626597523"
    },
    {
      "type": "Feature",
      "properties": {
        "@id": "way/626597525",
        "addr:city": "화성시",
        "addr:district": "효행구",
        "addr:housenumber": "51-18",
        "addr:postcode": "18316",
        "addr:province": "경기도",
        "addr:street": "상봉길",
        "addr:subdistrict": "동화리",
        "addr:town": "봉담읍",
        "building": "yes",
        "level": "1"
      },
      "geometry": {
        "type": "Polygon",
        "coordinates": [
          [
            [
              126.9527105,
              37.2196863
            ],
            [
              126.9528342,
              37.2195463
            ],
            [
              126.9531235,
              37.2197085
            ],
            [
              126.9530572,
              37.2197835
            ],
            [
              126.9528801,
              37.2197814
            ],
            [
              126.9527105,
              37.2196863
            ]
          ]
        ]
      },
      "id": "way/626597525"
    },
    {
      "type": "Feature",
      "properties": {
        "@id": "way/626597527",
        "addr:city": "화성시",
        "addr:district": "효행구",
        "addr:housenumber": "28",
        "addr:postcode": "18316",
        "addr:province": "경기도",
        "addr:street": "동화길",
        "addr:subdistrict": "동화리",
        "addr:town": "봉담읍",
        "building": "yes",
        "level": "4"
      },
      "geometry": {
        "type": "Polygon",
        "coordinates": [
          [
            [
              126.9528232,
              37.2199614
            ],
            [
              126.9528978,
              37.2198958
            ],
            [
              126.9529546,
              37.2199367
            ],
            [
              126.9529646,
              37.2199279
            ],
            [
              126.953008,
              37.2199593
            ],
            [
              126.9529982,
              37.2199679
            ],
            [
              126.9530235,
              37.2199861
            ],
            [
              126.9529486,
              37.2200519
            ],
            [
              126.9528232,
              37.2199614
            ]
          ]
        ]
      },
      "id": "way/626597527"
    },
    {
      "type": "Feature",
      "properties": {
        "@id": "way/626597528",
        "addr:city": "화성시",
        "addr:district": "효행구",
        "addr:housenumber": "18",
        "addr:postcode": "18316",
        "addr:province": "경기도",
        "addr:street": "동화길",
        "addr:subdistrict": "동화리",
        "addr:town": "봉담읍",
        "building": "yes",
        "name": "화성국민체육센터"
      },
      "geometry": {
        "type": "Polygon",
        "coordinates": [
          [
            [
              126.9513782,
              37.2206213
            ],
            [
              126.9516955,
              37.2203469
            ],
            [
              126.9520644,
              37.2206174
            ],
            [
              126.951747,
              37.2208918
            ],
            [
              126.9513782,
              37.2206213
            ]
          ]
        ]
      },
      "id": "way/626597528"
    },
    {
      "type": "Feature",
      "properties": {
        "@id": "way/626597529",
        "addr:city": "화성시",
        "addr:district": "효행구",
        "addr:housenumber": "1294-7",
        "addr:postcode": "18316",
        "addr:province": "경기도",
        "addr:street": "삼천병마로",
        "addr:subdistrict": "동화리",
        "addr:town": "봉담읍",
        "building": "commercial",
        "level": "5",
        "name": "수성빌딩"
      },
      "geometry": {
        "type": "Polygon",
        "coordinates": [
          [
            [
              126.9509804,
              37.2207626
            ],
            [
              126.9510058,
              37.2207499
            ],
            [
              126.9509742,
              37.2207099
            ],
            [
              126.9510091,
              37.2206924
            ],
            [
              126.9510376,
              37.2207284
            ],
            [
              126.951092,
              37.2207011
            ],
            [
              126.9511897,
              37.2208247
            ],
            [
              126.951075,
              37.2208822
            ],
            [
              126.9509804,
              37.2207626
            ]
          ]
        ]
      },
      "id": "way/626597529"
    },
    {
      "type": "Feature",
      "properties": {
        "@id": "way/626597530",
        "addr:city": "화성시",
        "addr:district": "효행구",
        "addr:housenumber": "6",
        "addr:postcode": "18316",
        "addr:province": "경기도",
        "addr:street": "동화길",
        "addr:subdistrict": "동화리",
        "addr:town": "봉담읍",
        "building": "yes"
      },
      "geometry": {
        "type": "Polygon",
        "coordinates": [
          [
            [
              126.9512715,
              37.2210548
            ],
            [
              126.9513777,
              37.2209869
            ],
            [
              126.9513316,
              37.2209412
            ],
            [
              126.9513786,
              37.2209112
            ],
            [
              126.9514273,
              37.2209595
            ],
            [
              126.9514408,
              37.2209509
            ],
            [
              126.9518482,
              37.2213547
            ],
            [
              126.9516816,
              37.2214613
            ],
            [
              126.9512715,
              37.2210548
            ]
          ]
        ]
      },
      "id": "way/626597530"
    },
    {
      "type": "Feature",
      "properties": {
        "@id": "way/626597531",
        "addr:city": "화성시",
        "addr:district": "효행구",
        "addr:housenumber": "1304",
        "addr:postcode": "18316",
        "addr:province": "경기도",
        "addr:street": "삼천병마로",
        "addr:subdistrict": "동화리",
        "addr:town": "봉담읍",
        "building": "commercial",
        "level": "3"
      },
      "geometry": {
        "type": "Polygon",
        "coordinates": [
          [
            [
              126.9512473,
              37.2213049
            ],
            [
              126.9512714,
              37.2213861
            ],
            [
              126.9512055,
              37.2214183
            ],
            [
              126.9511534,
              37.2213509
            ],
            [
              126.9512473,
              37.2213049
            ]
          ]
        ]
      },
      "id": "way/626597531"
    },
    {
      "type": "Feature",
      "properties": {
        "@id": "way/626597532",
        "addr:city": "화성시",
        "addr:district": "효행구",
        "addr:housenumber": "1302",
        "addr:postcode": "18316",
        "addr:province": "경기도",
        "addr:street": "삼천병마로",
        "addr:subdistrict": "동화리",
        "addr:town": "봉담읍",
        "building": "yes",
        "level": "6",
        "name": "동화장여관"
      },
      "geometry": {
        "type": "Polygon",
        "coordinates": [
          [
            [
              126.9510241,
              37.2212367
            ],
            [
              126.9511345,
              37.2211783
            ],
            [
              126.9512194,
              37.2212802
            ],
            [
              126.9510976,
              37.2213445
            ],
            [
              126.951087,
              37.2213318
            ],
            [
              126.9510667,
              37.2213425
            ],
            [
              126.951053,
              37.2213261
            ],
            [
              126.9510252,
              37.2213408
            ],
            [
              126.9510019,
              37.2213129
            ],
            [
              126.9510357,
              37.2212951
            ],
            [
              126.9510182,
              37.2212741
            ],
            [
              126.9510439,
              37.2212605
            ],
            [
              126.9510241,
              37.2212367
            ]
          ]
        ]
      },
      "id": "way/626597532"
    },
    {
      "type": "Feature",
      "properties": {
        "@id": "way/626597533",
        "addr:city": "화성시",
        "addr:district": "효행구",
        "addr:housenumber": "1300",
        "addr:postcode": "18316",
        "addr:province": "경기도",
        "addr:street": "삼천병마로",
        "addr:subdistrict": "동화리",
        "addr:town": "봉담읍",
        "building": "commercial",
        "level": "2"
      },
      "geometry": {
        "type": "Polygon",
        "coordinates": [
          [
            [
              126.9510287,
              37.2211998
            ],
            [
              126.9509336,
              37.2210721
            ],
            [
              126.9510374,
              37.2210231
            ],
            [
              126.9511326,
              37.2211508
            ],
            [
              126.9510287,
              37.2211998
            ]
          ]
        ]
      },
      "id": "way/626597533"
    },
    {
      "type": "Feature",
      "properties": {
        "@id": "way/626597534",
        "addr:city": "화성시",
        "addr:district": "효행구",
        "addr:housenumber": "1298",
        "addr:postcode": "18316",
        "addr:province": "경기도",
        "addr:street": "삼천병마로",
        "addr:subdistrict": "동화리",
        "addr:town": "봉담읍",
        "building": "commercial",
        "level": "3"
      },
      "geometry": {
        "type": "Polygon",
        "coordinates": [
          [
            [
              126.9508227,
              37.2211124
            ],
            [
              126.9507746,
              37.2210533
            ],
            [
              126.9509703,
              37.2209523
            ],
            [
              126.9510184,
              37.2210114
            ],
            [
              126.9508227,
              37.2211124
            ]
          ]
        ]
      },
      "id": "way/626597534"
    },
    {
      "type": "Feature",
      "properties": {
        "@id": "way/626597535",
        "addr:city": "화성시",
        "addr:district": "효행구",
        "addr:housenumber": "1296",
        "addr:postcode": "18316",
        "addr:province": "경기도",
        "addr:street": "삼천병마로",
        "addr:subdistrict": "동화리",
        "addr:town": "봉담읍",
        "building": "commercial",
        "level": "4"
      },
      "geometry": {
        "type": "Polygon",
        "coordinates": [
          [
            [
              126.9506514,
              37.2209264
            ],
            [
              126.9508221,
              37.2208332
            ],
            [
              126.9509276,
              37.2209556
            ],
            [
              126.9507569,
              37.2210489
            ],
            [
              126.9506514,
              37.2209264
            ]
          ]
        ]
      },
      "id": "way/626597535"
    },
    {
      "type": "Feature",
      "properties": {
        "@id": "way/626597536",
        "addr:city": "화성시",
        "addr:district": "효행구",
        "addr:housenumber": "1294-3",
        "addr:postcode": "18316",
        "addr:province": "경기도",
        "addr:street": "삼천병마로",
        "addr:subdistrict": "동화리",
        "addr:town": "봉담읍",
        "building": "commercial",
        "level": "4"
      },
      "geometry": {
        "type": "Polygon",
        "coordinates": [
          [
            [
              126.9505574,
              37.2208076
            ],
            [
              126.950684,
              37.2207514
            ],
            [
              126.9507603,
              37.2208604
            ],
            [
              126.9506337,
              37.2209166
            ],
            [
              126.9505574,
              37.2208076
            ]
          ]
        ]
      },
      "id": "way/626597536"
    },
    {
      "type": "Feature",
      "properties": {
        "@id": "way/626597556",
        "addr:city": "화성시",
        "addr:district": "효행구",
        "addr:housenumber": "26-4",
        "addr:postcode": "18313",
        "addr:province": "경기도",
        "addr:street": "진등2길",
        "addr:subdistrict": "수영리",
        "addr:town": "봉담읍",
        "building": "yes"
      },
      "geometry": {
        "type": "Polygon",
        "coordinates": [
          [
            [
              126.9484439,
              37.2219941
            ],
            [
              126.9484457,
              37.221888
            ],
            [
              126.9485342,
              37.221841
            ],
            [
              126.948623,
              37.221842
            ],
            [
              126.948622,
              37.2218992
            ],
            [
              126.9485907,
              37.2218988
            ],
            [
              126.9485902,
              37.221925
            ],
            [
              126.9485603,
              37.2219247
            ],
            [
              126.9485599,
              37.2219491
            ],
            [
              126.94853,
              37.2219487
            ],
            [
              126.9485296,
              37.2219698
            ],
            [
              126.9485011,
              37.2219695
            ],
            [
              126.9485006,
              37.2219947
            ],
            [
              126.9484439,
              37.2219941
            ]
          ]
        ]
      },
      "id": "way/626597556"
    },
    {
      "type": "Feature",
      "properties": {
        "@id": "way/626597558",
        "addr:city": "화성시",
        "addr:district": "효행구",
        "addr:housenumber": "22",
        "addr:postcode": "18313",
        "addr:province": "경기도",
        "addr:street": "진등2길",
        "addr:subdistrict": "수영리",
        "addr:town": "봉담읍",
        "building": "yes"
      },
      "geometry": {
        "type": "Polygon",
        "coordinates": [
          [
            [
              126.9484565,
              37.2217599
            ],
            [
              126.9484565,
              37.2217289
            ],
            [
              126.9485223,
              37.2217106
            ],
            [
              126.9485705,
              37.2217738
            ],
            [
              126.948571,
              37.2218073
            ],
            [
              126.9485128,
              37.2218079
            ],
            [
              126.9484565,
              37.2217599
            ]
          ]
        ]
      },
      "id": "way/626597558"
    },
    {
      "type": "Feature",
      "properties": {
        "@id": "way/626597559",
        "building": "yes"
      },
      "geometry": {
        "type": "Polygon",
        "coordinates": [
          [
            [
              126.9486141,
              37.2218133
            ],
            [
              126.9486912,
              37.2217545
            ],
            [
              126.9487656,
              37.2218164
            ],
            [
              126.9486885,
              37.2218752
            ],
            [
              126.9486141,
              37.2218133
            ]
          ]
        ]
      },
      "id": "way/626597559"
    },
    {
      "type": "Feature",
      "properties": {
        "@id": "way/626597560",
        "addr:city": "화성시",
        "addr:district": "효행구",
        "addr:housenumber": "26-6",
        "addr:postcode": "18313",
        "addr:province": "경기도",
        "addr:street": "진등2길",
        "addr:subdistrict": "수영리",
        "addr:town": "봉담읍",
        "building": "yes"
      },
      "geometry": {
        "type": "Polygon",
        "coordinates": [
          [
            [
              126.9487269,
              37.2217246
            ],
            [
              126.9488065,
              37.2216622
            ],
            [
              126.9488916,
              37.221731
            ],
            [
              126.9488575,
              37.2217577
            ],
            [
              126.9488253,
              37.2217316
            ],
            [
              126.9487797,
              37.2217673
            ],
            [
              126.9487269,
              37.2217246
            ]
          ]
        ]
      },
      "id": "way/626597560"
    },
    {
      "type": "Feature",
      "properties": {
        "@id": "way/626597562",
        "addr:city": "화성시",
        "addr:district": "효행구",
        "addr:housenumber": "20-5",
        "addr:postcode": "18313",
        "addr:province": "경기도",
        "addr:street": "진등2길",
        "addr:subdistrict": "수영리",
        "addr:town": "봉담읍",
        "building": "yes"
      },
      "geometry": {
        "type": "Polygon",
        "coordinates": [
          [
            [
              126.9485537,
              37.2216993
            ],
            [
              126.9486832,
              37.2216035
            ],
            [
              126.9487421,
              37.2216539
            ],
            [
              126.9487543,
              37.2216449
            ],
            [
              126.9487738,
              37.2216616
            ],
            [
              126.948612,
              37.2217813
            ],
            [
              126.9485882,
              37.2217609
            ],
            [
              126.9486083,
              37.2217461
            ],
            [
              126.9485537,
              37.2216993
            ]
          ]
        ]
      },
      "id": "way/626597562"
    },
    {
      "type": "Feature",
      "properties": {
        "@id": "way/626597563",
        "addr:city": "화성시",
        "addr:district": "효행구",
        "addr:housenumber": "20",
        "addr:postcode": "18313",
        "addr:province": "경기도",
        "addr:street": "진등2길",
        "addr:subdistrict": "수영리",
        "addr:town": "봉담읍",
        "building": "yes"
      },
      "geometry": {
        "type": "Polygon",
        "coordinates": [
          [
            [
              126.9484632,
              37.2216531
            ],
            [
              126.9484659,
              37.2214908
            ],
            [
              126.9484766,
              37.2214801
            ],
            [
              126.9484967,
              37.2214801
            ],
            [
              126.9486174,
              37.2215815
            ],
            [
              126.9486228,
              37.221605
            ],
            [
              126.9485329,
              37.2216638
            ],
            [
              126.9484632,
              37.2216531
            ]
          ]
        ]
      },
      "id": "way/626597563"
    },
    {
      "type": "Feature",
      "properties": {
        "@id": "way/626597564",
        "addr:city": "화성시",
        "addr:district": "효행구",
        "addr:housenumber": "20-20",
        "addr:postcode": "18313",
        "addr:province": "경기도",
        "addr:street": "진등2길",
        "addr:subdistrict": "수영리",
        "addr:town": "봉담읍",
        "building": "yes"
      },
      "geometry": {
        "type": "Polygon",
        "coordinates": [
          [
            [
              126.9485814,
              37.2213909
            ],
            [
              126.9486442,
              37.22134
            ],
            [
              126.9487446,
              37.2214187
            ],
            [
              126.9486818,
              37.2214696
            ],
            [
              126.9485814,
              37.2213909
            ]
          ]
        ]
      },
      "id": "way/626597564"
    },
    {
      "type": "Feature",
      "properties": {
        "@id": "way/626597567",
        "addr:city": "화성시",
        "addr:district": "효행구",
        "addr:housenumber": "20-18",
        "addr:postcode": "18313",
        "addr:province": "경기도",
        "addr:street": "진등2길",
        "addr:subdistrict": "수영리",
        "addr:town": "봉담읍",
        "building": "yes"
      },
      "geometry": {
        "type": "Polygon",
        "coordinates": [
          [
            [
              126.9486766,
              37.2213129
            ],
            [
              126.9487394,
              37.221262
            ],
            [
              126.9488398,
              37.2213407
            ],
            [
              126.948777,
              37.2213916
            ],
            [
              126.9486766,
              37.2213129
            ]
          ]
        ]
      },
      "id": "way/626597567"
    },
    {
      "type": "Feature",
      "properties": {
        "@id": "way/626597570",
        "addr:city": "화성시",
        "addr:district": "효행구",
        "addr:housenumber": "20-16",
        "addr:postcode": "18313",
        "addr:province": "경기도",
        "addr:street": "진등2길",
        "addr:subdistrict": "수영리",
        "addr:town": "봉담읍",
        "building": "yes"
      },
      "geometry": {
        "type": "Polygon",
        "coordinates": [
          [
            [
              126.9487812,
              37.2212387
            ],
            [
              126.948844,
              37.2211878
            ],
            [
              126.9489444,
              37.2212665
            ],
            [
              126.9488816,
              37.2213174
            ],
            [
              126.9487812,
              37.2212387
            ]
          ]
        ]
      },
      "id": "way/626597570"
    },
    {
      "type": "Feature",
      "properties": {
        "@id": "way/626597573",
        "addr:city": "화성시",
        "addr:district": "효행구",
        "addr:housenumber": "20-14",
        "addr:postcode": "18313",
        "addr:province": "경기도",
        "addr:street": "진등2길",
        "addr:subdistrict": "수영리",
        "addr:town": "봉담읍",
        "building": "yes"
      },
      "geometry": {
        "type": "Polygon",
        "coordinates": [
          [
            [
              126.9488802,
              37.2211681
            ],
            [
              126.9489513,
              37.2211079
            ],
            [
              126.9490533,
              37.2211843
            ],
            [
              126.9489823,
              37.2212445
            ],
            [
              126.9488802,
              37.2211681
            ]
          ]
        ]
      },
      "id": "way/626597573"
    },
    {
      "type": "Feature",
      "properties": {
        "@id": "way/626597576",
        "addr:city": "화성시",
        "addr:district": "효행구",
        "addr:housenumber": "20-12",
        "addr:postcode": "18313",
        "addr:province": "경기도",
        "addr:street": "진등2길",
        "addr:subdistrict": "수영리",
        "addr:town": "봉담읍",
        "building": "yes"
      },
      "geometry": {
        "type": "Polygon",
        "coordinates": [
          [
            [
              126.9487362,
              37.2210871
            ],
            [
              126.9487797,
              37.2210514
            ],
            [
              126.9488038,
              37.22107
            ],
            [
              126.9488306,
              37.221048
            ],
            [
              126.9488534,
              37.2210657
            ],
            [
              126.9488803,
              37.221054
            ],
            [
              126.9489345,
              37.2210959
            ],
            [
              126.9488747,
              37.221145
            ],
            [
              126.9488251,
              37.2211067
            ],
            [
              126.9488064,
              37.221122
            ],
            [
              126.9487769,
              37.2210993
            ],
            [
              126.9487649,
              37.2211092
            ],
            [
              126.9487362,
              37.2210871
            ]
          ]
        ]
      },
      "id": "way/626597576"
    },
    {
      "type": "Feature",
      "properties": {
        "@id": "way/626597577",
        "addr:city": "화성시",
        "addr:district": "효행구",
        "addr:housenumber": "20-8",
        "addr:postcode": "18313",
        "addr:province": "경기도",
        "addr:street": "진등2길",
        "addr:subdistrict": "수영리",
        "addr:town": "봉담읍",
        "building": "yes"
      },
      "geometry": {
        "type": "Polygon",
        "coordinates": [
          [
            [
              126.9485851,
              37.2211896
            ],
            [
              126.9487155,
              37.2210942
            ],
            [
              126.9487774,
              37.2211478
            ],
            [
              126.948647,
              37.2212433
            ],
            [
              126.9485851,
              37.2211896
            ]
          ]
        ]
      },
      "id": "way/626597577"
    },
    {
      "type": "Feature",
      "properties": {
        "@id": "way/626597578",
        "addr:city": "화성시",
        "addr:district": "효행구",
        "addr:housenumber": "20-6",
        "addr:postcode": "18313",
        "addr:province": "경기도",
        "addr:street": "진등2길",
        "addr:subdistrict": "수영리",
        "addr:town": "봉담읍",
        "building": "yes"
      },
      "geometry": {
        "type": "Polygon",
        "coordinates": [
          [
            [
              126.9484626,
              37.2212793
            ],
            [
              126.9485622,
              37.2212049
            ],
            [
              126.9486337,
              37.2212656
            ],
            [
              126.9485341,
              37.22134
            ],
            [
              126.9484626,
              37.2212793
            ]
          ]
        ]
      },
      "id": "way/626597578"
    },
    {
      "type": "Feature",
      "properties": {
        "@id": "way/626597579",
        "addr:city": "화성시",
        "addr:district": "효행구",
        "addr:housenumber": "14",
        "addr:postcode": "18313",
        "addr:province": "경기도",
        "addr:street": "진등2길",
        "addr:subdistrict": "수영리",
        "addr:town": "봉담읍",
        "building": "yes"
      },
      "geometry": {
        "type": "Polygon",
        "coordinates": [
          [
            [
              126.9485806,
              37.2210039
            ],
            [
              126.9485792,
              37.2209679
            ],
            [
              126.9486129,
              37.2209671
            ],
            [
              126.9486113,
              37.2209231
            ],
            [
              126.9487855,
              37.2209189
            ],
            [
              126.9487888,
              37.2210054
            ],
            [
              126.9487388,
              37.2210066
            ],
            [
              126.9487381,
              37.220987
            ],
            [
              126.9487023,
              37.2209878
            ],
            [
              126.9487033,
              37.2210135
            ],
            [
              126.9486629,
              37.2210145
            ],
            [
              126.9486624,
              37.221002
            ],
            [
              126.9485806,
              37.2210039
            ]
          ]
        ]
      },
      "id": "way/626597579"
    },
    {
      "type": "Feature",
      "properties": {
        "@id": "way/626597580",
        "addr:city": "화성시",
        "addr:district": "효행구",
        "addr:housenumber": "12",
        "addr:postcode": "18313",
        "addr:province": "경기도",
        "addr:street": "진등2길",
        "addr:subdistrict": "수영리",
        "addr:town": "봉담읍",
        "building": "yes"
      },
      "geometry": {
        "type": "Polygon",
        "coordinates": [
          [
            [
              126.9484412,
              37.2210267
            ],
            [
              126.9484464,
              37.2208004
            ],
            [
              126.9485256,
              37.2208016
            ],
            [
              126.9485203,
              37.2210279
            ],
            [
              126.9484412,
              37.2210267
            ]
          ]
        ]
      },
      "id": "way/626597580"
    },
    {
      "type": "Feature",
      "properties": {
        "@id": "way/626597581",
        "addr:city": "화성시",
        "addr:district": "효행구",
        "addr:housenumber": "57-1",
        "addr:postcode": "18313",
        "addr:province": "경기도",
        "addr:street": "진등1길",
        "addr:subdistrict": "수영리",
        "addr:town": "봉담읍",
        "building": "yes"
      },
      "geometry": {
        "type": "Polygon",
        "coordinates": [
          [
            [
              126.9489755,
              37.2210736
            ],
            [
              126.9490211,
              37.2209354
            ],
            [
              126.9491056,
              37.2209717
            ],
            [
              126.9490989,
              37.2209963
            ],
            [
              126.9491149,
              37.2210059
            ],
            [
              126.9490693,
              37.2211439
            ],
            [
              126.9490301,
              37.2211357
            ],
            [
              126.949038,
              37.2211116
            ],
            [
              126.9490041,
              37.2211045
            ],
            [
              126.9490118,
              37.2210812
            ],
            [
              126.9489755,
              37.2210736
            ]
          ]
        ]
      },
      "id": "way/626597581"
    },
    {
      "type": "Feature",
      "properties": {
        "@id": "way/626597582",
        "addr:city": "화성시",
        "addr:district": "효행구",
        "addr:housenumber": "57",
        "addr:postcode": "18313",
        "addr:province": "경기도",
        "addr:street": "진등1길",
        "addr:subdistrict": "수영리",
        "addr:town": "봉담읍",
        "building": "yes"
      },
      "geometry": {
        "type": "Polygon",
        "coordinates": [
          [
            [
              126.9488812,
              37.2209965
            ],
            [
              126.9489108,
              37.220896
            ],
            [
              126.9490121,
              37.2209149
            ],
            [
              126.9489739,
              37.2210447
            ],
            [
              126.9489379,
              37.221038
            ],
            [
              126.9489084,
              37.2210016
            ],
            [
              126.9488812,
              37.2209965
            ]
          ]
        ]
      },
      "id": "way/626597582"
    },
    {
      "type": "Feature",
      "properties": {
        "@id": "way/626597583",
        "addr:city": "화성시",
        "addr:district": "효행구",
        "addr:housenumber": "55",
        "addr:postcode": "18313",
        "addr:province": "경기도",
        "addr:street": "진등1길",
        "addr:subdistrict": "수영리",
        "addr:town": "봉담읍",
        "building": "yes"
      },
      "geometry": {
        "type": "Polygon",
        "coordinates": [
          [
            [
              126.9488159,
              37.220928
            ],
            [
              126.9487958,
              37.2208575
            ],
            [
              126.9488224,
              37.2208153
            ],
            [
              126.9489213,
              37.2208548
            ],
            [
              126.9488633,
              37.2209469
            ],
            [
              126.9488159,
              37.220928
            ]
          ]
        ]
      },
      "id": "way/626597583"
    },
    {
      "type": "Feature",
      "properties": {
        "@id": "way/626597584",
        "addr:city": "화성시",
        "addr:district": "효행구",
        "addr:housenumber": "53",
        "addr:postcode": "18313",
        "addr:province": "경기도",
        "addr:street": "진등1길",
        "addr:subdistrict": "수영리",
        "addr:town": "봉담읍",
        "building": "yes"
      },
      "geometry": {
        "type": "Polygon",
        "coordinates": [
          [
            [
              126.9486104,
              37.2208213
            ],
            [
              126.9486666,
              37.22074
            ],
            [
              126.9487824,
              37.2207908
            ],
            [
              126.9487261,
              37.2208721
            ],
            [
              126.9486104,
              37.2208213
            ]
          ]
        ]
      },
      "id": "way/626597584"
    },
    {
      "type": "Feature",
      "properties": {
        "@id": "way/626597585",
        "addr:city": "화성시",
        "addr:district": "효행구",
        "addr:housenumber": "51",
        "addr:postcode": "18313",
        "addr:province": "경기도",
        "addr:street": "진등1길",
        "addr:subdistrict": "수영리",
        "addr:town": "봉담읍",
        "building": "yes"
      },
      "geometry": {
        "type": "Polygon",
        "coordinates": [
          [
            [
              126.9484606,
              37.2207215
            ],
            [
              126.9485085,
              37.2206568
            ],
            [
              126.9486525,
              37.2207244
            ],
            [
              126.9485827,
              37.2208186
            ],
            [
              126.9484626,
              37.2207622
            ],
            [
              126.9484844,
              37.2207327
            ],
            [
              126.9484606,
              37.2207215
            ]
          ]
        ]
      },
      "id": "way/626597585"
    },
    {
      "type": "Feature",
      "properties": {
        "@id": "way/626597586",
        "addr:city": "화성시",
        "addr:district": "효행구",
        "addr:housenumber": "20-24",
        "addr:postcode": "18313",
        "addr:province": "경기도",
        "addr:street": "진등2길",
        "addr:subdistrict": "수영리",
        "addr:town": "봉담읍",
        "building": "yes"
      },
      "geometry": {
        "type": "Polygon",
        "coordinates": [
          [
            [
              126.9488154,
              37.2214747
            ],
            [
              126.949104,
              37.22124
            ],
            [
              126.9491559,
              37.2212804
            ],
            [
              126.9491376,
              37.2212953
            ],
            [
              126.9491733,
              37.2213231
            ],
            [
              126.948903,
              37.221543
            ],
            [
              126.9488154,
              37.2214747
            ]
          ]
        ]
      },
      "id": "way/626597586"
    },
    {
      "type": "Feature",
      "properties": {
        "@id": "way/626597587",
        "addr:city": "화성시",
        "addr:district": "효행구",
        "addr:housenumber": "20-26",
        "addr:postcode": "18313",
        "addr:province": "경기도",
        "addr:street": "진등2길",
        "addr:subdistrict": "수영리",
        "addr:town": "봉담읍",
        "building": "yes"
      },
      "geometry": {
        "type": "Polygon",
        "coordinates": [
          [
            [
              126.9489723,
              37.2216082
            ],
            [
              126.9492609,
              37.2213735
            ],
            [
              126.9493128,
              37.2214139
            ],
            [
              126.9492945,
              37.2214288
            ],
            [
              126.9493302,
              37.2214566
            ],
            [
              126.9490599,
              37.2216765
            ],
            [
              126.9489723,
              37.2216082
            ]
          ]
        ]
      },
      "id": "way/626597587"
    },
    {
      "type": "Feature",
      "properties": {
        "@id": "way/626597588",
        "addr:city": "화성시",
        "addr:district": "효행구",
        "addr:housenumber": "59",
        "addr:postcode": "18313",
        "addr:province": "경기도",
        "addr:street": "진등1길",
        "addr:subdistrict": "수영리",
        "addr:town": "봉담읍",
        "building": "yes"
      },
      "geometry": {
        "type": "Polygon",
        "coordinates": [
          [
            [
              126.949119,
              37.2210764
            ],
            [
              126.9491109,
              37.221038
            ],
            [
              126.9491541,
              37.22096
            ],
            [
              126.9492602,
              37.2209973
            ],
            [
              126.9492006,
              37.221105
            ],
            [
              126.949119,
              37.2210764
            ]
          ]
        ]
      },
      "id": "way/626597588"
    },
    {
      "type": "Feature",
      "properties": {
        "@id": "way/626597589",
        "addr:city": "화성시",
        "addr:housenumber": "59-1",
        "addr:postcode": "18313",
        "addr:province": "경기도",
        "addr:street": "진등1길",
        "addr:subdistrict": "수영리",
        "addr:town": "봉담읍",
        "building": "yes"
      },
      "geometry": {
        "type": "Polygon",
        "coordinates": [
          [
            [
              126.9492275,
              37.2211074
            ],
            [
              126.9492899,
              37.2210147
            ],
            [
              126.9493813,
              37.2210537
            ],
            [
              126.949319,
              37.2211464
            ],
            [
              126.9492275,
              37.2211074
            ]
          ]
        ]
      },
      "id": "way/626597589"
    },
    {
      "type": "Feature",
      "properties": {
        "@id": "way/626597590",
        "addr:city": "화성시",
        "addr:housenumber": "63",
        "addr:postcode": "18313",
        "addr:province": "경기도",
        "addr:street": "진등1길",
        "addr:subdistrict": "수영리",
        "addr:town": "봉담읍",
        "building": "yes"
      },
      "geometry": {
        "type": "Polygon",
        "coordinates": [
          [
            [
              126.9492033,
              37.2212481
            ],
            [
              126.9492906,
              37.2211811
            ],
            [
              126.9493175,
              37.2211939
            ],
            [
              126.9493577,
              37.2211631
            ],
            [
              126.9494182,
              37.2212131
            ],
            [
              126.949382,
              37.2212408
            ],
            [
              126.9494955,
              37.2213347
            ],
            [
              126.9493982,
              37.2214093
            ],
            [
              126.9492033,
              37.2212481
            ]
          ]
        ]
      },
      "id": "way/626597590"
    },
    {
      "type": "Feature",
      "properties": {
        "@id": "way/626597591",
        "addr:city": "화성시",
        "addr:district": "효행구",
        "addr:housenumber": "63-6",
        "addr:postcode": "18313",
        "addr:province": "경기도",
        "addr:street": "진등1길",
        "addr:subdistrict": "수영리",
        "addr:town": "봉담읍",
        "building": "yes"
      },
      "geometry": {
        "type": "Polygon",
        "coordinates": [
          [
            [
              126.9493931,
              37.2217197
            ],
            [
              126.9494146,
              37.2217197
            ],
            [
              126.9494147,
              37.2216974
            ],
            [
              126.9494403,
              37.2216975
            ],
            [
              126.9494408,
              37.221495
            ],
            [
              126.9495468,
              37.2215644
            ],
            [
              126.9495441,
              37.2217449
            ],
            [
              126.9495173,
              37.2217705
            ],
            [
              126.9493929,
              37.2217703
            ],
            [
              126.9493931,
              37.2217197
            ]
          ]
        ]
      },
      "id": "way/626597591"
    },
    {
      "type": "Feature",
      "properties": {
        "@id": "way/626597592",
        "addr:city": "화성시",
        "addr:district": "효행구",
        "addr:housenumber": "63-8",
        "addr:postcode": "18313",
        "addr:province": "경기도",
        "addr:street": "진등1길",
        "addr:subdistrict": "수영리",
        "addr:town": "봉담읍",
        "building": "yes"
      },
      "geometry": {
        "type": "Polygon",
        "coordinates": [
          [
            [
              126.9491451,
              37.2217406
            ],
            [
              126.9493442,
              37.2215792
            ],
            [
              126.949384,
              37.2216103
            ],
            [
              126.949359,
              37.2216306
            ],
            [
              126.949393,
              37.2216572
            ],
            [
              126.9492598,
              37.2217652
            ],
            [
              126.9491833,
              37.2217705
            ],
            [
              126.9491451,
              37.2217406
            ]
          ]
        ]
      },
      "id": "way/626597592"
    },
    {
      "type": "Feature",
      "properties": {
        "@id": "way/626597593",
        "addr:city": "화성시",
        "addr:district": "효행구",
        "addr:housenumber": "65",
        "addr:postcode": "18313",
        "addr:province": "경기도",
        "addr:street": "진등1길",
        "addr:subdistrict": "수영리",
        "addr:town": "봉담읍",
        "building": "yes"
      },
      "geometry": {
        "type": "Polygon",
        "coordinates": [
          [
            [
              126.9496856,
              37.2213297
            ],
            [
              126.9497607,
              37.2212176
            ],
            [
              126.9499363,
              37.2212923
            ],
            [
              126.9498611,
              37.2214044
            ],
            [
              126.9496856,
              37.2213297
            ]
          ]
        ]
      },
      "id": "way/626597593"
    },
    {
      "type": "Feature",
      "properties": {
        "@id": "way/626597594",
        "addr:city": "화성시",
        "addr:district": "효행구",
        "addr:housenumber": "69",
        "addr:postcode": "18313",
        "addr:province": "경기도",
        "addr:street": "진등1길",
        "addr:subdistrict": "수영리",
        "addr:town": "봉담읍",
        "building": "yes"
      },
      "geometry": {
        "type": "Polygon",
        "coordinates": [
          [
            [
              126.9502625,
              37.2215877
            ],
            [
              126.9501899,
              37.22156
            ],
            [
              126.9502064,
              37.2215325
            ],
            [
              126.9501738,
              37.2215201
            ],
            [
              126.9502261,
              37.2214329
            ],
            [
              126.9503313,
              37.2214729
            ],
            [
              126.9502625,
              37.2215877
            ]
          ]
        ]
      },
      "id": "way/626597594"
    },
    {
      "type": "Feature",
      "properties": {
        "@id": "way/626597595",
        "addr:city": "화성시",
        "addr:district": "효행구",
        "addr:housenumber": "71",
        "addr:postcode": "18313",
        "addr:province": "경기도",
        "addr:street": "진등1길",
        "addr:subdistrict": "수영리",
        "addr:town": "봉담읍",
        "building": "yes"
      },
      "geometry": {
        "type": "Polygon",
        "coordinates": [
          [
            [
              126.9502285,
              37.2216832
            ],
            [
              126.9503293,
              37.221531
            ],
            [
              126.9504178,
              37.2215682
            ],
            [
              126.950317,
              37.2217204
            ],
            [
              126.9502285,
              37.2216832
            ]
          ]
        ]
      },
      "id": "way/626597595"
    },
    {
      "type": "Feature",
      "properties": {
        "@id": "way/626597596",
        "addr:city": "화성시",
        "addr:district": "효행구",
        "addr:housenumber": "73",
        "addr:postcode": "18313",
        "addr:province": "경기도",
        "addr:street": "진등1길",
        "addr:subdistrict": "수영리",
        "addr:town": "봉담읍",
        "building": "yes"
      },
      "geometry": {
        "type": "Polygon",
        "coordinates": [
          [
            [
              126.950396,
              37.2216323
            ],
            [
              126.9504321,
              37.2215796
            ],
            [
              126.9504866,
              37.2216033
            ],
            [
              126.9505066,
              37.2215742
            ],
            [
              126.9506074,
              37.2216181
            ],
            [
              126.9505512,
              37.2216999
            ],
            [
              126.950396,
              37.2216323
            ]
          ]
        ]
      },
      "id": "way/626597596"
    },
    {
      "type": "Feature",
      "properties": {
        "@id": "way/626597597",
        "addr:city": "화성시",
        "addr:district": "효행구",
        "addr:housenumber": "1307-9",
        "addr:postcode": "18313",
        "addr:province": "경기도",
        "addr:street": "삼천병마로",
        "addr:subdistrict": "수영리",
        "addr:town": "봉담읍",
        "building": "yes"
      },
      "geometry": {
        "type": "Polygon",
        "coordinates": [
          [
            [
              126.9501493,
              37.2219198
            ],
            [
              126.9501521,
              37.221818
            ],
            [
              126.9502043,
              37.2218189
            ],
            [
              126.950205,
              37.2217918
            ],
            [
              126.9503992,
              37.2217953
            ],
            [
              126.9503983,
              37.2218279
            ],
            [
              126.9506033,
              37.2218316
            ],
            [
              126.9506022,
              37.2218709
            ],
            [
              126.950503,
              37.2219115
            ],
            [
              126.9504536,
              37.2219106
            ],
            [
              126.9504532,
              37.2219253
            ],
            [
              126.9501493,
              37.2219198
            ]
          ]
        ]
      },
      "id": "way/626597597"
    },
    {
      "type": "Feature",
      "properties": {
        "@id": "way/626597598",
        "addr:city": "화성시",
        "addr:district": "효행구",
        "addr:housenumber": "1321-6",
        "addr:postcode": "18313",
        "addr:province": "경기도",
        "addr:street": "삼천병마로",
        "addr:subdistrict": "수영리",
        "addr:town": "봉담읍",
        "building": "yes"
      },
      "geometry": {
        "type": "Polygon",
        "coordinates": [
          [
            [
              126.9513211,
              37.2230542
            ],
            [
              126.9512889,
              37.2230093
            ],
            [
              126.9513103,
              37.2229816
            ],
            [
              126.9513023,
              37.2229538
            ],
            [
              126.9514351,
              37.2228929
            ],
            [
              126.9514391,
              37.2229506
            ],
            [
              126.9513211,
              37.2230542
            ]
          ]
        ]
      },
      "id": "way/626597598"
    },
    {
      "type": "Feature",
      "properties": {
        "@id": "way/626597600",
        "addr:city": "화성시",
        "addr:district": "효행구",
        "addr:housenumber": "1311",
        "addr:postcode": "18312",
        "addr:province": "경기도",
        "addr:street": "삼천병마로",
        "addr:subdistrict": "수영리",
        "addr:town": "봉담읍",
        "building": "commercial",
        "name": "수영프라자"
      },
      "geometry": {
        "type": "Polygon",
        "coordinates": [
          [
            [
              126.9509036,
              37.2220783
            ],
            [
              126.9510252,
              37.2220212
            ],
            [
              126.9512847,
              37.2223713
            ],
            [
              126.951254,
              37.2223857
            ],
            [
              126.9509858,
              37.2221892
            ],
            [
              126.9509036,
              37.2220783
            ]
          ]
        ]
      },
      "id": "way/626597600"
    },
    {
      "type": "Feature",
      "properties": {
        "@id": "way/626597601",
        "addr:city": "화성시",
        "addr:district": "효행구",
        "addr:housenumber": "1315",
        "addr:postcode": "18312",
        "addr:province": "경기도",
        "addr:street": "삼천병마로",
        "addr:subdistrict": "수영리",
        "addr:town": "봉담읍",
        "building": "commercial"
      },
      "geometry": {
        "type": "Polygon",
        "coordinates": [
          [
            [
              126.9511141,
              37.2224558
            ],
            [
              126.9512516,
              37.2223925
            ],
            [
              126.9514105,
              37.2226115
            ],
            [
              126.9514403,
              37.2225978
            ],
            [
              126.9515427,
              37.2227389
            ],
            [
              126.9513493,
              37.222828
            ],
            [
              126.9512576,
              37.2227016
            ],
            [
              126.9512838,
              37.2226896
            ],
            [
              126.9511141,
              37.2224558
            ]
          ]
        ]
      },
      "id": "way/626597601"
    },
    {
      "type": "Feature",
      "properties": {
        "@id": "way/626597602",
        "addr:city": "화성시",
        "addr:district": "효행구",
        "addr:housenumber": "1321-8",
        "addr:postcode": "18313",
        "addr:province": "경기도",
        "addr:street": "삼천병마로",
        "addr:subdistrict": "수영리",
        "addr:town": "봉담읍",
        "building": "yes"
      },
      "geometry": {
        "type": "Polygon",
        "coordinates": [
          [
            [
              126.9509965,
              37.2230862
            ],
            [
              126.9511467,
              37.2230157
            ],
            [
              126.9512299,
              37.2230585
            ],
            [
              126.9512513,
              37.2230499
            ],
            [
              126.9512728,
              37.223067
            ],
            [
              126.9512084,
              37.2230948
            ],
            [
              126.9509965,
              37.2230862
            ]
          ]
        ]
      },
      "id": "way/626597602"
    },
    {
      "type": "Feature",
      "properties": {
        "@id": "way/626597603",
        "addr:city": "화성시",
        "addr:district": "효행구",
        "addr:housenumber": "1317-18",
        "addr:postcode": "18313",
        "addr:province": "경기도",
        "addr:street": "삼천병마로",
        "addr:subdistrict": "수영리",
        "addr:town": "봉담읍",
        "building": "yes"
      },
      "geometry": {
        "type": "Polygon",
        "coordinates": [
          [
            [
              126.9512707,
              37.2233504
            ],
            [
              126.9512799,
              37.2231605
            ],
            [
              126.951333,
              37.2231621
            ],
            [
              126.9513314,
              37.2231954
            ],
            [
              126.9513652,
              37.2231964
            ],
            [
              126.9513635,
              37.2232319
            ],
            [
              126.9513946,
              37.2232328
            ],
            [
              126.9513888,
              37.223354
            ],
            [
              126.9512707,
              37.2233504
            ]
          ]
        ]
      },
      "id": "way/626597603"
    },
    {
      "type": "Feature",
      "properties": {
        "@id": "way/626597604",
        "addr:city": "화성시",
        "addr:district": "효행구",
        "addr:housenumber": "1317-16",
        "addr:postcode": "18313",
        "addr:province": "경기도",
        "addr:street": "삼천병마로",
        "addr:subdistrict": "수영리",
        "addr:town": "봉담읍",
        "building": "yes"
      },
      "geometry": {
        "type": "Polygon",
        "coordinates": [
          [
            [
              126.9511226,
              37.2233425
            ],
            [
              126.9511253,
              37.2231525
            ],
            [
              126.9512447,
              37.2231536
            ],
            [
              126.951242,
              37.2233436
            ],
            [
              126.9511226,
              37.2233425
            ]
          ]
        ]
      },
      "id": "way/626597604"
    },
    {
      "type": "Feature",
      "properties": {
        "@id": "way/626597605",
        "addr:city": "화성시",
        "addr:district": "효행구",
        "addr:housenumber": "1317-10",
        "addr:postcode": "18313",
        "addr:province": "경기도",
        "addr:street": "삼천병마로",
        "addr:subdistrict": "수영리",
        "addr:town": "봉담읍",
        "building": "yes"
      },
      "geometry": {
        "type": "Polygon",
        "coordinates": [
          [
            [
              126.9509724,
              37.2233019
            ],
            [
              126.9509747,
              37.22315
            ],
            [
              126.951092,
              37.2231511
            ],
            [
              126.9510888,
              37.2233603
            ],
            [
              126.9510153,
              37.2233596
            ],
            [
              126.9509724,
              37.2233019
            ]
          ]
        ]
      },
      "id": "way/626597605"
    },
    {
      "type": "Feature",
      "properties": {
        "@id": "way/626597606",
        "addr:city": "화성시",
        "addr:district": "효행구",
        "addr:housenumber": "1317-24",
        "addr:postcode": "18313",
        "addr:province": "경기도",
        "addr:street": "삼천병마로",
        "addr:subdistrict": "수영리",
        "addr:town": "봉담읍",
        "building": "yes"
      },
      "geometry": {
        "type": "Polygon",
        "coordinates": [
          [
            [
              126.9512262,
              37.2235333
            ],
            [
              126.9512346,
              37.2234298
            ],
            [
              126.9514373,
              37.2234402
            ],
            [
              126.9514289,
              37.2235437
            ],
            [
              126.9512262,
              37.2235333
            ]
          ]
        ]
      },
      "id": "way/626597606"
    },
    {
      "type": "Feature",
      "properties": {
        "@id": "way/626597607",
        "addr:city": "화성시",
        "addr:district": "효행구",
        "addr:housenumber": "1317-26",
        "addr:postcode": "18313",
        "addr:province": "경기도",
        "addr:street": "삼천병마로",
        "addr:subdistrict": "수영리",
        "addr:town": "봉담읍",
        "building": "yes"
      },
      "geometry": {
        "type": "Polygon",
        "coordinates": [
          [
            [
              126.9509982,
              37.2235181
            ],
            [
              126.9510066,
              37.2234126
            ],
            [
              126.9511946,
              37.2234221
            ],
            [
              126.9511863,
              37.2235275
            ],
            [
              126.9509982,
              37.2235181
            ]
          ]
        ]
      },
      "id": "way/626597607"
    },
    {
      "type": "Feature",
      "properties": {
        "@id": "way/626597608",
        "addr:city": "화성시",
        "addr:district": "효행구",
        "addr:housenumber": "478",
        "addr:postcode": "18313",
        "addr:province": "경기도",
        "addr:street": "매봉로",
        "addr:subdistrict": "수영리",
        "addr:town": "봉담읍",
        "building": "yes"
      },
      "geometry": {
        "type": "Polygon",
        "coordinates": [
          [
            [
              126.9510252,
              37.2237381
            ],
            [
              126.9510312,
              37.2236288
            ],
            [
              126.9514529,
              37.2236435
            ],
            [
              126.9514501,
              37.2236947
            ],
            [
              126.9515039,
              37.2236965
            ],
            [
              126.9515007,
              37.2237546
            ],
            [
              126.9510252,
              37.2237381
            ]
          ]
        ]
      },
      "id": "way/626597608"
    },
    {
      "type": "Feature",
      "properties": {
        "@id": "way/626597613",
        "building": "apartments",
        "name": "303동"
      },
      "geometry": {
        "type": "Polygon",
        "coordinates": [
          [
            [
              126.9519863,
              37.224782
            ],
            [
              126.9524638,
              37.2245314
            ],
            [
              126.9524897,
              37.2245627
            ],
            [
              126.9525233,
              37.224545
            ],
            [
              126.9525571,
              37.2245859
            ],
            [
              126.952046,
              37.2248541
            ],
            [
              126.9519863,
              37.224782
            ]
          ]
        ]
      },
      "id": "way/626597613"
    },
    {
      "type": "Feature",
      "properties": {
        "@id": "way/626597614",
        "building": "apartments",
        "name": "308동"
      },
      "geometry": {
        "type": "Polygon",
        "coordinates": [
          [
            [
              126.9512016,
              37.2249528
            ],
            [
              126.9515021,
              37.2247619
            ],
            [
              126.9516744,
              37.2249339
            ],
            [
              126.9515652,
              37.2250032
            ],
            [
              126.9514695,
              37.2249077
            ],
            [
              126.9512782,
              37.2250292
            ],
            [
              126.9512016,
              37.2249528
            ]
          ]
        ]
      },
      "id": "way/626597614"
    },
    {
      "type": "Feature",
      "properties": {
        "@id": "way/626597615",
        "building": "apartments",
        "name": "302동"
      },
      "geometry": {
        "type": "Polygon",
        "coordinates": [
          [
            [
              126.9514816,
              37.2242147
            ],
            [
              126.951957,
              37.2239604
            ],
            [
              126.9519831,
              37.2239913
            ],
            [
              126.9520111,
              37.2239764
            ],
            [
              126.9520422,
              37.2240131
            ],
            [
              126.9515388,
              37.2242824
            ],
            [
              126.9514816,
              37.2242147
            ]
          ]
        ]
      },
      "id": "way/626597615"
    },
    {
      "type": "Feature",
      "properties": {
        "@id": "way/626597616",
        "building": "apartments",
        "name": "301동"
      },
      "geometry": {
        "type": "Polygon",
        "coordinates": [
          [
            [
              126.9504176,
              37.2242606
            ],
            [
              126.9507512,
              37.2240736
            ],
            [
              126.9509813,
              37.224334
            ],
            [
              126.9508708,
              37.2243959
            ],
            [
              126.9507076,
              37.2242112
            ],
            [
              126.9504845,
              37.2243363
            ],
            [
              126.9504176,
              37.2242606
            ]
          ]
        ]
      },
      "id": "way/626597616"
    },
    {
      "type": "Feature",
      "properties": {
        "@id": "way/626597618",
        "addr:city": "화성시",
        "addr:district": "효행구",
        "addr:housenumber": "459-1",
        "addr:postcode": "18313",
        "addr:province": "경기도",
        "addr:street": "매봉로",
        "addr:subdistrict": "수영리",
        "addr:town": "봉담읍",
        "building": "yes"
      },
      "geometry": {
        "type": "Polygon",
        "coordinates": [
          [
            [
              126.9491838,
              37.22397
            ],
            [
              126.9491869,
              37.2238303
            ],
            [
              126.9492588,
              37.2238313
            ],
            [
              126.9492573,
              37.2238998
            ],
            [
              126.9492951,
              37.2239004
            ],
            [
              126.9492966,
              37.2238342
            ],
            [
              126.9493837,
              37.2238354
            ],
            [
              126.9493807,
              37.2239728
            ],
            [
              126.9491838,
              37.22397
            ]
          ]
        ]
      },
      "id": "way/626597618"
    },
    {
      "type": "Feature",
      "properties": {
        "@id": "way/626597619",
        "addr:city": "화성시",
        "addr:housenumber": "459",
        "addr:postcode": "18313",
        "addr:province": "경기도",
        "addr:street": "매봉로",
        "addr:subdistrict": "수영리",
        "addr:town": "봉담읍",
        "building": "yes"
      },
      "geometry": {
        "type": "Polygon",
        "coordinates": [
          [
            [
              126.9490329,
              37.2239717
            ],
            [
              126.9490348,
              37.2238382
            ],
            [
              126.9491669,
              37.2238394
            ],
            [
              126.949165,
              37.2239729
            ],
            [
              126.9490329,
              37.2239717
            ]
          ]
        ]
      },
      "id": "way/626597619"
    },
    {
      "type": "Feature",
      "properties": {
        "@id": "way/626597621",
        "addr:city": "화성시",
        "addr:district": "효행구",
        "addr:housenumber": "455",
        "addr:postcode": "18313",
        "addr:province": "경기도",
        "addr:street": "매봉로",
        "addr:subdistrict": "수영리",
        "addr:town": "봉담읍",
        "building": "yes"
      },
      "geometry": {
        "type": "Polygon",
        "coordinates": [
          [
            [
              126.9486631,
              37.223916
            ],
            [
              126.9486644,
              37.2238305
            ],
            [
              126.9489942,
              37.2238338
            ],
            [
              126.9489929,
              37.2239192
            ],
            [
              126.9486631,
              37.223916
            ]
          ]
        ]
      },
      "id": "way/626597621"
    },
    {
      "type": "Feature",
      "properties": {
        "@id": "way/626597622",
        "addr:city": "화성시",
        "addr:district": "효행구",
        "addr:housenumber": "453",
        "addr:postcode": "18313",
        "addr:province": "경기도",
        "addr:street": "매봉로",
        "addr:subdistrict": "수영리",
        "addr:town": "봉담읍",
        "building": "yes"
      },
      "geometry": {
        "type": "Polygon",
        "coordinates": [
          [
            [
              126.9483751,
              37.223911
            ],
            [
              126.948396,
              37.2238541
            ],
            [
              126.9485376,
              37.2238871
            ],
            [
              126.9485435,
              37.223871
            ],
            [
              126.9485886,
              37.2238815
            ],
            [
              126.9485617,
              37.2239545
            ],
            [
              126.9483751,
              37.223911
            ]
          ]
        ]
      },
      "id": "way/626597622"
    },
    {
      "type": "Feature",
      "properties": {
        "@id": "way/626597623",
        "addr:city": "화성시",
        "addr:housenumber": "439-12",
        "addr:postcode": "18313",
        "addr:province": "경기도",
        "addr:street": "매봉로",
        "addr:subdistrict": "수영리",
        "addr:town": "봉담읍",
        "building": "yes"
      },
      "geometry": {
        "type": "Polygon",
        "coordinates": [
          [
            [
              126.9479408,
              37.2239433
            ],
            [
              126.9479752,
              37.2238768
            ],
            [
              126.9481491,
              37.2239336
            ],
            [
              126.9481141,
              37.2240015
            ],
            [
              126.9481258,
              37.2240053
            ],
            [
              126.9480847,
              37.2240851
            ],
            [
              126.9479349,
              37.2240362
            ],
            [
              126.9479768,
              37.2239551
            ],
            [
              126.9479408,
              37.2239433
            ]
          ]
        ]
      },
      "id": "way/626597623"
    },
    {
      "type": "Feature",
      "properties": {
        "@id": "way/626597624",
        "addr:city": "화성시",
        "addr:housenumber": "38",
        "addr:postcode": "18313",
        "addr:province": "경기도",
        "addr:street": "진등3길",
        "addr:subdistrict": "수영리",
        "addr:town": "봉담읍",
        "building": "yes"
      },
      "geometry": {
        "type": "Polygon",
        "coordinates": [
          [
            [
              126.9480425,
              37.2235574
            ],
            [
              126.9480655,
              37.2234272
            ],
            [
              126.9482125,
              37.2234436
            ],
            [
              126.9481895,
              37.2235738
            ],
            [
              126.9480425,
              37.2235574
            ]
          ]
        ]
      },
      "id": "way/626597624"
    },
    {
      "type": "Feature",
      "properties": {
        "@id": "way/626597625",
        "addr:city": "화성시",
        "addr:housenumber": "462",
        "addr:postcode": "18313",
        "addr:province": "경기도",
        "addr:street": "매봉로",
        "addr:subdistrict": "수영리",
        "addr:town": "봉담읍",
        "building": "yes"
      },
      "geometry": {
        "type": "Polygon",
        "coordinates": [
          [
            [
              126.9493907,
              37.2236644
            ],
            [
              126.9493925,
              37.2234588
            ],
            [
              126.9495152,
              37.2234595
            ],
            [
              126.9495133,
              37.2236651
            ],
            [
              126.9493907,
              37.2236644
            ]
          ]
        ]
      },
      "id": "way/626597625"
    },
    {
      "type": "Feature",
      "properties": {
        "@id": "way/626597626",
        "addr:city": "화성시",
        "addr:housenumber": "460",
        "addr:postcode": "18313",
        "addr:province": "경기도",
        "addr:street": "매봉로",
        "addr:subdistrict": "수영리",
        "addr:town": "봉담읍",
        "building": "yes"
      },
      "geometry": {
        "type": "Polygon",
        "coordinates": [
          [
            [
              126.9492521,
              37.2237171
            ],
            [
              126.9492521,
              37.223504
            ],
            [
              126.9493708,
              37.223504
            ],
            [
              126.9493708,
              37.2237171
            ],
            [
              126.9492521,
              37.2237171
            ]
          ]
        ]
      },
      "id": "way/626597626"
    },
    {
      "type": "Feature",
      "properties": {
        "@id": "way/626597627",
        "building": "yes"
      },
      "geometry": {
        "type": "Polygon",
        "coordinates": [
          [
            [
              126.9489669,
              37.2236398
            ],
            [
              126.9489659,
              37.2235389
            ],
            [
              126.9491732,
              37.2235376
            ],
            [
              126.9491741,
              37.2236385
            ],
            [
              126.9489669,
              37.2236398
            ]
          ]
        ]
      },
      "id": "way/626597627"
    },
    {
      "type": "Feature",
      "properties": {
        "@id": "way/626597628",
        "addr:city": "화성시",
        "addr:district": "효행구",
        "addr:housenumber": "456",
        "addr:postcode": "18313",
        "addr:province": "경기도",
        "addr:street": "매봉로",
        "addr:subdistrict": "수영리",
        "addr:town": "봉담읍",
        "building": "yes"
      },
      "geometry": {
        "type": "Polygon",
        "coordinates": [
          [
            [
              126.9486658,
              37.2235868
            ],
            [
              126.9486982,
              37.2234853
            ],
            [
              126.948916,
              37.2235294
            ],
            [
              126.9488836,
              37.2236309
            ],
            [
              126.9486658,
              37.2235868
            ]
          ]
        ]
      },
      "id": "way/626597628"
    },
    {
      "type": "Feature",
      "properties": {
        "@id": "way/626597629",
        "addr:city": "화성시",
        "addr:district": "효행구",
        "addr:housenumber": "11-33",
        "addr:postcode": "18313",
        "addr:province": "경기도",
        "addr:street": "진등3길",
        "addr:subdistrict": "상리",
        "addr:town": "봉담읍",
        "building": "yes"
      },
      "geometry": {
        "type": "Polygon",
        "coordinates": [
          [
            [
              126.9463834,
              37.2223109
            ],
            [
              126.9464554,
              37.2222456
            ],
            [
              126.9465491,
              37.2223111
            ],
            [
              126.9464771,
              37.2223764
            ],
            [
              126.9463834,
              37.2223109
            ]
          ]
        ]
      },
      "id": "way/626597629"
    },
    {
      "type": "Feature",
      "properties": {
        "@id": "way/626597630",
        "addr:city": "화성시",
        "addr:district": "효행구",
        "addr:housenumber": "11-29",
        "addr:postcode": "18313",
        "addr:province": "경기도",
        "addr:street": "진등3길",
        "addr:subdistrict": "상리",
        "addr:town": "봉담읍",
        "building": "yes"
      },
      "geometry": {
        "type": "Polygon",
        "coordinates": [
          [
            [
              126.9467208,
              37.2219634
            ],
            [
              126.9467824,
              37.2218848
            ],
            [
              126.9468982,
              37.2219424
            ],
            [
              126.9468365,
              37.222021
            ],
            [
              126.9467208,
              37.2219634
            ]
          ]
        ]
      },
      "id": "way/626597630"
    },
    {
      "type": "Feature",
      "properties": {
        "@id": "way/626597631",
        "building": "yes"
      },
      "geometry": {
        "type": "Polygon",
        "coordinates": [
          [
            [
              126.9479725,
              37.2222638
            ],
            [
              126.9479721,
              37.2221698
            ],
            [
              126.9480693,
              37.2221696
            ],
            [
              126.9480697,
              37.2222635
            ],
            [
              126.9479725,
              37.2222638
            ]
          ]
        ]
      },
      "id": "way/626597631"
    },
    {
      "type": "Feature",
      "properties": {
        "@id": "way/626597632",
        "addr:city": "화성시",
        "addr:district": "효행구",
        "addr:housenumber": "22",
        "addr:postcode": "18313",
        "addr:province": "경기도",
        "addr:street": "진등3길",
        "addr:subdistrict": "수영리",
        "addr:town": "봉담읍",
        "building": "yes"
      },
      "geometry": {
        "type": "Polygon",
        "coordinates": [
          [
            [
              126.9478258,
              37.2222724
            ],
            [
              126.9478481,
              37.2221523
            ],
            [
              126.9479601,
              37.2221655
            ],
            [
              126.9479378,
              37.2222856
            ],
            [
              126.9478258,
              37.2222724
            ]
          ]
        ]
      },
      "id": "way/626597632"
    },
    {
      "type": "Feature",
      "properties": {
        "@id": "way/626597633",
        "addr:city": "화성시",
        "addr:district": "효행구",
        "addr:housenumber": "20-1",
        "addr:postcode": "18313",
        "addr:province": "경기도",
        "addr:street": "진등3길",
        "addr:subdistrict": "수영리",
        "addr:town": "봉담읍",
        "building": "yes"
      },
      "geometry": {
        "type": "Polygon",
        "coordinates": [
          [
            [
              126.9479696,
              37.2221327
            ],
            [
              126.9480084,
              37.221994
            ],
            [
              126.9481137,
              37.2220127
            ],
            [
              126.9480749,
              37.2221514
            ],
            [
              126.9479696,
              37.2221327
            ]
          ]
        ]
      },
      "id": "way/626597633"
    },
    {
      "type": "Feature",
      "properties": {
        "@id": "way/626597634",
        "addr:city": "화성시",
        "addr:district": "효행구",
        "addr:housenumber": "20",
        "addr:postcode": "18313",
        "addr:province": "경기도",
        "addr:street": "진등3길",
        "addr:subdistrict": "수영리",
        "addr:town": "봉담읍",
        "building": "yes"
      },
      "geometry": {
        "type": "Polygon",
        "coordinates": [
          [
            [
              126.9478229,
              37.2221119
            ],
            [
              126.9478502,
              37.2220118
            ],
            [
              126.9479646,
              37.2220316
            ],
            [
              126.9479372,
              37.2221317
            ],
            [
              126.9478229,
              37.2221119
            ]
          ]
        ]
      },
      "id": "way/626597634"
    },
    {
      "type": "Feature",
      "properties": {
        "@id": "way/626597635",
        "addr:city": "화성시",
        "addr:district": "효행구",
        "addr:housenumber": "21",
        "addr:postcode": "18313",
        "addr:province": "경기도",
        "addr:street": "진등2길",
        "addr:subdistrict": "수영리",
        "addr:town": "봉담읍",
        "building": "yes",
        "name": "아트빌라"
      },
      "geometry": {
        "type": "Polygon",
        "coordinates": [
          [
            [
              126.9481217,
              37.2220674
            ],
            [
              126.9481882,
              37.2220152
            ],
            [
              126.9483124,
              37.2221155
            ],
            [
              126.9482459,
              37.2221677
            ],
            [
              126.9481217,
              37.2220674
            ]
          ]
        ]
      },
      "id": "way/626597635"
    },
    {
      "type": "Feature",
      "properties": {
        "@id": "way/626597636",
        "addr:city": "화성시",
        "addr:district": "효행구",
        "addr:housenumber": "23",
        "addr:postcode": "18313",
        "addr:province": "경기도",
        "addr:street": "진등2길",
        "addr:subdistrict": "수영리",
        "addr:town": "봉담읍",
        "building": "yes"
      },
      "geometry": {
        "type": "Polygon",
        "coordinates": [
          [
            [
              126.9482201,
              37.2218873
            ],
            [
              126.9483635,
              37.2220132
            ],
            [
              126.9483288,
              37.2220382
            ],
            [
              126.9482887,
              37.222003
            ],
            [
              126.9482632,
              37.2220214
            ],
            [
              126.9482038,
              37.2219692
            ],
            [
              126.948223,
              37.2219553
            ],
            [
              126.948195,
              37.2219307
            ],
            [
              126.9482083,
              37.2219211
            ],
            [
              126.9481925,
              37.2219073
            ],
            [
              126.9482201,
              37.2218873
            ]
          ]
        ]
      },
      "id": "way/626597636"
    },
    {
      "type": "Feature",
      "properties": {
        "@id": "way/626597637",
        "addr:city": "화성시",
        "addr:district": "효행구",
        "addr:housenumber": "20-5",
        "addr:postcode": "18313",
        "addr:province": "경기도",
        "addr:street": "진등3길",
        "addr:subdistrict": "수영리",
        "addr:town": "봉담읍",
        "building": "yes"
      },
      "geometry": {
        "type": "Polygon",
        "coordinates": [
          [
            [
              126.9480507,
              37.2218486
            ],
            [
              126.9480608,
              37.2218058
            ],
            [
              126.948093,
              37.2217759
            ],
            [
              126.9481158,
              37.2217834
            ],
            [
              126.9481762,
              37.2218453
            ],
            [
              126.9481712,
              37.2218666
            ],
            [
              126.9480507,
              37.2218486
            ]
          ]
        ]
      },
      "id": "way/626597637"
    },
    {
      "type": "Feature",
      "properties": {
        "@id": "way/626597638",
        "addr:city": "화성시",
        "addr:district": "효행구",
        "addr:housenumber": "20-3",
        "addr:postcode": "18313",
        "addr:province": "경기도",
        "addr:street": "진등3길",
        "addr:subdistrict": "수영리",
        "addr:town": "봉담읍",
        "building": "yes"
      },
      "geometry": {
        "type": "Polygon",
        "coordinates": [
          [
            [
              126.948018,
              37.2219812
            ],
            [
              126.9480451,
              37.221858
            ],
            [
              126.9481733,
              37.2218759
            ],
            [
              126.9481642,
              37.2219174
            ],
            [
              126.948143,
              37.2219144
            ],
            [
              126.9481367,
              37.221943
            ],
            [
              126.9481194,
              37.2219406
            ],
            [
              126.9481077,
              37.2219937
            ],
            [
              126.948018,
              37.2219812
            ]
          ]
        ]
      },
      "id": "way/626597638"
    },
    {
      "type": "Feature",
      "properties": {
        "@id": "way/626597639",
        "addr:city": "화성시",
        "addr:district": "효행구",
        "addr:housenumber": "18",
        "addr:postcode": "18313",
        "addr:province": "경기도",
        "addr:street": "진등3길",
        "addr:subdistrict": "수영리",
        "addr:town": "봉담읍",
        "building": "yes"
      },
      "geometry": {
        "type": "Polygon",
        "coordinates": [
          [
            [
              126.9478573,
              37.2219748
            ],
            [
              126.9478826,
              37.2218839
            ],
            [
              126.9480011,
              37.2219048
            ],
            [
              126.9479758,
              37.2219957
            ],
            [
              126.9478573,
              37.2219748
            ]
          ]
        ]
      },
      "id": "way/626597639"
    },
    {
      "type": "Feature",
      "properties": {
        "@id": "way/626597640",
        "addr:city": "화성시",
        "addr:district": "효행구",
        "addr:housenumber": "16",
        "addr:postcode": "18313",
        "addr:province": "경기도",
        "addr:street": "진등3길",
        "addr:subdistrict": "수영리",
        "addr:town": "봉담읍",
        "building": "yes"
      },
      "geometry": {
        "type": "Polygon",
        "coordinates": [
          [
            [
              126.947885,
              37.2218702
            ],
            [
              126.947924,
              37.2217268
            ],
            [
              126.9480219,
              37.2218197
            ],
            [
              126.9480026,
              37.2218905
            ],
            [
              126.947885,
              37.2218702
            ]
          ]
        ]
      },
      "id": "way/626597640"
    },
    {
      "type": "Feature",
      "properties": {
        "@id": "way/626597642",
        "addr:city": "화성시",
        "addr:district": "효행구",
        "addr:housenumber": "14-1",
        "addr:postcode": "18313",
        "addr:province": "경기도",
        "addr:street": "진등3길",
        "addr:subdistrict": "수영리",
        "addr:town": "봉담읍",
        "building": "yes"
      },
      "geometry": {
        "type": "Polygon",
        "coordinates": [
          [
            [
              126.9479173,
              37.2216349
            ],
            [
              126.9479527,
              37.2216126
            ],
            [
              126.9480482,
              37.2217087
            ],
            [
              126.9479906,
              37.221745
            ],
            [
              126.9479173,
              37.2216712
            ],
            [
              126.9479173,
              37.2216349
            ]
          ]
        ]
      },
      "id": "way/626597642"
    },
    {
      "type": "Feature",
      "properties": {
        "@id": "way/626597643",
        "addr:city": "화성시",
        "addr:district": "효행구",
        "addr:housenumber": "21",
        "addr:postcode": "18313",
        "addr:province": "경기도",
        "addr:street": "진등2길",
        "addr:subdistrict": "수영리",
        "addr:town": "봉담읍",
        "building": "yes"
      },
      "geometry": {
        "type": "Polygon",
        "coordinates": [
          [
            [
              126.9482697,
              37.2218624
            ],
            [
              126.9483505,
              37.2218175
            ],
            [
              126.9483572,
              37.2219275
            ],
            [
              126.9483367,
              37.2219389
            ],
            [
              126.9482697,
              37.2218624
            ]
          ]
        ]
      },
      "id": "way/626597643"
    },
    {
      "type": "Feature",
      "properties": {
        "@id": "way/626597645",
        "addr:city": "화성시",
        "addr:district": "효행구",
        "addr:housenumber": "14-2",
        "addr:postcode": "18313",
        "addr:province": "경기도",
        "addr:street": "진등3길",
        "addr:subdistrict": "수영리",
        "addr:town": "봉담읍",
        "building": "yes"
      },
      "geometry": {
        "type": "Polygon",
        "coordinates": [
          [
            [
              126.9482041,
              37.2218042
            ],
            [
              126.9480061,
              37.2216165
            ],
            [
              126.9480536,
              37.2215847
            ],
            [
              126.9480357,
              37.2215676
            ],
            [
              126.9481001,
              37.2215245
            ],
            [
              126.9481703,
              37.2215911
            ],
            [
              126.9481195,
              37.2216251
            ],
            [
              126.9482653,
              37.2217633
            ],
            [
              126.9482041,
              37.2218042
            ]
          ]
        ]
      },
      "id": "way/626597645"
    },
    {
      "type": "Feature",
      "properties": {
        "@id": "way/626597646",
        "addr:city": "화성시",
        "addr:district": "효행구",
        "addr:housenumber": "11-21",
        "addr:postcode": "18313",
        "addr:province": "경기도",
        "addr:street": "진등3길",
        "addr:subdistrict": "상리",
        "addr:town": "봉담읍",
        "building": "yes"
      },
      "geometry": {
        "type": "Polygon",
        "coordinates": [
          [
            [
              126.9471361,
              37.221314
            ],
            [
              126.9472531,
              37.221376
            ],
            [
              126.9470512,
              37.2216176
            ],
            [
              126.9469343,
              37.2215557
            ],
            [
              126.9471361,
              37.221314
            ]
          ]
        ]
      },
      "id": "way/626597646"
    },
    {
      "type": "Feature",
      "properties": {
        "@id": "way/626597647",
        "addr:city": "화성시",
        "addr:district": "효행구",
        "addr:housenumber": "16-1",
        "addr:postcode": "18313",
        "addr:province": "경기도",
        "addr:street": "장등2길",
        "addr:subdistrict": "상리",
        "addr:town": "봉담읍",
        "building": "yes"
      },
      "geometry": {
        "type": "Polygon",
        "coordinates": [
          [
            [
              126.9471905,
              37.2211593
            ],
            [
              126.9473474,
              37.2211012
            ],
            [
              126.9474212,
              37.2212276
            ],
            [
              126.9472644,
              37.2212858
            ],
            [
              126.9471905,
              37.2211593
            ]
          ]
        ]
      },
      "id": "way/626597647"
    },
    {
      "type": "Feature",
      "properties": {
        "@id": "way/626597648",
        "addr:city": "화성시",
        "addr:district": "효행구",
        "addr:housenumber": "11-19",
        "addr:postcode": "18313",
        "addr:province": "경기도",
        "addr:street": "진등3길",
        "addr:subdistrict": "상리",
        "addr:town": "봉담읍",
        "building": "yes"
      },
      "geometry": {
        "type": "Polygon",
        "coordinates": [
          [
            [
              126.9472727,
              37.2213026
            ],
            [
              126.9474083,
              37.2212468
            ],
            [
              126.9474842,
              37.2213637
            ],
            [
              126.947394,
              37.2214008
            ],
            [
              126.9473599,
              37.2213484
            ],
            [
              126.9473146,
              37.2213671
            ],
            [
              126.9472727,
              37.2213026
            ]
          ]
        ]
      },
      "id": "way/626597648"
    },
    {
      "type": "Feature",
      "properties": {
        "@id": "way/626597649",
        "building": "yes"
      },
      "geometry": {
        "type": "Polygon",
        "coordinates": [
          [
            [
              126.9474716,
              37.2212696
            ],
            [
              126.9475741,
              37.2212331
            ],
            [
              126.9476041,
              37.2212866
            ],
            [
              126.9475016,
              37.221323
            ],
            [
              126.9474716,
              37.2212696
            ]
          ]
        ]
      },
      "id": "way/626597649"
    },
    {
      "type": "Feature",
      "properties": {
        "@id": "way/626597650",
        "addr:city": "화성시",
        "addr:district": "효행구",
        "addr:housenumber": "14",
        "addr:postcode": "18313",
        "addr:province": "경기도",
        "addr:street": "진등3길",
        "addr:subdistrict": "수영리",
        "addr:town": "봉담읍",
        "building": "yes"
      },
      "geometry": {
        "type": "Polygon",
        "coordinates": [
          [
            [
              126.9479344,
              37.2215432
            ],
            [
              126.9479391,
              37.2214108
            ],
            [
              126.9480679,
              37.2214137
            ],
            [
              126.9480649,
              37.2214982
            ],
            [
              126.9480233,
              37.2215452
            ],
            [
              126.9479344,
              37.2215432
            ]
          ]
        ]
      },
      "id": "way/626597650"
    },
    {
      "type": "Feature",
      "properties": {
        "@id": "way/626597652",
        "building": "yes"
      },
      "geometry": {
        "type": "Polygon",
        "coordinates": [
          [
            [
              126.9480014,
              37.2213806
            ],
            [
              126.948035,
              37.2213207
            ],
            [
              126.9481348,
              37.2213563
            ],
            [
              126.9481012,
              37.2214161
            ],
            [
              126.9480014,
              37.2213806
            ]
          ]
        ]
      },
      "id": "way/626597652"
    },
    {
      "type": "Feature",
      "properties": {
        "@id": "way/626597654",
        "addr:city": "화성시",
        "addr:district": "효행구",
        "addr:housenumber": "15",
        "addr:postcode": "18313",
        "addr:province": "경기도",
        "addr:street": "진등2길",
        "addr:subdistrict": "수영리",
        "addr:town": "봉담읍",
        "building": "yes"
      },
      "geometry": {
        "type": "Polygon",
        "coordinates": [
          [
            [
              126.948258,
              37.2212248
            ],
            [
              126.9483277,
              37.2213071
            ],
            [
              126.9482915,
              37.2213423
            ],
            [
              126.9482285,
              37.2213444
            ],
            [
              126.948258,
              37.2212248
            ]
          ]
        ]
      },
      "id": "way/626597654"
    },
    {
      "type": "Feature",
      "properties": {
        "@id": "way/626597657",
        "addr:city": "화성시",
        "addr:district": "효행구",
        "addr:housenumber": "11",
        "addr:postcode": "18313",
        "addr:province": "경기도",
        "addr:street": "진등2길",
        "addr:subdistrict": "수영리",
        "addr:town": "봉담읍",
        "building": "yes"
      },
      "geometry": {
        "type": "Polygon",
        "coordinates": [
          [
            [
              126.948251,
              37.2207978
            ],
            [
              126.9482875,
              37.2207218
            ],
            [
              126.9483089,
              37.220724
            ],
            [
              126.9483224,
              37.2207154
            ],
            [
              126.9483492,
              37.2207208
            ],
            [
              126.9483639,
              37.2207902
            ],
            [
              126.9483277,
              37.2208212
            ],
            [
              126.948251,
              37.2207978
            ]
          ]
        ]
      },
      "id": "way/626597657"
    },
    {
      "type": "Feature",
      "properties": {
        "@id": "way/626597659",
        "addr:city": "화성시",
        "addr:district": "효행구",
        "addr:housenumber": "9",
        "addr:postcode": "18313",
        "addr:province": "경기도",
        "addr:street": "진등2길",
        "addr:subdistrict": "수영리",
        "addr:town": "봉담읍",
        "building": "yes"
      },
      "geometry": {
        "type": "Polygon",
        "coordinates": [
          [
            [
              126.9483237,
              37.2206321
            ],
            [
              126.9483422,
              37.2206314
            ],
            [
              126.9483464,
              37.2207016
            ],
            [
              126.9482902,
              37.2207037
            ],
            [
              126.9483237,
              37.2206321
            ]
          ]
        ]
      },
      "id": "way/626597659"
    },
    {
      "type": "Feature",
      "properties": {
        "@id": "way/626597663",
        "addr:city": "화성시",
        "addr:district": "효행구",
        "addr:housenumber": "13",
        "addr:postcode": "18313",
        "addr:province": "경기도",
        "addr:street": "진등2길",
        "addr:subdistrict": "수영리",
        "addr:town": "봉담읍",
        "building": "yes"
      },
      "geometry": {
        "type": "Polygon",
        "coordinates": [
          [
            [
              126.9482182,
              37.2208682
            ],
            [
              126.9483107,
              37.2209005
            ],
            [
              126.9482466,
              37.2210168
            ],
            [
              126.9483393,
              37.2210492
            ],
            [
              126.9483014,
              37.2211178
            ],
            [
              126.9481614,
              37.2210689
            ],
            [
              126.9481426,
              37.2210326
            ],
            [
              126.9481494,
              37.2209931
            ],
            [
              126.9482182,
              37.2208682
            ]
          ]
        ]
      },
      "id": "way/626597663"
    },
    {
      "type": "Feature",
      "properties": {
        "@id": "way/626597666",
        "addr:city": "화성시",
        "addr:district": "효행구",
        "addr:housenumber": "8",
        "addr:postcode": "18313",
        "addr:province": "경기도",
        "addr:street": "진등3길",
        "addr:subdistrict": "수영리",
        "addr:town": "봉담읍",
        "building": "yes"
      },
      "geometry": {
        "type": "Polygon",
        "coordinates": [
          [
            [
              126.9480982,
              37.2211214
            ],
            [
              126.9481988,
              37.2211526
            ],
            [
              126.948112,
              37.2213299
            ],
            [
              126.9480114,
              37.2212986
            ],
            [
              126.9480982,
              37.2211214
            ]
          ]
        ]
      },
      "id": "way/626597666"
    },
    {
      "type": "Feature",
      "properties": {
        "@id": "way/626597669",
        "building": "yes"
      },
      "geometry": {
        "type": "Polygon",
        "coordinates": [
          [
            [
              126.9477492,
              37.2213024
            ],
            [
              126.9477728,
              37.2212402
            ],
            [
              126.9479314,
              37.2212785
            ],
            [
              126.9479077,
              37.2213406
            ],
            [
              126.9477492,
              37.2213024
            ]
          ]
        ]
      },
      "id": "way/626597669"
    },
    {
      "type": "Feature",
      "properties": {
        "@id": "way/626597671",
        "addr:city": "화성시",
        "addr:district": "효행구",
        "addr:housenumber": "11-3",
        "addr:postcode": "18313",
        "addr:province": "경기도",
        "addr:street": "진등3길",
        "addr:subdistrict": "상리",
        "addr:town": "봉담읍",
        "building": "yes"
      },
      "geometry": {
        "type": "Polygon",
        "coordinates": [
          [
            [
              126.9476948,
              37.2208955
            ],
            [
              126.9478811,
              37.2209255
            ],
            [
              126.9478205,
              37.221165
            ],
            [
              126.9477157,
              37.2211482
            ],
            [
              126.9477289,
              37.2210961
            ],
            [
              126.9476474,
              37.221083
            ],
            [
              126.9476948,
              37.2208955
            ]
          ]
        ]
      },
      "id": "way/626597671"
    },
    {
      "type": "Feature",
      "properties": {
        "@id": "way/626597674",
        "addr:city": "화성시",
        "addr:district": "효행구",
        "addr:housenumber": "9",
        "addr:postcode": "18313",
        "addr:province": "경기도",
        "addr:street": "진등3길",
        "addr:subdistrict": "수영리",
        "addr:town": "봉담읍",
        "building": "yes"
      },
      "geometry": {
        "type": "Polygon",
        "coordinates": [
          [
            [
              126.9479556,
              37.2212171
            ],
            [
              126.9479388,
              37.2212614
            ],
            [
              126.9477812,
              37.2212235
            ],
            [
              126.947798,
              37.2211792
            ],
            [
              126.9479556,
              37.2212171
            ]
          ]
        ]
      },
      "id": "way/626597674"
    },
    {
      "type": "Feature",
      "properties": {
        "@id": "way/626597677",
        "addr:city": "화성시",
        "addr:district": "효행구",
        "addr:housenumber": "7",
        "addr:postcode": "18313",
        "addr:province": "경기도",
        "addr:street": "진등3길",
        "addr:subdistrict": "수영리",
        "addr:town": "봉담읍",
        "building": "yes"
      },
      "geometry": {
        "type": "Polygon",
        "coordinates": [
          [
            [
              126.9480601,
              37.2209741
            ],
            [
              126.947964,
              37.2211995
            ],
            [
              126.9478959,
              37.2211811
            ],
            [
              126.9478878,
              37.2211255
            ],
            [
              126.9479375,
              37.2209835
            ],
            [
              126.947975,
              37.2209707
            ],
            [
              126.9480394,
              37.2209685
            ],
            [
              126.9480601,
              37.2209741
            ]
          ]
        ]
      },
      "id": "way/626597677"
    },
    {
      "type": "Feature",
      "properties": {
        "@id": "way/626597679",
        "addr:city": "화성시",
        "addr:district": "효행구",
        "addr:housenumber": "5",
        "addr:postcode": "18313",
        "addr:province": "경기도",
        "addr:street": "진등3길",
        "addr:subdistrict": "수영리",
        "addr:town": "봉담읍",
        "building": "yes"
      },
      "geometry": {
        "type": "Polygon",
        "coordinates": [
          [
            [
              126.9479029,
              37.2208911
            ],
            [
              126.9479368,
              37.2207886
            ],
            [
              126.9481139,
              37.2208257
            ],
            [
              126.94808,
              37.2209282
            ],
            [
              126.9479029,
              37.2208911
            ]
          ]
        ]
      },
      "id": "way/626597679"
    },
    {
      "type": "Feature",
      "properties": {
        "@id": "way/626597680",
        "addr:city": "화성시",
        "addr:district": "효행구",
        "addr:housenumber": "1",
        "addr:postcode": "18313",
        "addr:province": "경기도",
        "addr:street": "진등3길",
        "addr:subdistrict": "수영리",
        "addr:town": "봉담읍",
        "building": "yes"
      },
      "geometry": {
        "type": "Polygon",
        "coordinates": [
          [
            [
              126.9480092,
              37.2206032
            ],
            [
              126.9481833,
              37.2206432
            ],
            [
              126.9481384,
              37.2207672
            ],
            [
              126.9479643,
              37.2207272
            ],
            [
              126.9480092,
              37.2206032
            ]
          ]
        ]
      },
      "id": "way/626597680"
    },
    {
      "type": "Feature",
      "properties": {
        "@id": "way/626597681",
        "addr:city": "화성시",
        "addr:housenumber": "70",
        "addr:postcode": "18313",
        "addr:province": "경기도",
        "addr:street": "진등1길",
        "addr:subdistrict": "동화리",
        "addr:town": "봉담읍",
        "building": "commercial",
        "level": "1"
      },
      "geometry": {
        "type": "Polygon",
        "coordinates": [
          [
            [
              126.9501919,
              37.2212996
            ],
            [
              126.9502342,
              37.2212342
            ],
            [
              126.950368,
              37.2212891
            ],
            [
              126.9503256,
              37.2213545
            ],
            [
              126.9501919,
              37.2212996
            ]
          ]
        ]
      },
      "id": "way/626597681"
    },
    {
      "type": "Feature",
      "properties": {
        "@id": "way/626597682",
        "addr:city": "화성시",
        "addr:district": "효행구",
        "addr:housenumber": "68",
        "addr:postcode": "18313",
        "addr:province": "경기도",
        "addr:street": "진등1길",
        "addr:subdistrict": "동화리",
        "addr:town": "봉담읍",
        "building": "commercial",
        "level": "2"
      },
      "geometry": {
        "type": "Polygon",
        "coordinates": [
          [
            [
              126.9499218,
              37.2211819
            ],
            [
              126.9499698,
              37.2211127
            ],
            [
              126.9502154,
              37.2212207
            ],
            [
              126.9501673,
              37.22129
            ],
            [
              126.9499218,
              37.2211819
            ]
          ]
        ]
      },
      "id": "way/626597682"
    },
    {
      "type": "Feature",
      "properties": {
        "@id": "way/626597683",
        "addr:city": "화성시",
        "addr:district": "효행구",
        "addr:housenumber": "72",
        "addr:postcode": "18313",
        "addr:province": "경기도",
        "addr:street": "진등1길",
        "addr:subdistrict": "동화리",
        "addr:town": "봉담읍",
        "building": "commercial",
        "level": "3"
      },
      "geometry": {
        "type": "Polygon",
        "coordinates": [
          [
            [
              126.950389,
              37.2212611
            ],
            [
              126.9504351,
              37.2212434
            ],
            [
              126.9505175,
              37.2213793
            ],
            [
              126.9504551,
              37.2214032
            ],
            [
              126.9504419,
              37.2213813
            ],
            [
              126.9504158,
              37.2213914
            ],
            [
              126.9503809,
              37.2213338
            ],
            [
              126.950389,
              37.2212611
            ]
          ]
        ]
      },
      "id": "way/626597683"
    },
    {
      "type": "Feature",
      "properties": {
        "@id": "way/626597684",
        "building": "yes",
        "level": "2"
      },
      "geometry": {
        "type": "Polygon",
        "coordinates": [
          [
            [
              126.950099,
              37.2211031
            ],
            [
              126.9501864,
              37.2210254
            ],
            [
              126.9503102,
              37.2211138
            ],
            [
              126.9502227,
              37.2211914
            ],
            [
              126.950099,
              37.2211031
            ]
          ]
        ]
      },
      "id": "way/626597684"
    },
    {
      "type": "Feature",
      "properties": {
        "@id": "way/626597685",
        "addr:city": "화성시",
        "addr:district": "효행구",
        "addr:housenumber": "1291",
        "addr:postcode": "18313",
        "addr:province": "경기도",
        "addr:street": "삼천병마로",
        "addr:subdistrict": "동화리",
        "addr:town": "봉담읍",
        "building": "commercial",
        "level": "3"
      },
      "geometry": {
        "type": "Polygon",
        "coordinates": [
          [
            [
              126.949757,
              37.2209202
            ],
            [
              126.9498834,
              37.2208023
            ],
            [
              126.9501874,
              37.2210092
            ],
            [
              126.9500609,
              37.221127
            ],
            [
              126.949757,
              37.2209202
            ]
          ]
        ]
      },
      "id": "way/626597685"
    },
    {
      "type": "Feature",
      "properties": {
        "@id": "way/626597686",
        "addr:city": "화성시",
        "addr:district": "효행구",
        "addr:housenumber": "66",
        "addr:postcode": "18313",
        "addr:province": "경기도",
        "addr:street": "진등1길",
        "addr:subdistrict": "동화리",
        "addr:town": "봉담읍",
        "building": "commercial",
        "level": "2"
      },
      "geometry": {
        "type": "Polygon",
        "coordinates": [
          [
            [
              126.9496741,
              37.2210612
            ],
            [
              126.949727,
              37.2209925
            ],
            [
              126.9499326,
              37.221093
            ],
            [
              126.9498796,
              37.2211616
            ],
            [
              126.9496741,
              37.2210612
            ]
          ]
        ]
      },
      "id": "way/626597686"
    },
    {
      "type": "Feature",
      "properties": {
        "@id": "way/626597687",
        "addr:city": "화성시",
        "addr:district": "효행구",
        "addr:housenumber": "62",
        "addr:postcode": "18313",
        "addr:province": "경기도",
        "addr:street": "진등1길",
        "addr:subdistrict": "동화리",
        "addr:town": "봉담읍",
        "building": "commercial",
        "level": "3"
      },
      "geometry": {
        "type": "Polygon",
        "coordinates": [
          [
            [
              126.9495243,
              37.2209852
            ],
            [
              126.9496062,
              37.2208909
            ],
            [
              126.9497359,
              37.2209623
            ],
            [
              126.949654,
              37.2210566
            ],
            [
              126.9495243,
              37.2209852
            ]
          ]
        ]
      },
      "id": "way/626597687"
    },
    {
      "type": "Feature",
      "properties": {
        "@id": "way/626597688",
        "addr:city": "화성시",
        "addr:district": "효행구",
        "addr:housenumber": "60",
        "addr:postcode": "18313",
        "addr:province": "경기도",
        "addr:street": "진등1길",
        "addr:subdistrict": "동화리",
        "addr:town": "봉담읍",
        "building": "commercial",
        "level": "3"
      },
      "geometry": {
        "type": "Polygon",
        "coordinates": [
          [
            [
              126.9493105,
              37.2208785
            ],
            [
              126.9493636,
              37.220818
            ],
            [
              126.9495519,
              37.220923
            ],
            [
              126.9494987,
              37.2209834
            ],
            [
              126.9493105,
              37.2208785
            ]
          ]
        ]
      },
      "id": "way/626597688"
    },
    {
      "type": "Feature",
      "properties": {
        "@id": "way/626597689",
        "addr:city": "화성시",
        "addr:district": "효행구",
        "addr:housenumber": "1285",
        "addr:postcode": "18313",
        "addr:province": "경기도",
        "addr:street": "삼천병마로",
        "addr:subdistrict": "상리",
        "addr:town": "봉담읍",
        "building": "commercial",
        "level": "2"
      },
      "geometry": {
        "type": "Polygon",
        "coordinates": [
          [
            [
              126.9493905,
              37.2205925
            ],
            [
              126.9494234,
              37.220597
            ],
            [
              126.9494288,
              37.2205723
            ],
            [
              126.9494529,
              37.2205595
            ],
            [
              126.9494891,
              37.2205638
            ],
            [
              126.9495709,
              37.2206108
            ],
            [
              126.949579,
              37.2206279
            ],
            [
              126.9495709,
              37.220646
            ],
            [
              126.9495481,
              37.2206599
            ],
            [
              126.9494154,
              37.2206727
            ],
            [
              126.9493743,
              37.220667
            ],
            [
              126.9493905,
              37.2205925
            ]
          ]
        ]
      },
      "id": "way/626597689"
    },
    {
      "type": "Feature",
      "properties": {
        "@id": "way/626597690",
        "addr:city": "화성시",
        "addr:district": "효행구",
        "addr:housenumber": "1289-5",
        "addr:postcode": "18313",
        "addr:province": "경기도",
        "addr:street": "삼천병마로",
        "addr:subdistrict": "상리",
        "addr:town": "봉담읍",
        "building": "commercial",
        "level": "3"
      },
      "geometry": {
        "type": "Polygon",
        "coordinates": [
          [
            [
              126.9491404,
              37.2207272
            ],
            [
              126.9491701,
              37.2205785
            ],
            [
              126.949361,
              37.2206026
            ],
            [
              126.9493389,
              37.2207133
            ],
            [
              126.9491404,
              37.2207272
            ]
          ]
        ]
      },
      "id": "way/626597690"
    },
    {
      "type": "Feature",
      "properties": {
        "@id": "way/626597691",
        "addr:city": "화성시",
        "addr:district": "효행구",
        "addr:housenumber": "56",
        "addr:postcode": "18313",
        "addr:province": "경기도",
        "addr:street": "진등1길",
        "addr:subdistrict": "상리",
        "addr:town": "봉담읍",
        "building": "commercial",
        "level": "3"
      },
      "geometry": {
        "type": "Polygon",
        "coordinates": [
          [
            [
              126.9489607,
              37.2207283
            ],
            [
              126.94903,
              37.2206372
            ],
            [
              126.9491257,
              37.2206834
            ],
            [
              126.9491082,
              37.2207261
            ],
            [
              126.9489607,
              37.2207283
            ]
          ]
        ]
      },
      "id": "way/626597691"
    },
    {
      "type": "Feature",
      "properties": {
        "@id": "way/626597692",
        "building": "yes"
      },
      "geometry": {
        "type": "Polygon",
        "coordinates": [
          [
            [
              126.948811,
              37.2205797
            ],
            [
              126.9488299,
              37.2205504
            ],
            [
              126.9489755,
              37.22061
            ],
            [
              126.9489565,
              37.2206393
            ],
            [
              126.948811,
              37.2205797
            ]
          ]
        ]
      },
      "id": "way/626597692"
    },
    {
      "type": "Feature",
      "properties": {
        "@id": "way/626597693",
        "addr:city": "화성시",
        "addr:district": "효행구",
        "addr:housenumber": "54",
        "addr:postcode": "18313",
        "addr:province": "경기도",
        "addr:street": "진등1길",
        "addr:subdistrict": "상리",
        "addr:town": "봉담읍",
        "building": "commercial",
        "level": "3"
      },
      "geometry": {
        "type": "Polygon",
        "coordinates": [
          [
            [
              126.9487587,
              37.2206654
            ],
            [
              126.9488021,
              37.2205966
            ],
            [
              126.9489308,
              37.220648
            ],
            [
              126.9489204,
              37.2206646
            ],
            [
              126.9489592,
              37.2206801
            ],
            [
              126.9489263,
              37.2207324
            ],
            [
              126.9487587,
              37.2206654
            ]
          ]
        ]
      },
      "id": "way/626597693"
    },
    {
      "type": "Feature",
      "properties": {
        "@id": "way/626597694",
        "addr:city": "화성시",
        "addr:district": "효행구",
        "addr:housenumber": "52",
        "addr:postcode": "18313",
        "addr:province": "경기도",
        "addr:street": "진등1길",
        "addr:subdistrict": "상리",
        "addr:town": "봉담읍",
        "building": "commercial",
        "level": "5"
      },
      "geometry": {
        "type": "Polygon",
        "coordinates": [
          [
            [
              126.948557,
              37.2205734
            ],
            [
              126.9485503,
              37.2205328
            ],
            [
              126.948604,
              37.2204643
            ],
            [
              126.9486893,
              37.2205067
            ],
            [
              126.9487123,
              37.2204775
            ],
            [
              126.9488353,
              37.2205387
            ],
            [
              126.9487376,
              37.2206632
            ],
            [
              126.948557,
              37.2205734
            ]
          ]
        ]
      },
      "id": "way/626597694"
    },
    {
      "type": "Feature",
      "properties": {
        "@id": "way/626597695",
        "addr:city": "화성시",
        "addr:housenumber": "1281",
        "addr:postcode": "18313",
        "addr:province": "경기도",
        "addr:street": "삼천병마로",
        "addr:subdistrict": "상리",
        "addr:town": "봉담읍",
        "building": "yes",
        "level": "2"
      },
      "geometry": {
        "type": "Polygon",
        "coordinates": [
          [
            [
              126.9488511,
              37.2201824
            ],
            [
              126.9492914,
              37.2204668
            ],
            [
              126.9492209,
              37.220536
            ],
            [
              126.9490761,
              37.2205125
            ],
            [
              126.9489038,
              37.2204012
            ],
            [
              126.9488278,
              37.2204759
            ],
            [
              126.9486616,
              37.2203685
            ],
            [
              126.9488511,
              37.2201824
            ]
          ]
        ]
      },
      "id": "way/626597695"
    },
    {
      "type": "Feature",
      "properties": {
        "@id": "way/626597696",
        "addr:city": "화성시",
        "addr:district": "효행구",
        "addr:housenumber": "43",
        "addr:postcode": "18313",
        "addr:province": "경기도",
        "addr:street": "진등1길",
        "addr:subdistrict": "상리",
        "addr:town": "봉담읍",
        "building": "commercial",
        "level": "1"
      },
      "geometry": {
        "type": "Polygon",
        "coordinates": [
          [
            [
              126.9479116,
              37.2200934
            ],
            [
              126.9479641,
              37.2201538
            ],
            [
              126.9479057,
              37.220186
            ],
            [
              126.9478532,
              37.2201256
            ],
            [
              126.9479116,
              37.2200934
            ]
          ]
        ]
      },
      "id": "way/626597696"
    },
    {
      "type": "Feature",
      "properties": {
        "@id": "way/626597697",
        "addr:city": "화성시",
        "addr:district": "효행구",
        "addr:housenumber": "45",
        "addr:postcode": "18313",
        "addr:province": "경기도",
        "addr:street": "진등1길",
        "addr:subdistrict": "상리",
        "addr:town": "봉담읍",
        "building": "commercial",
        "level": "2"
      },
      "geometry": {
        "type": "Polygon",
        "coordinates": [
          [
            [
              126.9479677,
              37.220161
            ],
            [
              126.9480807,
              37.2202826
            ],
            [
              126.9479746,
              37.2203451
            ],
            [
              126.9479386,
              37.2203064
            ],
            [
              126.9479568,
              37.2202956
            ],
            [
              126.9479319,
              37.2202688
            ],
            [
              126.9479625,
              37.2202508
            ],
            [
              126.9479104,
              37.2201948
            ],
            [
              126.9479677,
              37.220161
            ]
          ]
        ]
      },
      "id": "way/626597697"
    },
    {
      "type": "Feature",
      "properties": {
        "@id": "way/626597698",
        "addr:city": "화성시",
        "addr:district": "효행구",
        "addr:housenumber": "47-1",
        "addr:postcode": "18313",
        "addr:province": "경기도",
        "addr:street": "진등1길",
        "addr:subdistrict": "상리",
        "addr:town": "봉담읍",
        "building": "commercial",
        "level": "1"
      },
      "geometry": {
        "type": "Polygon",
        "coordinates": [
          [
            [
              126.9480134,
              37.2203418
            ],
            [
              126.9480709,
              37.2203577
            ],
            [
              126.9480347,
              37.2203881
            ],
            [
              126.9479976,
              37.2203778
            ],
            [
              126.9480134,
              37.2203418
            ]
          ]
        ]
      },
      "id": "way/626597698"
    },
    {
      "type": "Feature",
      "properties": {
        "@id": "way/626597699",
        "addr:city": "화성시",
        "addr:district": "효행구",
        "addr:housenumber": "47",
        "addr:postcode": "18313",
        "addr:province": "경기도",
        "addr:street": "진등1길",
        "addr:subdistrict": "상리",
        "addr:town": "봉담읍",
        "building": "commercial",
        "level": "1"
      },
      "geometry": {
        "type": "Polygon",
        "coordinates": [
          [
            [
              126.9481078,
              37.2203219
            ],
            [
              126.9480783,
              37.2203523
            ],
            [
              126.9480045,
              37.2203336
            ],
            [
              126.948074,
              37.2202887
            ],
            [
              126.9481078,
              37.2203219
            ]
          ]
        ]
      },
      "id": "way/626597699"
    },
    {
      "type": "Feature",
      "properties": {
        "@id": "way/626597701",
        "addr:city": "화성시",
        "addr:district": "효행구",
        "addr:housenumber": "47-2",
        "addr:postcode": "18313",
        "addr:province": "경기도",
        "addr:street": "진등1길",
        "addr:subdistrict": "수영리",
        "addr:town": "봉담읍",
        "building": "commercial",
        "level": "4"
      },
      "geometry": {
        "type": "Polygon",
        "coordinates": [
          [
            [
              126.9480112,
              37.2204655
            ],
            [
              126.948083,
              37.2204346
            ],
            [
              126.948258,
              37.2204888
            ],
            [
              126.9482134,
              37.2205801
            ],
            [
              126.9480313,
              37.2205237
            ],
            [
              126.9480112,
              37.2204655
            ]
          ]
        ]
      },
      "id": "way/626597701"
    },
    {
      "type": "Feature",
      "properties": {
        "@id": "way/626597702",
        "building": "commercial",
        "level": "1"
      },
      "geometry": {
        "type": "Polygon",
        "coordinates": [
          [
            [
              126.9482611,
              37.2200636
            ],
            [
              126.9483196,
              37.2199984
            ],
            [
              126.9483918,
              37.2200394
            ],
            [
              126.9483334,
              37.2201046
            ],
            [
              126.9482611,
              37.2200636
            ]
          ]
        ]
      },
      "id": "way/626597702"
    },
    {
      "type": "Feature",
      "properties": {
        "@id": "way/626597703",
        "addr:city": "화성시",
        "addr:district": "효행구",
        "addr:housenumber": "46-3",
        "addr:postcode": "18313",
        "addr:province": "경기도",
        "addr:street": "진등1길",
        "addr:subdistrict": "상리",
        "addr:town": "봉담읍",
        "building": "commercial",
        "level": "1"
      },
      "geometry": {
        "type": "Polygon",
        "coordinates": [
          [
            [
              126.9481991,
              37.2201342
            ],
            [
              126.948253,
              37.2200688
            ],
            [
              126.9483344,
              37.2201113
            ],
            [
              126.9482806,
              37.2201767
            ],
            [
              126.9481991,
              37.2201342
            ]
          ]
        ]
      },
      "id": "way/626597703"
    },
    {
      "type": "Feature",
      "properties": {
        "@id": "way/626597704",
        "addr:city": "화성시",
        "addr:housenumber": "48",
        "addr:postcode": "18313",
        "addr:province": "경기도",
        "addr:street": "진등1길",
        "addr:subdistrict": "상리",
        "addr:town": "봉담읍",
        "building": "commercial",
        "level": "1"
      },
      "geometry": {
        "type": "Polygon",
        "coordinates": [
          [
            [
              126.9481614,
              37.2202391
            ],
            [
              126.9481882,
              37.2201409
            ],
            [
              126.9482741,
              37.2201772
            ],
            [
              126.9484362,
              37.2203303
            ],
            [
              126.9483321,
              37.2204002
            ],
            [
              126.9481614,
              37.2202391
            ]
          ]
        ]
      },
      "id": "way/626597704"
    },
    {
      "type": "Feature",
      "properties": {
        "@id": "way/628495386",
        "building": "yes"
      },
      "geometry": {
        "type": "Polygon",
        "coordinates": [
          [
            [
              126.9485084,
              37.2233962
            ],
            [
              126.9485099,
              37.2232851
            ],
            [
              126.9488585,
              37.2232882
            ],
            [
              126.948857,
              37.2233993
            ],
            [
              126.9485084,
              37.2233962
            ]
          ]
        ]
      },
      "id": "way/628495386"
    },
    {
      "type": "Feature",
      "properties": {
        "@id": "way/692197146",
        "building": "commercial"
      },
      "geometry": {
        "type": "Polygon",
        "coordinates": [
          [
            [
              126.9489633,
              37.218927
            ],
            [
              126.948864,
              37.2188544
            ],
            [
              126.9491162,
              37.2186643
            ],
            [
              126.94921,
              37.2187412
            ],
            [
              126.9489633,
              37.218927
            ]
          ]
        ]
      },
      "id": "way/692197146"
    },
    {
      "type": "Feature",
      "properties": {
        "@id": "way/750655345",
        "building": "yes",
        "name": "상봉초등학교 본관"
      },
      "geometry": {
        "type": "Polygon",
        "coordinates": [
          [
            [
              126.9545239,
              37.2185618
            ],
            [
              126.9544307,
              37.2184803
            ],
            [
              126.9545726,
              37.2183774
            ],
            [
              126.9544856,
              37.2182987
            ],
            [
              126.9544472,
              37.2183264
            ],
            [
              126.9543404,
              37.2182329
            ],
            [
              126.9543577,
              37.2182204
            ],
            [
              126.9542332,
              37.2181113
            ],
            [
              126.9542686,
              37.2180857
            ],
            [
              126.9542082,
              37.2180327
            ],
            [
              126.954274,
              37.2179852
            ],
            [
              126.9545534,
              37.2182304
            ],
            [
              126.9545093,
              37.2182622
            ],
            [
              126.9546443,
              37.2183806
            ],
            [
              126.9546743,
              37.2183589
            ],
            [
              126.954632,
              37.2183218
            ],
            [
              126.9549349,
              37.2181028
            ],
            [
              126.9550696,
              37.2182209
            ],
            [
              126.9548953,
              37.218347
            ],
            [
              126.954869,
              37.2183239
            ],
            [
              126.9548365,
              37.2183474
            ],
            [
              126.954906,
              37.2184081
            ],
            [
              126.9547645,
              37.2185107
            ],
            [
              126.9546873,
              37.2184432
            ],
            [
              126.9545239,
              37.2185618
            ]
          ]
        ]
      },
      "id": "way/750655345"
    },
    {
      "type": "Feature",
      "properties": {
        "@id": "way/750655346",
        "building": "school",
        "name": "상봉초등학교 체육관"
      },
      "geometry": {
        "type": "Polygon",
        "coordinates": [
          [
            [
              126.9551324,
              37.218212
            ],
            [
              126.9549808,
              37.2180739
            ],
            [
              126.955273,
              37.2178706
            ],
            [
              126.9554245,
              37.2180087
            ],
            [
              126.9551324,
              37.218212
            ]
          ]
        ]
      },
      "id": "way/750655346"
    },
    {
      "type": "Feature",
      "properties": {
        "@id": "way/750655347",
        "building": "school",
        "building:levels": "5",
        "name": "봉담고등학교 본관"
      },
      "geometry": {
        "type": "Polygon",
        "coordinates": [
          [
            [
              126.9534513,
              37.2175068
            ],
            [
              126.9534416,
              37.2174436
            ],
            [
              126.9534738,
              37.2174404
            ],
            [
              126.9534611,
              37.2173587
            ],
            [
              126.9539697,
              37.2173086
            ],
            [
              126.9544074,
              37.2176883
            ],
            [
              126.9542375,
              37.2178125
            ],
            [
              126.9541987,
              37.2177788
            ],
            [
              126.9541556,
              37.2178104
            ],
            [
              126.9540837,
              37.217748
            ],
            [
              126.9541184,
              37.2177227
            ],
            [
              126.9539856,
              37.2176075
            ],
            [
              126.9540042,
              37.2175799
            ],
            [
              126.9538464,
              37.2174337
            ],
            [
              126.95369,
              37.217449
            ],
            [
              126.9536981,
              37.2175019
            ],
            [
              126.9535606,
              37.2175153
            ],
            [
              126.9535577,
              37.2174964
            ],
            [
              126.9534513,
              37.2175068
            ]
          ]
        ]
      },
      "id": "way/750655347"
    },
    {
      "type": "Feature",
      "properties": {
        "@id": "way/750655348",
        "building": "school",
        "building:levels": "2",
        "name": "봉담고등학교 체육관"
      },
      "geometry": {
        "type": "Polygon",
        "coordinates": [
          [
            [
              126.9538921,
              37.2180498
            ],
            [
              126.9537123,
              37.2178941
            ],
            [
              126.9540038,
              37.2176806
            ],
            [
              126.9541836,
              37.2178362
            ],
            [
              126.9538921,
              37.2180498
            ]
          ]
        ]
      },
      "id": "way/750655348"
    },
    {
      "type": "Feature",
      "properties": {
        "@id": "way/750655349",
        "building": "school"
      },
      "geometry": {
        "type": "Polygon",
        "coordinates": [
          [
            [
              126.9532401,
              37.2164002
            ],
            [
              126.9533129,
              37.2163228
            ],
            [
              126.9538264,
              37.2166288
            ],
            [
              126.9538101,
              37.2166462
            ],
            [
              126.953849,
              37.2166694
            ],
            [
              126.9535708,
              37.216966
            ],
            [
              126.9534627,
              37.2169016
            ],
            [
              126.9536823,
              37.2166675
            ],
            [
              126.9535518,
              37.2165898
            ],
            [
              126.9535219,
              37.2166217
            ],
            [
              126.9534375,
              37.2165715
            ],
            [
              126.9533167,
              37.2167003
            ],
            [
              126.9532035,
              37.216633
            ],
            [
              126.9531632,
              37.2166759
            ],
            [
              126.9530971,
              37.2166366
            ],
            [
              126.9530713,
              37.2166478
            ],
            [
              126.9530349,
              37.2166261
            ],
            [
              126.9530924,
              37.2165649
            ],
            [
              126.9529744,
              37.2164946
            ],
            [
              126.9530332,
              37.2164321
            ],
            [
              126.9532216,
              37.2165444
            ],
            [
              126.9533151,
              37.2164449
            ],
            [
              126.9532401,
              37.2164002
            ]
          ]
        ]
      },
      "id": "way/750655349"
    },
    {
      "type": "Feature",
      "properties": {
        "@id": "way/750655350",
        "building": "school"
      },
      "geometry": {
        "type": "Polygon",
        "coordinates": [
          [
            [
              126.9539046,
              37.2167408
            ],
            [
              126.9538327,
              37.2166957
            ],
            [
              126.9538906,
              37.2166372
            ],
            [
              126.9538322,
              37.2166006
            ],
            [
              126.9538951,
              37.216537
            ],
            [
              126.9540254,
              37.2166187
            ],
            [
              126.9539046,
              37.2167408
            ]
          ]
        ]
      },
      "id": "way/750655350"
    },
    {
      "type": "Feature",
      "properties": {
        "@id": "way/750655374",
        "building": "university"
      },
      "geometry": {
        "type": "Polygon",
        "coordinates": [
          [
            [
              126.9453712,
              37.2152692
            ],
            [
              126.945388,
              37.2148215
            ],
            [
              126.9457238,
              37.2148296
            ],
            [
              126.9457069,
              37.2152772
            ],
            [
              126.9453712,
              37.2152692
            ]
          ]
        ]
      },
      "id": "way/750655374"
    },
    {
      "type": "Feature",
      "properties": {
        "@id": "way/750655375",
        "building": "apartments",
        "name": "106동"
      },
      "geometry": {
        "type": "Polygon",
        "coordinates": [
          [
            [
              126.9544035,
              37.2162652
            ],
            [
              126.9544133,
              37.2161353
            ],
            [
              126.9552192,
              37.2161736
            ],
            [
              126.9552095,
              37.2163035
            ],
            [
              126.9544035,
              37.2162652
            ]
          ]
        ]
      },
      "id": "way/750655375"
    },
    {
      "type": "Feature",
      "properties": {
        "@id": "way/813084371",
        "building": "yes"
      },
      "geometry": {
        "type": "Polygon",
        "coordinates": [
          [
            [
              126.9514193,
              37.2180144
            ],
            [
              126.9515964,
              37.2178809
            ],
            [
              126.9516663,
              37.2179402
            ],
            [
              126.9514939,
              37.2180701
            ],
            [
              126.9514193,
              37.2180144
            ]
          ]
        ]
      },
      "id": "way/813084371"
    },
    {
      "type": "Feature",
      "properties": {
        "@id": "way/813084372",
        "building": "yes"
      },
      "geometry": {
        "type": "Polygon",
        "coordinates": [
          [
            [
              126.9515312,
              37.2178326
            ],
            [
              126.951452,
              37.2178957
            ],
            [
              126.9513215,
              37.2177992
            ],
            [
              126.9514147,
              37.2177399
            ],
            [
              126.9515312,
              37.2178326
            ]
          ]
        ]
      },
      "id": "way/813084372"
    },
    {
      "type": "Feature",
      "properties": {
        "@id": "way/813084373",
        "building": "yes"
      },
      "geometry": {
        "type": "Polygon",
        "coordinates": [
          [
            [
              126.9512656,
              37.21784
            ],
            [
              126.9514193,
              37.2179254
            ],
            [
              126.9513588,
              37.2179922
            ],
            [
              126.9512796,
              37.2180144
            ],
            [
              126.9512237,
              37.2178846
            ],
            [
              126.9512656,
              37.21784
            ]
          ]
        ]
      },
      "id": "way/813084373"
    },
    {
      "type": "Feature",
      "properties": {
        "@id": "way/813084376",
        "building": "yes",
        "building:levels": "10",
        "name": "원희캐슬"
      },
      "geometry": {
        "type": "Polygon",
        "coordinates": [
          [
            [
              126.9548511,
              37.2188812
            ],
            [
              126.9548803,
              37.218859
            ],
            [
              126.9553642,
              37.2184912
            ],
            [
              126.95591,
              37.2190149
            ],
            [
              126.9558727,
              37.2192341
            ],
            [
              126.9557794,
              37.2193269
            ],
            [
              126.9552709,
              37.2188403
            ],
            [
              126.9551497,
              37.2189258
            ],
            [
              126.9556674,
              37.2194161
            ],
            [
              126.9555368,
              37.2195312
            ],
            [
              126.9548511,
              37.2188812
            ]
          ]
        ]
      },
      "id": "way/813084376"
    },
    {
      "type": "Feature",
      "properties": {
        "@id": "way/1230233404",
        "addr:city": "화성시",
        "addr:district": "효행구",
        "addr:housenumber": "160",
        "addr:postcode": "18311",
        "addr:province": "경기도",
        "addr:street": "상리3길",
        "addr:subdistrict": "수영리",
        "addr:town": "봉담읍",
        "building": "apartments",
        "name": "중흥S클래스 더 센트럴 205"
      },
      "geometry": {
        "type": "Polygon",
        "coordinates": [
          [
            [
              126.9488494,
              37.2250781
            ],
            [
              126.9486741,
              37.2251526
            ],
            [
              126.9486048,
              37.2250492
            ],
            [
              126.9488913,
              37.2249273
            ],
            [
              126.9490583,
              37.2251763
            ],
            [
              126.948947,
              37.2252236
            ],
            [
              126.9488494,
              37.2250781
            ]
          ]
        ]
      },
      "id": "way/1230233404"
    },
    {
      "type": "Feature",
      "properties": {
        "@id": "way/1230233405",
        "addr:city": "화성시",
        "addr:district": "효행구",
        "addr:housenumber": "160",
        "addr:postcode": "18311",
        "addr:province": "경기도",
        "addr:street": "상리3길",
        "addr:subdistrict": "수영리",
        "addr:town": "봉담읍",
        "building": "apartments",
        "name": "중흥S클래스 더 센트럴 201동"
      },
      "geometry": {
        "type": "Polygon",
        "coordinates": [
          [
            [
              126.9478289,
              37.2250414
            ],
            [
              126.9477762,
              37.2249617
            ],
            [
              126.9482054,
              37.2247819
            ],
            [
              126.9483624,
              37.2250194
            ],
            [
              126.948223,
              37.2250778
            ],
            [
              126.9481186,
              37.2249199
            ],
            [
              126.9478289,
              37.2250414
            ]
          ]
        ]
      },
      "id": "way/1230233405"
    },
    {
      "type": "Feature",
      "properties": {
        "@id": "way/1230235028",
        "building": "yes",
        "name": "어반센터프라자"
      },
      "geometry": {
        "type": "Polygon",
        "coordinates": [
          [
            [
              126.9466455,
              37.2253364
            ],
            [
              126.9468783,
              37.2246459
            ],
            [
              126.9472192,
              37.2247188
            ],
            [
              126.9469862,
              37.2254093
            ],
            [
              126.9466455,
              37.2253364
            ]
          ]
        ]
      },
      "id": "way/1230235028"
    },
    {
      "type": "Feature",
      "properties": {
        "@id": "way/1230235029",
        "building": "yes",
        "name": "DS타워"
      },
      "geometry": {
        "type": "Polygon",
        "coordinates": [
          [
            [
              126.9465452,
              37.2245304
            ],
            [
              126.9466299,
              37.2242601
            ],
            [
              126.9468708,
              37.2243106
            ],
            [
              126.9467863,
              37.2245754
            ],
            [
              126.9465452,
              37.2245304
            ]
          ]
        ]
      },
      "id": "way/1230235029"
    },
    {
      "type": "Feature",
      "properties": {
        "@id": "way/1230235030",
        "building": "yes",
        "name": "ST프라자"
      },
      "geometry": {
        "type": "Polygon",
        "coordinates": [
          [
            [
              126.9461758,
              37.2244129
            ],
            [
              126.9462561,
              37.2241821
            ],
            [
              126.9466046,
              37.2242564
            ],
            [
              126.9465349,
              37.2244839
            ],
            [
              126.9461758,
              37.2244129
            ]
          ]
        ]
      },
      "id": "way/1230235030"
    },
    {
      "type": "Feature",
      "properties": {
        "@id": "way/1230235031",
        "building": "yes",
        "name": "토마토 메티칼 타워"
      },
      "geometry": {
        "type": "Polygon",
        "coordinates": [
          [
            [
              126.9468631,
              37.2246164
            ],
            [
              126.9469476,
              37.2243293
            ],
            [
              126.9472215,
              37.2243682
            ],
            [
              126.9472754,
              37.2244436
            ],
            [
              126.9472155,
              37.2246823
            ],
            [
              126.9468631,
              37.2246164
            ]
          ]
        ]
      },
      "id": "way/1230235031"
    },
    {
      "type": "Feature",
      "properties": {
        "@id": "way/1230235137",
        "building": "yes",
        "name": "센트럴 상가",
        "shop": "yes"
      },
      "geometry": {
        "type": "Polygon",
        "coordinates": [
          [
            [
              126.9476488,
              37.2252314
            ],
            [
              126.9475281,
              37.2251908
            ],
            [
              126.9476515,
              37.2248939
            ],
            [
              126.9478178,
              37.2247679
            ],
            [
              126.948137,
              37.2246697
            ],
            [
              126.9481902,
              37.2247756
            ],
            [
              126.9479331,
              37.2248619
            ],
            [
              126.9477963,
              37.2249238
            ],
            [
              126.9477239,
              37.2250028
            ],
            [
              126.9476998,
              37.2251203
            ],
            [
              126.9476488,
              37.2252314
            ]
          ]
        ]
      },
      "id": "way/1230235137"
    },
    {
      "type": "Feature",
      "properties": {
        "@id": "way/1230250962",
        "building": "yes",
        "name": "중흥 경비실",
        "office": "security"
      },
      "geometry": {
        "type": "Polygon",
        "coordinates": [
          [
            [
              126.9486511,
              37.2249085
            ],
            [
              126.9485787,
              37.2248828
            ],
            [
              126.9486135,
              37.2248166
            ],
            [
              126.948692,
              37.224846
            ],
            [
              126.9486511,
              37.2249085
            ]
          ]
        ]
      },
      "id": "way/1230250962"
    },
    {
      "type": "Feature",
      "properties": {
        "@id": "way/1230250968",
        "building": "church",
        "name": "꿈이있는교회"
      },
      "geometry": {
        "type": "Polygon",
        "coordinates": [
          [
            [
              126.9465616,
              37.2239132
            ],
            [
              126.9463893,
              37.2238727
            ],
            [
              126.9463916,
              37.2237593
            ],
            [
              126.9464844,
              37.2235085
            ],
            [
              126.9466932,
              37.2235575
            ],
            [
              126.9465616,
              37.2239132
            ]
          ]
        ]
      },
      "id": "way/1230250968"
    },
    {
      "type": "Feature",
      "properties": {
        "@id": "way/1230250969",
        "building": "yes",
        "name": "리치타워"
      },
      "geometry": {
        "type": "Polygon",
        "coordinates": [
          [
            [
              126.947094,
              37.2240337
            ],
            [
              126.9468374,
              37.2239722
            ],
            [
              126.9469794,
              37.2235962
            ],
            [
              126.9472361,
              37.2236577
            ],
            [
              126.947094,
              37.2240337
            ]
          ]
        ]
      },
      "id": "way/1230250969"
    },
    {
      "type": "Feature",
      "properties": {
        "@id": "way/1230250970",
        "building": "yes",
        "name": "예스프라자"
      },
      "geometry": {
        "type": "Polygon",
        "coordinates": [
          [
            [
              126.9473903,
              37.2240779
            ],
            [
              126.9471487,
              37.2240284
            ],
            [
              126.9472687,
              37.2236573
            ],
            [
              126.9475103,
              37.2237068
            ],
            [
              126.9473903,
              37.2240779
            ]
          ]
        ]
      },
      "id": "way/1230250970"
    },
    {
      "type": "Feature",
      "properties": {
        "@id": "way/1230250971",
        "building": "church",
        "name": "상록교회"
      },
      "geometry": {
        "type": "Polygon",
        "coordinates": [
          [
            [
              126.9501825,
              37.2247418
            ],
            [
              126.9495615,
              37.2246061
            ],
            [
              126.9495964,
              37.2244726
            ],
            [
              126.9502106,
              37.2241267
            ],
            [
              126.9501825,
              37.2247418
            ]
          ]
        ]
      },
      "id": "way/1230250971"
    },
    {
      "type": "Feature",
      "properties": {
        "@id": "way/1324285835",
        "building": "apartments",
        "name": "101동"
      },
      "geometry": {
        "type": "Polygon",
        "coordinates": [
          [
            [
              126.9460182,
              37.2187628
            ],
            [
              126.9460004,
              37.218751
            ],
            [
              126.946005,
              37.2187466
            ],
            [
              126.945985,
              37.2187333
            ],
            [
              126.9459803,
              37.2187377
            ],
            [
              126.9459149,
              37.218691
            ],
            [
              126.9459209,
              37.2186853
            ],
            [
              126.9459098,
              37.2186779
            ],
            [
              126.9458782,
              37.2187081
            ],
            [
              126.9458539,
              37.218692
            ],
            [
              126.9458576,
              37.2186885
            ],
            [
              126.9458441,
              37.2186796
            ],
            [
              126.9458339,
              37.2186894
            ],
            [
              126.9458073,
              37.2186718
            ],
            [
              126.9458455,
              37.2186353
            ],
            [
              126.9458329,
              37.218627
            ],
            [
              126.9458269,
              37.2186327
            ],
            [
              126.9457788,
              37.2186008
            ],
            [
              126.9457767,
              37.2186028
            ],
            [
              126.9457589,
              37.218591
            ],
            [
              126.9457632,
              37.2185868
            ],
            [
              126.9457499,
              37.218578
            ],
            [
              126.9458165,
              37.2185143
            ],
            [
              126.946305,
              37.2188379
            ],
            [
              126.9462384,
              37.2189016
            ],
            [
              126.9462263,
              37.2188936
            ],
            [
              126.9462219,
              37.2188978
            ],
            [
              126.9461568,
              37.2188512
            ],
            [
              126.9461628,
              37.2188455
            ],
            [
              126.9461509,
              37.2188377
            ],
            [
              126.9461194,
              37.2188679
            ],
            [
              126.946095,
              37.2188518
            ],
            [
              126.9460987,
              37.2188483
            ],
            [
              126.9460853,
              37.2188394
            ],
            [
              126.946075,
              37.2188492
            ],
            [
              126.9460485,
              37.2188316
            ],
            [
              126.9460866,
              37.2187951
            ],
            [
              126.9460746,
              37.2187871
            ],
            [
              126.9460687,
              37.2187928
            ],
            [
              126.9460203,
              37.2187608
            ],
            [
              126.9460182,
              37.2187628
            ]
          ]
        ]
      },
      "id": "way/1324285835"
    },
    {
      "type": "Feature",
      "properties": {
        "@id": "way/1324285836",
        "building": "apartments",
        "name": "110동"
      },
      "geometry": {
        "type": "Polygon",
        "coordinates": [
          [
            [
              126.9454535,
              37.2184083
            ],
            [
              126.9454391,
              37.218397
            ],
            [
              126.9454117,
              37.2184191
            ],
            [
              126.9453728,
              37.2183885
            ],
            [
              126.945377,
              37.2183851
            ],
            [
              126.9453636,
              37.2183747
            ],
            [
              126.9453598,
              37.2183777
            ],
            [
              126.9453371,
              37.2183599
            ],
            [
              126.9453641,
              37.218338
            ],
            [
              126.9453484,
              37.2183256
            ],
            [
              126.9453426,
              37.2183303
            ],
            [
              126.9452911,
              37.2182912
            ],
            [
              126.9452942,
              37.2182886
            ],
            [
              126.9452765,
              37.2182747
            ],
            [
              126.945355,
              37.2182113
            ],
            [
              126.9455986,
              37.2184027
            ],
            [
              126.9455201,
              37.218466
            ],
            [
              126.945502,
              37.2184519
            ],
            [
              126.9454988,
              37.2184544
            ],
            [
              126.9454478,
              37.2184129
            ],
            [
              126.9454535,
              37.2184083
            ]
          ]
        ]
      },
      "id": "way/1324285836"
    },
    {
      "type": "Feature",
      "properties": {
        "@id": "way/1324285838",
        "building": "apartments",
        "name": "107동"
      },
      "geometry": {
        "type": "Polygon",
        "coordinates": [
          [
            [
              126.9450075,
              37.2189507
            ],
            [
              126.9449931,
              37.2189394
            ],
            [
              126.9449657,
              37.2189615
            ],
            [
              126.9449268,
              37.2189309
            ],
            [
              126.9449309,
              37.2189275
            ],
            [
              126.9449176,
              37.2189171
            ],
            [
              126.9449138,
              37.2189201
            ],
            [
              126.9448911,
              37.2189023
            ],
            [
              126.9449181,
              37.2188804
            ],
            [
              126.9449024,
              37.2188681
            ],
            [
              126.9448962,
              37.2188731
            ],
            [
              126.9448455,
              37.2188332
            ],
            [
              126.9448482,
              37.218831
            ],
            [
              126.9448304,
              37.2188171
            ],
            [
              126.944909,
              37.2187537
            ],
            [
              126.9451526,
              37.2189451
            ],
            [
              126.945074,
              37.2190084
            ],
            [
              126.945056,
              37.2189943
            ],
            [
              126.9450533,
              37.2189965
            ],
            [
              126.9450013,
              37.2189557
            ],
            [
              126.9450075,
              37.2189507
            ]
          ]
        ]
      },
      "id": "way/1324285838"
    },
    {
      "type": "Feature",
      "properties": {
        "@id": "way/1324285840",
        "building": "commercial"
      },
      "geometry": {
        "type": "Polygon",
        "coordinates": [
          [
            [
              126.9453057,
              37.2200128
            ],
            [
              126.9454155,
              37.2198481
            ],
            [
              126.9454897,
              37.2198795
            ],
            [
              126.9453799,
              37.2200442
            ],
            [
              126.9453057,
              37.2200128
            ]
          ]
        ]
      },
      "id": "way/1324285840"
    },
    {
      "type": "Feature",
      "properties": {
        "@id": "way/1324285841",
        "building": "commercial"
      },
      "geometry": {
        "type": "Polygon",
        "coordinates": [
          [
            [
              126.9455321,
              37.2196802
            ],
            [
              126.9457582,
              37.2193872
            ],
            [
              126.9458298,
              37.2194223
            ],
            [
              126.9456037,
              37.2197152
            ],
            [
              126.9455321,
              37.2196802
            ]
          ]
        ]
      },
      "id": "way/1324285841"
    },
    {
      "type": "Feature",
      "properties": {
        "@id": "way/1324285842",
        "building": "apartments",
        "name": "103동"
      },
      "geometry": {
        "type": "Polygon",
        "coordinates": [
          [
            [
              126.9452237,
              37.2197308
            ],
            [
              126.9452026,
              37.2197233
            ],
            [
              126.9452055,
              37.2197181
            ],
            [
              126.9451817,
              37.2197096
            ],
            [
              126.9451788,
              37.2197149
            ],
            [
              126.9450999,
              37.219684
            ],
            [
              126.9451037,
              37.2196772
            ],
            [
              126.9450905,
              37.2196725
            ],
            [
              126.9450704,
              37.2197085
            ],
            [
              126.9450415,
              37.2196982
            ],
            [
              126.9450438,
              37.219694
            ],
            [
              126.9450279,
              37.2196884
            ],
            [
              126.9450213,
              37.2197
            ],
            [
              126.9449898,
              37.2196888
            ],
            [
              126.9450141,
              37.2196454
            ],
            [
              126.9449991,
              37.2196401
            ],
            [
              126.9449953,
              37.2196469
            ],
            [
              126.9449381,
              37.2196266
            ],
            [
              126.9449368,
              37.219629
            ],
            [
              126.9449156,
              37.2196215
            ],
            [
              126.9449184,
              37.2196165
            ],
            [
              126.9449026,
              37.2196109
            ],
            [
              126.944945,
              37.2195352
            ],
            [
              126.9455253,
              37.2197412
            ],
            [
              126.9454829,
              37.2198169
            ],
            [
              126.9454686,
              37.2198118
            ],
            [
              126.9454658,
              37.2198168
            ],
            [
              126.9453872,
              37.219786
            ],
            [
              126.945391,
              37.2197792
            ],
            [
              126.945377,
              37.2197742
            ],
            [
              126.9453569,
              37.2198102
            ],
            [
              126.945328,
              37.2197999
            ],
            [
              126.9453303,
              37.2197957
            ],
            [
              126.9453144,
              37.2197901
            ],
            [
              126.9453079,
              37.2198017
            ],
            [
              126.9452763,
              37.2197905
            ],
            [
              126.9453006,
              37.2197471
            ],
            [
              126.9452863,
              37.2197421
            ],
            [
              126.9452825,
              37.2197489
            ],
            [
              126.945225,
              37.2197285
            ],
            [
              126.9452237,
              37.2197308
            ]
          ]
        ]
      },
      "id": "way/1324285842"
    },
    {
      "type": "Feature",
      "properties": {
        "@id": "way/1324285843",
        "building": "apartments",
        "name": "102동"
      },
      "geometry": {
        "type": "Polygon",
        "coordinates": [
          [
            [
              126.9455949,
              37.219239
            ],
            [
              126.9455749,
              37.2192297
            ],
            [
              126.9455785,
              37.2192247
            ],
            [
              126.945556,
              37.2192143
            ],
            [
              126.9455523,
              37.2192193
            ],
            [
              126.9454781,
              37.2191819
            ],
            [
              126.9454828,
              37.2191754
            ],
            [
              126.9454703,
              37.2191697
            ],
            [
              126.9454454,
              37.2192036
            ],
            [
              126.9454181,
              37.219191
            ],
            [
              126.945421,
              37.219187
            ],
            [
              126.9454059,
              37.21918
            ],
            [
              126.9453978,
              37.2191911
            ],
            [
              126.9453679,
              37.2191773
            ],
            [
              126.945398,
              37.2191362
            ],
            [
              126.9453838,
              37.2191296
            ],
            [
              126.9453791,
              37.219136
            ],
            [
              126.945325,
              37.219111
            ],
            [
              126.9453233,
              37.2191132
            ],
            [
              126.9453033,
              37.2191039
            ],
            [
              126.9453067,
              37.2190992
            ],
            [
              126.9452918,
              37.2190923
            ],
            [
              126.9453441,
              37.2190207
            ],
            [
              126.9458933,
              37.2192751
            ],
            [
              126.945841,
              37.2193467
            ],
            [
              126.9458274,
              37.2193404
            ],
            [
              126.945824,
              37.2193451
            ],
            [
              126.94575,
              37.2193078
            ],
            [
              126.9457547,
              37.2193014
            ],
            [
              126.9457414,
              37.2192953
            ],
            [
              126.9457166,
              37.2193292
            ],
            [
              126.9456893,
              37.2193166
            ],
            [
              126.9456921,
              37.2193126
            ],
            [
              126.945677,
              37.2193056
            ],
            [
              126.945669,
              37.2193167
            ],
            [
              126.9456391,
              37.2193029
            ],
            [
              126.9456691,
              37.2192618
            ],
            [
              126.9456556,
              37.2192555
            ],
            [
              126.9456509,
              37.2192619
            ],
            [
              126.9455965,
              37.2192367
            ],
            [
              126.9455949,
              37.219239
            ]
          ]
        ]
      },
      "id": "way/1324285843"
    },
    {
      "type": "Feature",
      "properties": {
        "@id": "way/1324285848",
        "building": "apartments",
        "name": "109동"
      },
      "geometry": {
        "type": "Polygon",
        "coordinates": [
          [
            [
              126.9452056,
              37.2181657
            ],
            [
              126.9452018,
              37.2181686
            ],
            [
              126.9451495,
              37.2181249
            ],
            [
              126.9451547,
              37.2181207
            ],
            [
              126.9451411,
              37.2181101
            ],
            [
              126.9451147,
              37.2181315
            ],
            [
              126.9450752,
              37.2181007
            ],
            [
              126.9450785,
              37.218098
            ],
            [
              126.9450648,
              37.2180873
            ],
            [
              126.9450605,
              37.2180907
            ],
            [
              126.9450376,
              37.2180728
            ],
            [
              126.9450651,
              37.2180506
            ],
            [
              126.9450507,
              37.2180394
            ],
            [
              126.9450456,
              37.2180435
            ],
            [
              126.9450034,
              37.2180134
            ],
            [
              126.9449913,
              37.2180039
            ],
            [
              126.9449952,
              37.2180007
            ],
            [
              126.9449811,
              37.2179897
            ],
            [
              126.9449454,
              37.2180187
            ],
            [
              126.9449409,
              37.2180152
            ],
            [
              126.9449274,
              37.2180262
            ],
            [
              126.9449326,
              37.2180302
            ],
            [
              126.9449107,
              37.218048
            ],
            [
              126.9448873,
              37.2180296
            ],
            [
              126.9448732,
              37.218041
            ],
            [
              126.9448787,
              37.2180452
            ],
            [
              126.9448078,
              37.2180988
            ],
            [
              126.9447284,
              37.2180366
            ],
            [
              126.9447622,
              37.2180092
            ],
            [
              126.9447648,
              37.2180112
            ],
            [
              126.9448991,
              37.2179024
            ],
            [
              126.944894,
              37.2178984
            ],
            [
              126.9449428,
              37.2178589
            ],
            [
              126.9449479,
              37.2178629
            ],
            [
              126.9449835,
              37.217834
            ],
            [
              126.9450294,
              37.2178699
            ],
            [
              126.9449918,
              37.2179004
            ],
            [
              126.945009,
              37.2179138
            ],
            [
              126.945026,
              37.2179
            ],
            [
              126.9450912,
              37.217951
            ],
            [
              126.9450882,
              37.2179535
            ],
            [
              126.9452995,
              37.2181153
            ],
            [
              126.9452217,
              37.2181783
            ],
            [
              126.9452056,
              37.2181657
            ]
          ]
        ]
      },
      "id": "way/1324285848"
    },
    {
      "type": "Feature",
      "properties": {
        "@id": "way/1324285850",
        "building": "apartments",
        "name": "104동"
      },
      "geometry": {
        "type": "Polygon",
        "coordinates": [
          [
            [
              126.9448477,
              37.2203397
            ],
            [
              126.9448257,
              37.220334
            ],
            [
              126.9448279,
              37.2203285
            ],
            [
              126.9448031,
              37.2203222
            ],
            [
              126.9448008,
              37.2203277
            ],
            [
              126.9447182,
              37.2203039
            ],
            [
              126.9447211,
              37.2202968
            ],
            [
              126.9447073,
              37.2202933
            ],
            [
              126.9446922,
              37.2203307
            ],
            [
              126.9446621,
              37.220323
            ],
            [
              126.9446639,
              37.2203187
            ],
            [
              126.9446472,
              37.2203144
            ],
            [
              126.9446423,
              37.2203266
            ],
            [
              126.9446094,
              37.2203182
            ],
            [
              126.9446277,
              37.2202729
            ],
            [
              126.944612,
              37.2202689
            ],
            [
              126.9446092,
              37.220276
            ],
            [
              126.9445495,
              37.2202608
            ],
            [
              126.9445485,
              37.2202633
            ],
            [
              126.9445265,
              37.2202576
            ],
            [
              126.9445286,
              37.2202524
            ],
            [
              126.9445121,
              37.2202482
            ],
            [
              126.9445439,
              37.2201693
            ],
            [
              126.9451489,
              37.2203238
            ],
            [
              126.9451172,
              37.2204028
            ],
            [
              126.9451022,
              37.2203989
            ],
            [
              126.9451001,
              37.2204041
            ],
            [
              126.9450178,
              37.2203804
            ],
            [
              126.9450207,
              37.2203733
            ],
            [
              126.945006,
              37.2203695
            ],
            [
              126.9449909,
              37.220407
            ],
            [
              126.9449608,
              37.2203993
            ],
            [
              126.9449626,
              37.2203949
            ],
            [
              126.9449459,
              37.2203907
            ],
            [
              126.944941,
              37.2204029
            ],
            [
              126.9449081,
              37.2203945
            ],
            [
              126.9449264,
              37.2203492
            ],
            [
              126.9449115,
              37.2203454
            ],
            [
              126.9449086,
              37.2203525
            ],
            [
              126.9448487,
              37.2203372
            ],
            [
              126.9448477,
              37.2203397
            ]
          ]
        ]
      },
      "id": "way/1324285850"
    },
    {
      "type": "Feature",
      "properties": {
        "@id": "way/1375173634",
        "addr:city": "화성시",
        "addr:province": "경기도",
        "addr:town": "봉담읍",
        "amenity": "cafe",
        "building": "yes",
        "name": "영커피"
      },
      "geometry": {
        "type": "Polygon",
        "coordinates": [
          [
            [
              126.9497309,
              37.2190436
            ],
            [
              126.9497823,
              37.2189797
            ],
            [
              126.9498823,
              37.2190283
            ],
            [
              126.9498324,
              37.2190916
            ],
            [
              126.9497309,
              37.2190436
            ]
          ]
        ]
      },
      "id": "way/1375173634"
    },
    {
      "type": "Feature",
      "properties": {
        "@id": "way/1416943265",
        "building": "commercial",
        "name": "easybuy",
        "shop": "supermarket"
      },
      "geometry": {
        "type": "Polygon",
        "coordinates": [
          [
            [
              126.9447472,
              37.2247562
            ],
            [
              126.9449055,
              37.2242735
            ],
            [
              126.9458576,
              37.2244551
            ],
            [
              126.9456994,
              37.2249313
            ],
            [
              126.9447472,
              37.2247562
            ]
          ]
        ]
      },
      "id": "way/1416943265"
    },
    {
      "type": "Feature",
      "properties": {
        "@id": "way/1422144453",
        "access": "yes",
        "amenity": "toilets",
        "building": "yes",
        "fee": "no"
      },
      "geometry": {
        "type": "Polygon",
        "coordinates": [
          [
            [
              126.9510439,
              37.2188794
            ],
            [
              126.9510368,
              37.2188212
            ],
            [
              126.9511485,
              37.2188098
            ],
            [
              126.9511553,
              37.2188678
            ],
            [
              126.9510439,
              37.2188794
            ]
          ]
        ]
      },
      "id": "way/1422144453"
    },
    {
      "type": "Feature",
      "properties": {
        "@id": "way/1428320206",
        "building": "yes"
      },
      "geometry": {
        "type": "Polygon",
        "coordinates": [
          [
            [
              126.9531922,
              37.2182783
            ],
            [
              126.9532272,
              37.218247
            ],
            [
              126.9532828,
              37.2181972
            ],
            [
              126.953412,
              37.2182929
            ],
            [
              126.953323,
              37.2183691
            ],
            [
              126.9531922,
              37.2182783
            ]
          ]
        ]
      },
      "id": "way/1428320206"
    },
    {
      "type": "Feature",
      "properties": {
        "@id": "way/1428320207",
        "building": "yes"
      },
      "geometry": {
        "type": "Polygon",
        "coordinates": [
          [
            [
              126.9523665,
              37.2190423
            ],
            [
              126.952228,
              37.2189358
            ],
            [
              126.952324,
              37.2188574
            ],
            [
              126.9524636,
              37.2189641
            ],
            [
              126.9523665,
              37.2190423
            ]
          ]
        ]
      },
      "id": "way/1428320207"
    },
    {
      "type": "Feature",
      "properties": {
        "@id": "way/1442153673",
        "building": "yes"
      },
      "geometry": {
        "type": "Polygon",
        "coordinates": [
          [
            [
              126.953221,
              37.2197499
            ],
            [
              126.9530493,
              37.2196513
            ],
            [
              126.9531293,
              37.2195655
            ],
            [
              126.9533009,
              37.2196663
            ],
            [
              126.953221,
              37.2197499
            ]
          ]
        ]
      },
      "id": "way/1442153673"
    },
    {
      "type": "Feature",
      "properties": {
        "@id": "way/1482947834",
        "building": "school",
        "building:levels": "5",
        "name": "봉담고등학교 신관"
      },
      "geometry": {
        "type": "Polygon",
        "coordinates": [
          [
            [
              126.9534785,
              37.2177489
            ],
            [
              126.9533235,
              37.2176574
            ],
            [
              126.953489,
              37.2175174
            ],
            [
              126.9536316,
              37.2176204
            ],
            [
              126.9534785,
              37.2177489
            ]
          ]
        ]
      },
      "id": "way/1482947834"
    }
  ]
}