{"type":"FeatureCollection","name":"dongtan2_development_test","crs_note":"EPSG:4326 (WGS84 longitude/latitude)","features":[{"type":"Feature","properties":{"zoneCode":"41590MX2008001","zoneName":"화성동탄2 택지개발사업","featureType":"district","displayName":"동탄2 전체 경계"},"geometry":{"type":"Polygon","coordinates":[[[127.11784294700573,37.21940532291195],[127.11787167153526,37.219066409586304],[127.11790148661954,37.21871461758755],[127.11792691972187,37.21854808001717],[127.11796050862864,37.2183378335264],[127.11805760662939,37.21796456646216],[127.1181331073341,37.21767440755361],[127.1181628352818,37.21759121170674],[127.11817381628782,37.21755191580505],[127.11843182501381,37.21689598434105],[127.11843193460827,37.21689570248337],[127.11837973710037,37.21680051393556],[127.11838045934587,37.21668454929709],[127.11849700407589,37.21642475403692],[127.11853144458557,37.216329389626736],[127.11819795851108,37.21625592362321],[127.11794151734522,37.21631681610359],[127.1176726111565,37.216845901649464],[127.11737902914525,37.2168603350598],[127.11727392266374,37.21686656526167],[127.11651299482082,37.21687253220506],[127.11629371875496,37.21670397964423],[127.1161468451043,37.21665663743479],[127.11618979355804,37.21652279098009],[127.11622837170792,37.21640534794076],[127.11633014274477,37.21628000477047],[127.11639649141334,37.21619875608481],[127.11658906056586,37.21569713969601],[127.11662682843533,37.21534344407176],[127.11661145197263,37.215233261126535],[127.11653614889731,37.21505555861366],[127.11577730514588,37.21516180573584],[127.11517541054931,37.2148257549539],[127.11459252879575,37.21484523514198],[127.11346035060215,37.21474142921796],[127.11256811421757,37.214693612900405],[127.11266544488193,37.21384257696117],[127.11292217889857,37.21344695835853],[127.112927681978,37.213358741406374],[127.11400603222148,37.21356901679741],[127.11554572485554,37.21355015439106],[127.1160829039207,37.212816638065824],[127.1155302531714,37.21240242110256],[127.11508230556001,37.212147291373114],[127.11501963189927,37.212064750479634],[127.11501110419228,37.2120124982857],[127.11497915471088,37.21196702610588],[127.11489644951762,37.2118823172855],[127.11477924183093,37.211702130797285],[127.11475363445544,37.21167872784184],[127.11470471849326,37.21166345710905],[127.11453726264284,37.21163163001591],[127.11443684446881,37.21160424426782],[127.11438466672384,37.21159248983439],[127.11431255805766,37.2115867020451],[127.11429407971225,37.211585188205476],[127.1140830214346,37.21157813554384],[127.11347442989756,37.21123149548225],[127.11363636021072,37.21004295688201],[127.11430957924419,37.2093586062864],[127.11594330572555,37.210345483568034],[127.11840194884411,37.21147667744605],[127.11837657323399,37.21153572798575],[127.11837289373454,37.2115602398949],[127.118377681755,37.211596637153576],[127.11839568668825,37.211657079815424],[127.1184224852298,37.211721207577376],[127.1184462232112,37.21177272380239],[127.11841560862631,37.211864209228246],[127.11835101616411,37.21205718633703],[127.11833383678263,37.21209477667708],[127.11827302443116,37.2121823283361],[127.1182487420707,37.21221569048652],[127.11824790124761,37.21225542700408],[127.11824896934446,37.21229056693712],[127.11829002235295,37.21231990051988],[127.1183465775883,37.212320745428755],[127.1184171887629,37.21230382650203],[127.11850196457289,37.21226788172914],[127.11855881894719,37.212243767107374],[127.11864168943049,37.21221395130246],[127.11868100869047,37.212214993668226],[127.11870119473323,37.212228579477525],[127.11872825109127,37.21224026584708],[127.11877513506428,37.21225202304129],[127.1188844267967,37.21226110599838],[127.11895236278835,37.212263381030006],[127.11899494562776,37.21226198739429],[127.11903288956707,37.21224798378638],[127.1190701139558,37.2122057776376],[127.11912341369656,37.21214139059006],[127.11915648966533,37.212112073392554],[127.11922411753487,37.21206091725583],[127.11925233990611,37.212025658455964],[127.11930144990441,37.21187839319381],[127.11982712514404,37.21210230504489],[127.1202385023402,37.2140850877159],[127.1202690729076,37.21418191938801],[127.12091581589475,37.21358351736745],[127.1211102337801,37.21320578479976],[127.12151341115435,37.212831083693665],[127.12160282316954,37.21273575337319],[127.12185760514704,37.2124195889724],[127.12223471520839,37.21195147427069],[127.12229555900088,37.211815895299026],[127.12241088831031,37.21172567396852],[127.12209512330145,37.211592010499565],[127.1222087449135,37.21156125937611],[127.12232869336013,37.21154176474704],[127.12237814022663,37.211535767334155],[127.12242431812383,37.21152878191792],[127.12243124593128,37.21149264289536],[127.12236825426693,37.21141170384178],[127.1223551613217,37.21139603885468],[127.12234508222417,37.21136307125769],[127.12233041004066,37.21127586491523],[127.12231893046963,37.21121235347433],[127.12231595255444,37.2111814505252],[127.12228852159895,37.21114687884193],[127.12224390946528,37.211146563337586],[127.12219063757233,37.21115553839797],[127.12204862111244,37.21118271397279],[127.12191133068922,37.211206010483195],[127.1218046530543,37.21121125457583],[127.12167936412331,37.21120147037213],[127.12153525099558,37.211185127830134],[127.12127475663114,37.211164126410075],[127.12117729301606,37.21115413329491],[127.12111237985533,37.21113933177764],[127.12107056148221,37.21112513765709],[127.1210307580303,37.211102291127034],[127.12100327946408,37.21103699311044],[127.1209798424183,37.210962320744535],[127.12097695702961,37.21091835248428],[127.12096923061985,37.21087682239029],[127.12091841382255,37.21087101666032],[127.12087944041394,37.21087448006625],[127.12081714404562,37.210867966773904],[127.11800520610224,37.20717883035016],[127.12004931803969,37.206000941486614],[127.12229023468619,37.208404553358044],[127.12398408361287,37.20999982872826],[127.12406416662381,37.21007524753458],[127.12411476423219,37.21001518636601],[127.12417761575936,37.20994042427425],[127.12430354698579,37.20979090129945],[127.12436662488841,37.209716319277085],[127.12442947731387,37.20964155903557],[127.12449244202881,37.20956679585819],[127.12449325859738,37.20956582929292],[127.12452779702343,37.2095249416393],[127.12455552082974,37.20949212418372],[127.124618483748,37.20941736228916],[127.12468133707179,37.20934260032057],[127.12474429999006,37.20926792842421],[127.12480737699435,37.209193166307564],[127.12487023031817,37.20911858512529],[127.12493319323643,37.20904382286068],[127.12499604566192,37.208969061237426],[127.12505923495563,37.20889438897144],[127.12512208468617,37.20881962648468],[127.12518504940107,37.20874486463932],[127.12524789913158,37.20867028301399],[127.1253109761359,37.208595520305195],[127.12537393815587,37.208520758237796],[127.12543678968302,37.208446086959086],[127.1255627137229,37.20829656102323],[127.12568863955947,37.208147216517325],[127.12575160337603,37.20807245400577],[127.1258144513099,37.20799778156801],[127.12587752651761,37.20792302033932],[127.12594048943588,37.20784825617474],[127.1260034505575,37.207773584230566],[127.12606630028804,37.20769882134887],[127.12612937369909,37.20762405839307],[127.12610747097582,37.20759741813383],[127.12592450122045,37.20737486446122],[127.12581636921308,37.20724333753782],[127.12572931527549,37.20714484423167],[127.12517358060983,37.206516070375386],[127.12511592942984,37.206450842799356],[127.12499080848379,37.20630927614929],[127.12475786005928,37.20548398316899],[127.12607131288733,37.20513230456141],[127.12865236763301,37.20444117163555],[127.12876902016087,37.20440993392458],[127.1287839672289,37.20438892346395],[127.12883914534689,37.20431083375895],[127.12889376022122,37.20423247494704],[127.12894792234464,37.20415402590136],[127.12900140983328,37.20407512672689],[127.1290545595554,37.20399622818545],[127.12910714423717,37.20391696966612],[127.12915905248757,37.20383753218886],[127.12921062117476,37.203757824169266],[127.1292616284149,37.20367802662796],[127.12931206971639,37.203597959973955],[127.12936194957086,37.20351762277539],[127.12941137667445,37.20343719605349],[127.12946024233095,37.20335631990993],[127.12950854115053,37.20327553454866],[127.12955639081247,37.20319447864016],[127.12960367812903,37.20311306346085],[127.1296502863192,37.20303155875544],[127.12969655764118,37.20294978421587],[127.12974226482115,37.20286791943371],[127.12978729646802,37.202785875685606],[127.12983187716063,37.20270365225545],[127.12987600689895,37.20262106883414],[127.1299194602059,37.20253839588359],[127.12996234847249,37.202455544680085],[127.1300049007692,37.20237260180001],[127.13004666165014,37.20228947995049],[127.1300879724751,37.20220608897612],[127.13012883324411,37.20212242744499],[127.13016890439398,37.202038767252134],[127.13020852638621,37.20195492665647],[127.13024769562755,37.20187081693312],[127.1302698328111,37.20182234205379],[127.13028618753916,37.201786527521044],[127.13032423119145,37.201702238730334],[127.13034287482684,37.20166021200262],[127.13036170890508,37.20161777025009],[127.13039851198398,37.20153303192407],[127.13043486321027,37.201448204062785],[127.13047053890345,37.20136328666591],[127.13050587683011,37.201278099421344],[127.13045005372172,37.20126695300502],[127.13003284645937,37.20118364390172],[127.12919298365246,37.201249996539296],[127.12837351978905,37.2013147313221],[127.12326637820988,37.20175254541392],[127.12081730664069,37.201962413104894],[127.12064941331072,37.20070814823088],[127.12123869376406,37.20017413613213],[127.12290163076351,37.1982965597107],[127.1231332847157,37.197990687450755],[127.12354350128852,37.19707732727309],[127.12357240907437,37.19705260887097],[127.12356679011226,37.19559148032657],[127.12273055110923,37.19513623043256],[127.12160424250769,37.19429255702934],[127.12110787570248,37.19407752935465],[127.1207472075058,37.19391867797327],[127.12094842563788,37.19381386433051],[127.12103269479803,37.19375575166451],[127.12147132238837,37.193287073943694],[127.12208251185315,37.19318270452707],[127.1223518061141,37.19311061713388],[127.12276362617966,37.19405557286859],[127.12290876338686,37.19409867435419],[127.12305496330103,37.1941016784049],[127.12313977684028,37.194103212631795],[127.12323802198968,37.194122664536536],[127.12325897429534,37.19412399768203],[127.12427647266146,37.194188723548436],[127.12463511066558,37.19421153655684],[127.12511273142742,37.19424191405621],[127.12521835174526,37.19429406477556],[127.12535097631888,37.194329427033104],[127.1266632343876,37.19405205859939],[127.12726747268873,37.19396861272699],[127.12731626019182,37.193912155346055],[127.12739621654032,37.193769614869424],[127.12753867047975,37.193619709931006],[127.12826065725338,37.19282791226502],[127.12832218825707,37.1927816227564],[127.12849162129945,37.19273828079163],[127.12977276172674,37.19239774777561],[127.12994648063132,37.19242540168973],[127.1301289913476,37.19252251662555],[127.13075460595924,37.192633295196224],[127.13109952938392,37.19267149488778],[127.13116307530882,37.19267853285734],[127.13114436340145,37.19260304585858],[127.13112179951813,37.19251512799451],[127.13109889966488,37.192427391792194],[127.13107520929424,37.19233974565448],[127.13105106976595,37.19225210013062],[127.13102614241511,37.1921646362698],[127.13100098958714,37.19207735264139],[127.13097504983502,37.19199006962769],[127.13094865823028,37.191902966847266],[127.13092159109246,37.1918158653976],[127.13089396250757,37.19172894489762],[127.13086576978068,37.19164220463238],[127.13083701560676,37.19155546569872],[127.13080758410311,37.191468907000605],[127.1307775920507,37.191382529969914],[127.13074726043514,37.19129615284041],[127.13071625328651,37.191210046115835],[127.13068457150304,37.19112403089228],[127.1306740486378,37.19109547911485],[127.12810160783738,37.184585315443734],[127.12831029815598,37.184652896463575],[127.13246557767354,37.185998457484935],[127.1335692226788,37.18585784081664],[127.13489414968797,37.18577697446632],[127.1349218573246,37.185778565400256],[127.1350508859421,37.18582473324412],[127.13516689617454,37.185831901387964],[127.13518950048203,37.18582984169176],[127.13525404892677,37.18582396389957],[127.1353422554028,37.18583864156098],[127.13541055521218,37.18567736676187],[127.13544564250887,37.18552162662753],[127.13550666237117,37.18538351750721],[127.13553602650121,37.18530320100252],[127.13562425274021,37.18507504584071],[127.13564307514035,37.18489238280286],[127.1356660172144,37.18474692751285],[127.13570207469157,37.18456748854125],[127.1357013245983,37.18452550094124],[127.13569559963501,37.18447198511038],[127.1357484609979,37.184369746265],[127.13579809112073,37.18428733459114],[127.13584623183681,37.18425412112457],[127.13591322369912,37.184182141864234],[127.13594634099036,37.18412299549264],[127.1359650322365,37.18405809925293],[127.13598268143686,37.18397662478879],[127.1361144023053,37.18382762221552],[127.13615836675363,37.183725483410115],[127.13622835539572,37.183629532323856],[127.13628346254684,37.18346088404559],[127.13626322619841,37.183353231763014],[127.13626103880071,37.18326321974547],[127.1362616388753,37.183263409404276],[127.13731999172225,37.18359819152995],[127.1392763957486,37.18517744976801],[127.13917396983989,37.18520802413415],[127.13905832522181,37.18527798994003],[127.13897565955445,37.185337464617135],[127.13893608696952,37.18537562434343],[127.1389101427258,37.185414579879094],[127.13891381324204,37.18545160880324],[127.13788679273391,37.18592079891116],[127.13840833302832,37.18686019878521],[127.13877746964317,37.18752507434192],[127.13882533367814,37.18764945334074],[127.13908581187286,37.18832430449085],[127.13905108480058,37.1884269738104],[127.13898455646898,37.188506433229776],[127.13905105246126,37.18853338795386],[127.13904323801661,37.188571420827714],[127.1391057086581,37.18861441809749],[127.1390307954516,37.188665774762384],[127.13904988195645,37.188695307172644],[127.13907333157863,37.188708795594614],[127.13915095679891,37.18872420336571],[127.13922170990736,37.1887382671585],[127.13924264424675,37.18873076437012],[127.13929016961687,37.18885388185558],[127.13916057056913,37.18893260371667],[127.13901090495457,37.189000626689634],[127.13890097092674,37.18905526715814],[127.13881347322145,37.18912348753669],[127.13886349051816,37.189192540139956],[127.13840890615346,37.18942220215622],[127.13821029583062,37.1895165908096],[127.13800585454335,37.18968838579951],[127.13789903677123,37.189786091789294],[127.13768499339186,37.19050699436406],[127.13761288652232,37.190742881163196],[127.13787696516472,37.19097747982413],[127.1380949054358,37.191169872008594],[127.13822408856355,37.19173233618942],[127.13829768124656,37.191696299323006],[127.13885965920346,37.191492012801994],[127.13936209323008,37.1913088779497],[127.13959157954751,37.19122129921298],[127.1402774594366,37.1913361021767],[127.14072950606061,37.19149992250127],[127.14073462825436,37.19159083210137],[127.1408160084326,37.19168660705036],[127.14085549208427,37.19172134150489],[127.14097811930706,37.19164722108789],[127.14105235518383,37.191593791883726],[127.14126218995612,37.19172176300123],[127.14137062559409,37.191952933705394],[127.14164196711552,37.19215421127326],[127.14172626322514,37.1922167404782],[127.14178065172402,37.19225708434323],[127.14179669204174,37.19225520801799],[127.14179794519156,37.19226991305377],[127.14199701994333,37.19241758225384],[127.14212662977086,37.19246464340939],[127.14211517355602,37.19254268740566],[127.14211984299891,37.192631345173076],[127.14202127894761,37.192684263417135],[127.14199570750472,37.19280350161216],[127.14212414233583,37.192945263906694],[127.1422465575562,37.19306009215767],[127.14233903462315,37.19306448737753],[127.14259011015181,37.19307797501906],[127.1427493212646,37.19323429637954],[127.14275410928504,37.193385936691996],[127.14279858397643,37.19349923504283],[127.14290994273232,37.193482342667146],[127.14300571032811,37.19343915853602],[127.14314726505394,37.193367626691625],[127.14323649740608,37.19332318876666],[127.14323971157816,37.19323524240158],[127.14325409899575,37.193159267204706],[127.1432975055903,37.193062623237594],[127.14346652181436,37.19286022674192],[127.14355096434939,37.19272451829749],[127.14358513177123,37.19268645316641],[127.14361547865813,37.19265262725811],[127.14363254754689,37.19262593591586],[127.14362158630375,37.1925460264217],[127.14360012555163,37.192453605179495],[127.1435157027795,37.19229899679948],[127.14347443507373,37.19221443764912],[127.1435890924433,37.192215111037],[127.14357575874953,37.192132141161586],[127.14345542492565,37.19204650554636],[127.14339186732269,37.191907010053534],[127.14330745083882,37.191815655007495],[127.14331800514506,37.19179807168888],[127.14328383502829,37.19171431561153],[127.14317600485484,37.19156928637073],[127.14312617440773,37.19148239492716],[127.14311296108818,37.191402758303894],[127.14311271405147,37.1911501051864],[127.14308548342031,37.19104273365292],[127.14308539448712,37.19099488800685],[127.14308513128069,37.19091424470615],[127.14308994086072,37.19083647883485],[127.1431000073818,37.19079907327123],[127.14304012029508,37.190633622666404],[127.14303676598583,37.190586591857105],[127.14304463792264,37.19045944536308],[127.14304680735405,37.19035465124957],[127.14302786727461,37.190223571275475],[127.14306692153157,37.19020964873799],[127.14311393486196,37.19017544315288],[127.14315995106242,37.1900895183513],[127.1432202702388,37.19000366644617],[127.14317584854798,37.18997840041807],[127.14311079525005,37.189941535445925],[127.1430191796675,37.18979297258884],[127.1429861432246,37.18965217835258],[127.14292526709275,37.18956016434216],[127.14290972713667,37.18950071374394],[127.14331750478345,37.18936218609709],[127.14343587399182,37.18653438191178],[127.145250323542,37.18685080432184],[127.14594974014418,37.18566640340091],[127.14607409842051,37.1854558112343],[127.14611259212877,37.18539062199801],[127.14632989998586,37.18502261894389],[127.14407823589528,37.184247295643715],[127.14390818840528,37.18418875192982],[127.14399761209854,37.183353014192406],[127.14400769838255,37.183266861910234],[127.14790376632995,37.18323408957805],[127.15304049122804,37.1813339019549],[127.15306613633277,37.18093775366193],[127.15307257455837,37.18083831421027],[127.15315268182388,37.17960086586059],[127.15137048448726,37.179123235936856],[127.15126056842576,37.17906617983976],[127.14915075370844,37.17797096955081],[127.15137557703663,37.17662786872844],[127.15119602626925,37.176361758585365],[127.14971378718582,37.174164871843686],[127.14903799986892,37.173841428858516],[127.1490215068003,37.17381387765428],[127.14898030916306,37.17370454026733],[127.14900673400545,37.17345500746691],[127.149022833612,37.17333785101241],[127.149011932556,37.17329011010776],[127.14897730609506,37.17326032830591],[127.14894614174122,37.17327415232591],[127.14880102429694,37.17334434392202],[127.14863032013851,37.17345935014377],[127.14860785506988,37.173487310191234],[127.14859728818716,37.1734965137702],[127.14847559880553,37.17351270485133],[127.14841920526693,37.17352286614875],[127.14841383873141,37.17354260608995],[127.14804712577121,37.1738473426565],[127.14711570128065,37.175025079688595],[127.14508082402433,37.175660098198634],[127.14466769241842,37.17560509301917],[127.14476583246494,37.17477404812392],[127.14477020905696,37.17473698891319],[127.14478145416771,37.17470668373455],[127.1455115051176,37.172739277652646],[127.1455471906923,37.172023081514936],[127.1462454206199,37.17118116418156],[127.14638063683314,37.17101811723868],[127.14636892190349,37.17095613955179],[127.14633876366278,37.170906618352724],[127.14527676814737,37.170981260907375],[127.1427667737339,37.171157636997556],[127.14270505318568,37.17114824988675],[127.14264549757728,37.17115255547418],[127.14143952907129,37.17087682344263],[127.1415113161406,37.17078924678245],[127.1415869246431,37.1706369698366],[127.14167407739535,37.17057793884259],[127.141802188833,37.170504711770626],[127.14187567371816,37.170482819296815],[127.14194554647757,37.170456155910124],[127.14194545305277,37.170405967243425],[127.14189900476272,37.17037412561876],[127.1418734144552,37.17035712570892],[127.14187072040764,37.17030081388295],[127.14181866393525,37.17028051117882],[127.14175888554468,37.17028598860742],[127.14170992287012,37.17029460632263],[127.14163553877134,37.17031695053104],[127.1415795108471,37.170341074251546],[127.14154328268997,37.170356074891174],[127.14148032965318,37.17034966189618],[127.1414174790243,37.17033739137789],[127.14133860604406,37.17030693912392],[127.14127752509634,37.17027772665209],[127.1412458567876,37.17026172528502],[127.1412000175553,37.17025511185331],[127.14115241493008,37.17026850335401],[127.14110097021037,37.17033605280179],[127.14105681082766,37.170385301649],[127.14101207652314,37.17042797426994],[127.1409658671849,37.17046506136349],[127.14091288005787,37.170489632420896],[127.14084026653849,37.17049539472854],[127.14078261895179,37.17049618284039],[127.14071830406904,37.17048400468597],[127.14067764003107,37.17047486158431],[127.14061184292808,37.17045205214285],[127.14057397983717,37.170435427337694],[127.14045024678825,37.1703177150228],[127.14045254557705,37.170281760994634],[127.14041747355175,37.170251526326574],[127.14038604778814,37.17024507610023],[127.14034935699867,37.1701918665437],[127.14031544559671,37.17018109420594],[127.140284159072,37.17018942059539],[127.1402326856062,37.17024111047417],[127.14009736339182,37.170435624902694],[127.13996575750774,37.170631306322],[127.13906828843662,37.17052503660478],[127.13826172168572,37.170313863215334],[127.13823581966282,37.170248657332394],[127.13817946026023,37.17021448279304],[127.13803831516613,37.170241766878355],[127.13799310924611,37.17033615874257],[127.13794059912452,37.17043893841095],[127.13789966020205,37.170527288556535],[127.13782052760864,37.170664969582354],[127.13776752161701,37.170742520720914],[127.13769411937682,37.170811084765795],[127.1375940596306,37.17089508735742],[127.13755181994762,37.17094901867135],[127.13752880960162,37.17098923216696],[127.1375262943188,37.17109339603733],[127.13746333948538,37.17133765255275],[127.13745459258946,37.1714831816226],[127.13746386230488,37.1716295915667],[127.13743179873748,37.17177019177415],[127.13741162616944,37.171822926358345],[127.13738608347263,37.171895490036626],[127.13713537266,37.172046252676914],[127.1369037366741,37.172160409789704],[127.13673300646445,37.172206197994406],[127.13654933781976,37.172257496383736],[127.13648820117653,37.172260089003665],[127.1364123186878,37.17226504160897],[127.1363692327918,37.17228725639115],[127.13632622774423,37.17229145024925],[127.1362663577255,37.17230935878661],[127.13625859268822,37.17237514411832],[127.13620180478918,37.17241746773851],[127.13615663210682,37.172468879080185],[127.13608945429321,37.17236668626311],[127.13599472425157,37.17228362729716],[127.13593131307398,37.17220972258555],[127.13582337420439,37.17204288125934],[127.13573975722115,37.17187682265159],[127.13568422067532,37.17179858407543],[127.13567729017288,37.171763000821784],[127.13562880450377,37.17146967437672],[127.1355960752847,37.17136266641056],[127.13556655305119,37.17128665131468],[127.13552827404031,37.17122542329868],[127.1342429780065,37.172124494575634],[127.13446965708867,37.172585487151636],[127.13407502987928,37.17286146991755],[127.13305865889883,37.172572554886095],[127.13297503293242,37.17252786564925],[127.13266899128816,37.17233348831324],[127.13241693479924,37.17229799550199],[127.13182619817682,37.17200931954066],[127.13173191549616,37.17198743752398],[127.13165428219101,37.17202185320194],[127.13154775547302,37.17214802646918],[127.13097573165632,37.172133245219804],[127.1308863403024,37.17207414381472],[127.13073511072092,37.17206791134706],[127.13066358146813,37.17211727645662],[127.1303999474918,37.17215892164395],[127.13018958990001,37.172210780535494],[127.13016465805765,37.17218287513216],[127.13004750876144,37.17215525031166],[127.12996128576552,37.172104794348726],[127.12989058835267,37.1720463027829],[127.12989240474613,37.171988814008245],[127.12993090204766,37.17191542724828],[127.12995387017284,37.17184809395288],[127.12997519707598,37.17180851511509],[127.12999469411093,37.17161963401879],[127.12986743158126,37.17153678539405],[127.12964876457312,37.17146818192253],[127.12954573499655,37.17146622061576],[127.12938174933808,37.17150712530375],[127.12942468072383,37.17139210537348],[127.12939440031222,37.17133032555597],[127.12937662175443,37.171270425397786],[127.12928115239929,37.17127818689535],[127.12915113204173,37.17142943322037],[127.12910577969626,37.171510486008174],[127.12902991158064,37.17159085153698],[127.12892014733437,37.171669090328244],[127.12887128347448,37.1716037267062],[127.1288460515948,37.17153085924652],[127.12879343637029,37.171511362869246],[127.12872204635634,37.171509367204976],[127.12865079108968,37.17152088665369],[127.12864773232614,37.171644153878674],[127.12867911946216,37.17169502889409],[127.12875193600081,37.171741895379775],[127.12885129326449,37.17176909086988],[127.12882497083002,37.17191878292392],[127.12882729207672,37.171960048846266],[127.12879797286247,37.17206811606579],[127.12861909223827,37.17222482020277],[127.12856287027789,37.17227119389101],[127.1285481953994,37.172316532507864],[127.1285483005023,37.172378884872224],[127.12850311704015,37.17249480806615],[127.1284359293451,37.17258246220278],[127.12841422874278,37.172668084814426],[127.12840940748465,37.1727477426241],[127.12838831863503,37.17279570147246],[127.1282979103882,37.17293573045585],[127.12831841892614,37.17301247829406],[127.12834928863258,37.17309020597082],[127.12829708303984,37.17318153785729],[127.12813388789878,37.173293622479974],[127.12785785178166,37.17339690705028],[127.12776291961907,37.17345845970536],[127.12774607620749,37.1734864999212],[127.1277005684535,37.17347618615638],[127.12765259841733,37.17354228470216],[127.12756316753753,37.17359437026395],[127.12748418226788,37.17363049593589],[127.12742138014802,37.173648043400384],[127.12734267964431,37.173652271540604],[127.12712483189974,37.173672956283525],[127.126910340261,37.17361227276623],[127.12682329710323,37.173542353417595],[127.12679395632944,37.17350309828677],[127.12678929856467,37.173477873980595],[127.12667972386295,37.173468979619074],[127.1265665154759,37.1734419772874],[127.12645791724287,37.17347858475641],[127.12636229517415,37.173532117681056],[127.12622820634662,37.17361182110585],[127.1261549541251,37.173642624194045],[127.12607023131572,37.173682629394435],[127.12579031088332,37.17368508596642],[127.12570914630076,37.17362849531708],[127.12567774299504,37.173636456992185],[127.12563954393423,37.173619557310424],[127.12560400388664,37.17357607407547],[127.1255782177464,37.17357583070842],[127.12441516445647,37.17373582647186],[127.12414536085078,37.1737729420048],[127.12404673751068,37.17329386513213],[127.12395869632465,37.172813337173324],[127.12388157865244,37.172331626524766],[127.12381492994656,37.171848912830114],[127.1237590897702,37.171365289125035],[127.12363477551129,37.170171256008686],[127.12355163194019,37.16937030907045],[127.12354166064051,37.1693308542043],[127.12345408568012,37.16843512055104],[127.12371992861368,37.168372313956546],[127.12380458584607,37.1683776268815],[127.1240885927147,37.168395449730454],[127.12411402222376,37.168245849482076],[127.12424968849292,37.16810172151364],[127.12435256894916,37.16815387525101],[127.12449164522316,37.16823842984266],[127.12467894395988,37.16841240856319],[127.12476366676925,37.168445208084556],[127.12495451564801,37.1685171837281],[127.12514585680351,37.16854527731756],[127.1254319935777,37.16870644624333],[127.12561771846606,37.16881158464247],[127.12570567341388,37.1689608867018],[127.12577759882369,37.16915381600494],[127.12586420001037,37.16930167714646],[127.12591316358323,37.169361094967336],[127.12604639451963,37.16951827787775],[127.12608713850769,37.16957716367163],[127.12614608954988,37.16975361748459],[127.12620689201985,37.16975445428005],[127.12623796923715,37.16975487231983],[127.12624749227747,37.16979495903474],[127.12634709118797,37.169834050021585],[127.12643209606837,37.16990009735109],[127.12657829777919,37.170000950627106],[127.1265715927539,37.17003186399182],[127.12656544737902,37.17006025336717],[127.12645223899199,37.17057730391574],[127.12638375323135,37.171039254378435],[127.12695225924544,37.170974859418415],[127.12759225229152,37.17083631998362],[127.12776050584593,37.17038309335775],[127.12790004744718,37.16999918756422],[127.12773759072131,37.16906199964528],[127.12796262408988,37.16896940220458],[127.12862593290917,37.16878037370874],[127.12908890843691,37.1686413850031],[127.12980198212631,37.16885461391963],[127.1298745156956,37.16886841154413],[127.13015283083864,37.16885927970029],[127.13032259176605,37.16870907048166],[127.13051465247212,37.16843007678377],[127.13077321905193,37.1682636415812],[127.13184061164556,37.1681416423155],[127.13215185633192,37.1680993105737],[127.13238627170531,37.16822889275947],[127.13242787088949,37.16812901065678],[127.1325346805768,37.167844972442786],[127.13280287440149,37.16745425109546],[127.13303717119726,37.167190884693326],[127.13316224183764,37.1670517455998],[127.13323478259346,37.166817134903724],[127.13332641704066,37.16651999452756],[127.13352936532795,37.166328078592464],[127.13381222414965,37.16617692370865],[127.13380797691502,37.166157491808804],[127.13380846739516,37.16615786906473],[127.1337502718361,37.16589057595791],[127.13380457409671,37.165358734391454],[127.13388114559318,37.16503092773194],[127.13380016067373,37.16493182599324],[127.13355404564207,37.16472165995134],[127.13333703333068,37.164616306112265],[127.13320821581725,37.164551288598325],[127.13300144968998,37.16450646003397],[127.13270456816669,37.1644792368747],[127.13246050309048,37.1642438335952],[127.13229832574069,37.16380667039167],[127.13154478025281,37.16410824554358],[127.13145122700419,37.16421237523028],[127.13104142724966,37.16404860023955],[127.13007538887459,37.16362120337005],[127.12963005895396,37.16332208604727],[127.12909926780877,37.16281464675984],[127.12865867919619,37.1624511863045],[127.1284066541483,37.1622120476219],[127.12825067427562,37.162248346254216],[127.12804633988783,37.16225135801476],[127.12779881809446,37.162280996681545],[127.12732906028627,37.16224536384518],[127.12697753424428,37.16215265782736],[127.12637022011158,37.16226593072462],[127.12538192777198,37.162658744233774],[127.12489338708956,37.16284324860128],[127.12420894001335,37.16302353810139],[127.12380286197904,37.162962776591094],[127.12328989969728,37.163016556787035],[127.12297087829549,37.16301043167108],[127.1228177065564,37.16300749081345],[127.1226846175538,37.162292914141275],[127.12260887160905,37.16230776890466],[127.12260544094296,37.162274523582234],[127.12258454612947,37.16217906785385],[127.121681087092,37.15805152068867],[127.12144908549182,37.15813525610151],[127.12021888672766,37.158579259860105],[127.12013255683222,37.158610416300405],[127.1199830035071,37.15866439289313],[127.11995591211472,37.15867417101862],[127.1199086724089,37.1587054956625],[127.11966309097653,37.158868340789105],[127.1196268475481,37.158892373662006],[127.11955545483919,37.15895398681407],[127.11944962341725,37.159021850642134],[127.11938530494122,37.15907093289306],[127.11943450656766,37.15914594080295],[127.11947796975603,37.159224198921436],[127.1195213053837,37.1592911038891],[127.1195544505227,37.1593445230099],[127.1196007586756,37.15941915264288],[127.11958842840001,37.159426037640365],[127.11949468920011,37.15947836846903],[127.11947514545278,37.15950668090992],[127.11939658059467,37.159589475426685],[127.1193596957691,37.15961654356112],[127.11934241128472,37.15965007999902],[127.11926257261553,37.15971043967926],[127.11919844907393,37.15974014878623],[127.11913195577658,37.15976769581463],[127.11907911148168,37.15981135881491],[127.11902633635704,37.159900165251926],[127.11903067521989,37.1599393565734],[127.11900337811333,37.15997858009072],[127.11893554273297,37.16001027288974],[127.11888580032074,37.16002284720042],[127.11877190651916,37.160118921336796],[127.11875286223513,37.16013913370214],[127.11874369313101,37.160148863670706],[127.11866833346183,37.160193720592325],[127.11857614655072,37.160204623933765],[127.11823562846419,37.16022919832707],[127.11800791631947,37.16018085564969],[127.11769124041888,37.16011602045778],[127.11756630362748,37.16006009761703],[127.1173861384124,37.159962509963],[127.11737577005738,37.15995649842995],[127.11730282865297,37.15991421221769],[127.11729971329551,37.1599124059646],[127.11720611423283,37.15988294248421],[127.11701015483845,37.159836729434154],[127.11694234371257,37.15981210694689],[127.11685501039898,37.15975641727005],[127.11666650163157,37.15957539904794],[127.11653834168492,37.15947154218166],[127.1164618932576,37.159392864790284],[127.11636687665337,37.159318169266705],[127.11626451183012,37.15922392901908],[127.11610446708079,37.159103252504785],[127.11583506053043,37.15894970344123],[127.11571632031787,37.158895124243834],[127.11550315099926,37.158781706689915],[127.11541750562009,37.15872430232698],[127.1152846879087,37.15859053356882],[127.11520478096755,37.15853132134277],[127.1150852187965,37.15845322502285],[127.1149097014647,37.15837211813912],[127.11468262263223,37.158290520040275],[127.11436698787905,37.158160979521526],[127.1140968977108,37.15799760522858],[127.11399945385863,37.15795408723112],[127.1138938452189,37.15794652840621],[127.1137492182548,37.15789422443859],[127.11339674988001,37.15767172759364],[127.11320651994053,37.157612077210665],[127.11319233374553,37.157534599942885],[127.11317700489354,37.157522450485175],[127.11313905107279,37.15743535449529],[127.11313644146688,37.15734471164263],[127.11312827398434,37.15731606834401],[127.11310623022557,37.15723877691729],[127.11310276183026,37.15722830629192],[127.11307807163466,37.1571537432265],[127.11302880712617,37.157106755291366],[127.11292087993468,37.15705279333723],[127.11279895968602,37.15697568778645],[127.112722529225,37.156904306124005],[127.11268102526225,37.156852264186675],[127.11264272559009,37.156758951593176],[127.11259563590289,37.156659790324895],[127.11259269122542,37.15657049824933],[127.11252954055924,37.15641936108167],[127.11262717665085,37.1563650263437],[127.11269510545603,37.15639667984861],[127.11306819016653,37.15632811990959],[127.1131601282443,37.15629637903021],[127.11314921820515,37.156266310595186],[127.11325410370112,37.15626991969581],[127.11332143602492,37.15625876090885],[127.11342111847871,37.156241713435165],[127.11359512574256,37.15620846329711],[127.11364839224562,37.15619388583974],[127.11379529284574,37.1561532907456],[127.1138054060792,37.15615649533963],[127.1138210987489,37.15615885296426],[127.114028685038,37.156104651921886],[127.11430394411242,37.15603870422516],[127.11434076515758,37.156045246589784],[127.11440132059089,37.156035705104244],[127.11447176557718,37.15602460355886],[127.11447144398032,37.1560233964644],[127.11480067743024,37.15596485307491],[127.1148708870579,37.15595465075525],[127.11487208451216,37.15595435363503],[127.11492025666928,37.15594233422672],[127.11501777328498,37.155925739879656],[127.11501415217604,37.155912977307885],[127.11504936344025,37.15590657669045],[127.11504150138487,37.155879637531115],[127.11513645780195,37.15586146878924],[127.11516098809743,37.15585795775471],[127.11516403158961,37.15585916270401],[127.11516480593738,37.155858995170945],[127.11525064984427,37.15584036535014],[127.11525256415413,37.15583995009717],[127.11537778930474,37.15581277464938],[127.11574307124872,37.15572439083564],[127.11576959670244,37.15571863885708],[127.11583928530722,37.15570352433926],[127.11634366328812,37.15559413068014],[127.11641497874189,37.15557866388715],[127.11657299150204,37.15554439321994],[127.11685992687852,37.15548215798647],[127.11714438020988,37.1554204596698],[127.11738542425174,37.155328796308815],[127.11759261168888,37.15524999360893],[127.11763302958846,37.1552519360056],[127.11773713534674,37.155236065341704],[127.11779800878365,37.15521789429729],[127.1178867380792,37.155157887578085],[127.11806764620103,37.1550877879166],[127.11815839131606,37.15502156154001],[127.11830396240953,37.15495780445749],[127.1182620955274,37.15489044674645],[127.11824197416337,37.15481038993825],[127.11822392521267,37.15473856734561],[127.11820718959893,37.154690647871845],[127.11809249809336,37.15455659418191],[127.11808739925578,37.154551640416166],[127.11807207489537,37.15453675477408],[127.1179936250216,37.15446054877501],[127.11796420070445,37.154432825832856],[127.11794816218341,37.15439715994245],[127.11781032468619,37.15443847337812],[127.11766825881891,37.154438612275655],[127.11754599271892,37.154430982934514],[127.11739189122348,37.1544363598445],[127.11720441821357,37.15440701379639],[127.11702977134931,37.15437967602496],[127.11685327305722,37.154388948515845],[127.11670565290656,37.15443783903165],[127.11655810551946,37.15446086881204],[127.11636262672377,37.15449935343092],[127.11606324339239,37.15450303994022],[127.11591133288795,37.15454442348264],[127.11571401164758,37.15455430452407],[127.11553539692471,37.154524596959],[127.11533736421865,37.15446093038512],[127.11508072093184,37.154467520140074],[127.11493486597074,37.15449351973903],[127.11480367061677,37.15461168269875],[127.11465998059549,37.15465725385876],[127.11451756348697,37.154714180182005],[127.11423173573326,37.154793069355925],[127.11413101392867,37.15481379935465],[127.11395177667329,37.15479874121703],[127.11355564029422,37.15480308138614],[127.11339565752866,37.15479160879078],[127.11281034403561,37.15483495964137],[127.11225892397823,37.154946784373486],[127.11191202425991,37.155089506221806],[127.11180146500463,37.1551274005696],[127.11170566057788,37.15513919601197],[127.1116092183473,37.15516181175394],[127.11137515241856,37.155188436146844],[127.11123320063737,37.15519838082452],[127.11105908647403,37.15521586097287],[127.11071281467808,37.155224995897065],[127.1103936684105,37.15532809753358],[127.11028606012093,37.15534417222626],[127.11015878950641,37.15535578578149],[127.10988133854273,37.155369267268995],[127.10967608787332,37.15538020424029],[127.10948117052466,37.15543960723112],[127.10938342124534,37.15546939677173],[127.10925794815971,37.15550763458825],[127.10907333987723,37.15559691646379],[127.1076463480821,37.155511611010745],[127.10769782514116,37.155292338990854],[127.1077526699842,37.15522687314211],[127.10775172675315,37.15511622514695],[127.10777498503418,37.15500411356495],[127.10789561799704,37.15473116714321],[127.10790437387612,37.154713227949806],[127.10794072240745,37.15462390135687],[127.10804947155744,37.15446675047621],[127.1080596782157,37.15443997977196],[127.10813610867669,37.15419518536662],[127.10816286409914,37.15408901783379],[127.10823641006976,37.15380207585557],[127.10814016636684,37.15377599869381],[127.10809081382345,37.1537625913834],[127.10807586406048,37.15375787025687],[127.10801429532755,37.15373843086851],[127.10794403359759,37.15371848528192],[127.10788516250547,37.153701770879145],[127.10785196885742,37.15373887763585],[127.10776116265691,37.15371708984957],[127.1076417927253,37.153671488768026],[127.10752882598504,37.15362172856377],[127.10738543959435,37.15362997229255],[127.1073607619752,37.15359001876704],[127.10715985286359,37.153441879877136],[127.10710072664989,37.15342292011167],[127.10699423137297,37.153420221597024],[127.106906800143,37.153446610331095],[127.10681741867054,37.153446239455484],[127.10461747508245,37.15371064966772],[127.10376105183329,37.15405694523611],[127.10368859641743,37.154087102614106],[127.1035332543486,37.154176169944435],[127.10190262346171,37.15392168902237],[127.10142408641828,37.15384700241253],[127.09927370288443,37.153511360313914],[127.09874288119651,37.1539986351624],[127.09829187212667,37.15440276524832],[127.09811587329786,37.15489488284925],[127.09816747612106,37.15572597094719],[127.09717781025739,37.15623938158734],[127.09705275848161,37.156372369110336],[127.09690180827621,37.15653289673116],[127.09674823499019,37.15669529907188],[127.09669168334813,37.1567545435216],[127.09664289045514,37.15680621323518],[127.09657003618729,37.156881509053605],[127.09649988225516,37.15695653273874],[127.09618435350319,37.15715393581463],[127.09616396893279,37.15716705972701],[127.09587389214775,37.15735380048949],[127.09575510701943,37.15743026990141],[127.0957242157534,37.15748480791606],[127.09570213516373,37.157524781577486],[127.09566974011798,37.15758342685397],[127.09558028408533,37.15761827865334],[127.09561463027191,37.15771592517656],[127.09551656658225,37.15780061172255],[127.09543600566755,37.158018009315185],[127.09536161348397,37.158217831613584],[127.09534418257417,37.158258174307555],[127.09533579320772,37.15827759034001],[127.09525781225454,37.158396950862624],[127.0952054180156,37.15845123545711],[127.09520062191025,37.15845293292394],[127.09510628083916,37.15848627586149],[127.09500350907909,37.15851813323368],[127.0949387171909,37.1585382185919],[127.09474903612202,37.158641357949854],[127.09463364123556,37.15871445333128],[127.09456545191898,37.15875764729259],[127.09447538952354,37.15884944538576],[127.09440309580442,37.158926811769696],[127.09459870934742,37.15888746385171],[127.09460458343108,37.15890493956755],[127.09446559070041,37.15893811621135],[127.09432601586147,37.15895741823724],[127.09419841287028,37.15900635519754],[127.09418159820481,37.15901261666338],[127.0941261676602,37.15903326174212],[127.09396130794094,37.1590897960245],[127.09391845650529,37.15912289813123],[127.09387888212376,37.15916726095964],[127.09379000370782,37.1593082544837],[127.09371970424866,37.15936196855143],[127.0936851775007,37.1593883494843],[127.09356208045902,37.1594421472577],[127.09335938100504,37.15948825817257],[127.09331852562592,37.159497480638535],[127.0932412597317,37.159467715594516],[127.0931866223995,37.159437122220105],[127.09296867853514,37.15935223132235],[127.09281353679067,37.15930213049907],[127.0928075153833,37.15930018534277],[127.09279749826956,37.15930107022064],[127.09278488951624,37.159302184909045],[127.0926112047476,37.15932313274305],[127.09181776417965,37.15943312739016],[127.0917690314738,37.15944469807803],[127.09136504831075,37.15959421909844],[127.09121323572268,37.15973823156192],[127.08968909292622,37.16028784508516],[127.0891875464351,37.16048302443864],[127.08925103486781,37.160619923377915],[127.08930943793767,37.160745860819034],[127.08938110373442,37.160898535693136],[127.08940832717911,37.16096244025347],[127.08940897486444,37.160962375822024],[127.08943944841381,37.16102817532699],[127.08946198804259,37.16107728347956],[127.08956080272385,37.1610987992491],[127.08956251940435,37.16110286200187],[127.08959651075641,37.16118361587932],[127.08960041752955,37.161193425178645],[127.0896094285302,37.16121605342761],[127.08961896594356,37.16123748181759],[127.08963725564273,37.1612813673303],[127.08967050408805,37.16136153612584],[127.08968206450747,37.16138940615058],[127.08972166673672,37.16148229351128],[127.08975154919463,37.16155257982054],[127.08977423165555,37.161617861932925],[127.0897925474059,37.16167525407599],[127.08979882034154,37.161695874802916],[127.08980157906777,37.161706208073014],[127.08981394617429,37.1617303560191],[127.08983171844388,37.161765041966184],[127.08987706270446,37.1618874968126],[127.08992545764377,37.161979926820045],[127.08998801272689,37.16206068620356],[127.09005610502543,37.16214881204679],[127.09019560260928,37.16236653646754],[127.0902503872652,37.162435597065226],[127.09034840873409,37.16263324999697],[127.09034152943559,37.16270947496181],[127.09034777362515,37.16272520302686],[127.09039776217575,37.16285147485913],[127.09057168679455,37.16327669406987],[127.09058266151237,37.16329449020234],[127.09064703029404,37.163393349972196],[127.09066250916473,37.163420757504156],[127.0908455310224,37.16372957172959],[127.0909131337391,37.16382070732508],[127.09100714692516,37.163986870972764],[127.09105202855339,37.16429570794078],[127.09108225326942,37.16440661310046],[127.09111448482186,37.16453834923089],[127.09114735687301,37.1646419049131],[127.0911598910662,37.164681393009644],[127.09120299133518,37.16481643668899],[127.09126993379016,37.16497339854272],[127.09129170895265,37.165024457731626],[127.0913164961663,37.16509677523754],[127.09155934133032,37.165631823555586],[127.09160885826539,37.16573718170597],[127.09163971090382,37.165796483496784],[127.09171261637566,37.165951625036875],[127.09171653123364,37.16601604503728],[127.0917179317072,37.166041781524385],[127.09183037023806,37.16620064500841],[127.09185944600885,37.16625980970734],[127.09191281132661,37.16636840550441],[127.09196628623884,37.1664837759746],[127.09199113902949,37.16653739259851],[127.09203113651755,37.16659990650298],[127.09206161635512,37.166648109779175],[127.09207952876189,37.16667872672153],[127.0920792179448,37.166678573529474],[127.09210014150439,37.166729520609586],[127.0921879985358,37.16690094149749],[127.09228612780248,37.16711369427584],[127.09230840602154,37.167120137611],[127.09229705221466,37.1671355275946],[127.0922860819884,37.16717915555753],[127.09228415420381,37.167186851617465],[127.09229174856121,37.16721042656774],[127.09229700370564,37.167226758585684],[127.09233806030738,37.167306947561585],[127.09237040774245,37.16737014732409],[127.09244229362646,37.16751059510802],[127.09244539730574,37.16751664755917],[127.09246944790085,37.16756502420034],[127.0924776962318,37.16758131462283],[127.092599506886,37.16782190378931],[127.09259924188297,37.167894751202844],[127.09267754173811,37.168063747769054],[127.09277694930742,37.16822647538107],[127.09283190284664,37.16840239117708],[127.09290787247187,37.1685720652176],[127.09298365165431,37.168741811176105],[127.0930544442886,37.16891302993061],[127.09309335212018,37.168985600698235],[127.09329007598085,37.16946034909523],[127.0932904478834,37.1694603218939],[127.0933083207643,37.1695007473498],[127.0933082974081,37.16950017039565],[127.09336486611815,37.169631517545774],[127.09345750847508,37.16984839077516],[127.09349214841079,37.16993318899709],[127.09352632391744,37.1700070622918],[127.09361937860109,37.170200522207956],[127.09378661975417,37.170574092774906],[127.09389315815024,37.170771912681815],[127.09405587089596,37.17110807870852],[127.09413596738166,37.17127653194916],[127.09423834208636,37.171438391528675],[127.0942882021779,37.17154468573034],[127.09432116046737,37.171612773037715],[127.09440496070694,37.171780132838784],[127.09447210528288,37.17192504833072],[127.09448325786711,37.17194912858981],[127.09454468107297,37.17208394525844],[127.09456039440391,37.17211846683072],[127.09461353424454,37.17220668115829],[127.09465868626569,37.172281653127236],[127.0947047240257,37.17239128103923],[127.09471801100705,37.17242292353832],[127.09467790302624,37.172422955033376],[127.0947726088134,37.172558911833875],[127.09483140354872,37.17264330473769],[127.09483245817088,37.172644818642496],[127.09483270251268,37.172644820789884],[127.09485612249041,37.17267843877401],[127.0949956524136,37.17288601156403],[127.095101362563,37.17307034565871],[127.09518545295839,37.17321701522193],[127.09515867777304,37.17322752443242],[127.0952330663634,37.17331359654367],[127.09530624671972,37.17342370110406],[127.09554042314123,37.173997879510075],[127.09564421898074,37.17425234366661],[127.0958003273125,37.17460376385294],[127.09580437152793,37.174693167044055],[127.09580443171504,37.17469448120661],[127.09580483416032,37.174703429106955],[127.095804981484,37.174706695902714],[127.09583250316936,37.174812024938404],[127.09589865151362,37.17493606126011],[127.09591950859787,37.17497266943675],[127.09595532981814,37.17502887972032],[127.09601496268166,37.175113236939886],[127.09612050035449,37.17517329509995],[127.09613761415898,37.175198943291775],[127.09638390795537,37.17544076795634],[127.09646447336162,37.17551986955497],[127.09656320539786,37.17562190278606],[127.09662692379928,37.17567276152362],[127.09670480773438,37.175731584544344],[127.09684514524305,37.17581083686474],[127.09701757955678,37.17590376734089],[127.0970538517313,37.17592325471136],[127.0971504637435,37.17597529353872],[127.09744609391362,37.17611752833188],[127.09755525089875,37.176170052311264],[127.09765049747168,37.17629896859991],[127.09781930887983,37.17649052065896],[127.09785666891422,37.1765328935084],[127.09788898580656,37.17657865830637],[127.09798426471886,37.17671358767723],[127.09811315140257,37.17689610515496],[127.09824523069875,37.17729796414138],[127.09823597086485,37.17753343555088],[127.09823464045989,37.17756730473446],[127.09823346187022,37.17759699894894],[127.09823080016204,37.17766411168137],[127.09823077950081,37.17766467640549],[127.09822892358144,37.177711315159726],[127.09821266137985,37.177798658337004],[127.0981980996891,37.17787694223373],[127.0981921573335,37.177908893068455],[127.09818434468546,37.17795090438741],[127.0981697704183,37.1779803049962],[127.09816870771134,37.17798244363828],[127.09793915042698,37.1784455620052],[127.09775202506509,37.17871622691409],[127.09771995880271,37.17876446755265],[127.0976751193953,37.17882754178321],[127.09762061591204,37.1788884787762],[127.09737123730098,37.17916829345345],[127.0973177435241,37.17920881177076],[127.0972779751065,37.17922170210365],[127.09729135281769,37.17930212814054],[127.09730447361076,37.179374985242525],[127.09727915189954,37.179377852458714],[127.09716157051368,37.179390859426825],[127.09715641238732,37.17936338181935],[127.09714424650343,37.179288703885824],[127.09712433444683,37.179295541266455],[127.09710509792333,37.179302161064186],[127.09700338078538,37.17933697851389],[127.09698273390691,37.17933503959905],[127.09682923338441,37.17932121525658],[127.09672317558703,37.17925846494888],[127.09671627113575,37.17932004432069],[127.09668386710683,37.17961128901143],[127.09664087643228,37.17990173168254],[127.09658696134555,37.18019101090317],[127.09652223323775,37.18047894775673],[127.09644725535254,37.18076518010561],[127.096361463548,37.181049529756216],[127.0963102362206,37.18150928480605],[127.09624470591726,37.18196806011901],[127.09618512066446,37.181962129779734],[127.09573293120832,37.181917109714895],[127.09572795274501,37.18198910759502],[127.09572409897244,37.18202474686741],[127.09570423901815,37.18220844101246],[127.09567264167634,37.182427060954275],[127.09563315802465,37.18264487510143],[127.09560564442413,37.182796272586586],[127.09554555521646,37.18328829192028],[127.09540216523249,37.1839908619462],[127.09536837420477,37.18398593301154],[127.09536100262955,37.18398565031527],[127.09513569796978,37.183977016269516],[127.09497386108144,37.183970837028916],[127.09495269497671,37.18397472821859],[127.09484006061314,37.183959679469034],[127.09481089950236,37.18396429779727],[127.09459962113745,37.18395599368078],[127.09437417634048,37.183965812190905],[127.0939410805757,37.18398543274649],[127.09331239462412,37.18402583826415],[127.09295946271865,37.18404905011745],[127.0928715383136,37.18405483214586],[127.09265026798776,37.184070861366195],[127.09255970972228,37.18407679082423],[127.09221582924164,37.1840993070154],[127.09192642978631,37.18411917086938],[127.09151710524058,37.18414795645084],[127.09103256655276,37.18428492130493],[127.09087833300498,37.18432702712647],[127.0905287724768,37.18442442300552],[127.09018641464054,37.18451766780505],[127.09007136291056,37.18455388558626],[127.08963669060243,37.1846747705178],[127.08962587668303,37.184671894198836],[127.08931293418075,37.184689426932145],[127.08912660652288,37.18453963064294],[127.08906506204443,37.184492641841985],[127.08896531940347,37.1844244158487],[127.08843627188824,37.18417835445957],[127.08837692109579,37.184150750485976],[127.08821101753415,37.18407354017875],[127.08808869663687,37.18401661521302],[127.08797337810722,37.183964614846616],[127.08796520703136,37.18396093048996],[127.08777073165383,37.18387340048642],[127.08774825221212,37.18386329497344],[127.08767507095756,37.183830399085984],[127.08747700681045,37.183754944751996],[127.08739690403651,37.18372508834962],[127.08687821679148,37.18354300104086],[127.08688475922172,37.18355245746507],[127.0867289527239,37.18349895740567],[127.08644144871383,37.18340058913871],[127.08608635007188,37.18327830083997],[127.08611607981624,37.18327809901442],[127.08557981343938,37.18307934924177],[127.08529196357799,37.18297070660733],[127.08530966577895,37.182990517080896],[127.08517245261088,37.18294619257046],[127.08509938184906,37.18296048073655],[127.08507642091034,37.182956667505515],[127.08502237107635,37.18294769052347],[127.0832498126628,37.18265325379476],[127.08323413975602,37.18263443232955],[127.08316089202606,37.18290389631939],[127.08313463966022,37.18299654181132],[127.08315887890153,37.18302130417833],[127.08314734273664,37.18307906868921],[127.08312995764096,37.18314548805286],[127.08310384092069,37.18325840742143],[127.08306887040503,37.18341160936825],[127.08303434186041,37.18355778292075],[127.08299757830741,37.183616105975425],[127.08294358327065,37.18367272922197],[127.08298587685252,37.18404519256887],[127.08298574120693,37.18412826937873],[127.08298562352762,37.184229096505526],[127.08300278853606,37.184272425462275],[127.08307823713847,37.18480295804505],[127.08308562308673,37.18485489413886],[127.08311545613728,37.185057804477296],[127.0831935143456,37.18558872301556],[127.08320203756102,37.18564845866788],[127.08323399422895,37.18587244046356],[127.08323946946062,37.18591081462009],[127.0832824331857,37.18627634000791],[127.08329183046187,37.18642662809178],[127.08341073057458,37.18723676715999],[127.08343036954331,37.18748526182625],[127.08345871228887,37.18772470697974],[127.08349764527324,37.1880536203372],[127.08350072469804,37.18807963414581],[127.08354425705673,37.18834424094509],[127.08356659276795,37.18868950617717],[127.08355647234796,37.189120664344365],[127.08351172277209,37.18939830780682],[127.083290497362,37.189994682429784],[127.08296825729653,37.19060473221335],[127.08289368455152,37.190721618577285],[127.08285076125065,37.190788897122715],[127.08285014590467,37.19079017236166],[127.08264466167334,37.19121595354479],[127.0824025863655,37.19170502694729],[127.08214664286633,37.192289980138206],[127.08220083283753,37.19251637601128],[127.08218467573883,37.192573603711715],[127.08220161616846,37.192723165805994],[127.08219304444401,37.19281769130695],[127.08220678237966,37.19302690473297],[127.08224625075998,37.193071749293495],[127.08232673441957,37.19408555113087],[127.08235559100142,37.194289522931484],[127.08240223692086,37.19461925280116],[127.08244147084086,37.19489659482131],[127.08252226711419,37.195459963638555],[127.08261481514799,37.196056482158745],[127.08268694357712,37.19609761038567],[127.08269313656268,37.196306829034455],[127.08274430999116,37.19644654609589],[127.08296200502214,37.19705081781691],[127.0830977224953,37.197356358287365],[127.08321808326863,37.19762748994716],[127.0832759626207,37.197821715613415],[127.08338562805228,37.1984079494757],[127.08336586331939,37.198776580663164],[127.08327739363696,37.19904371233963],[127.08324808610082,37.199337202185205],[127.08298790075686,37.200080382601165],[127.0829657869295,37.20046541417077],[127.08306982711078,37.200952176612454],[127.08314231845927,37.201220007527],[127.08312779359944,37.201642967986395],[127.08308247449166,37.20181888252551],[127.08295594229232,37.20199611535077],[127.08316461464462,37.20215536616537],[127.08316464069577,37.20215538977737],[127.08331457490657,37.20228960874286],[127.08414364176036,37.20292174635186],[127.08414678586384,37.20291372479906],[127.08416809030918,37.20292695524485],[127.08418483221112,37.2028887392772],[127.08455163410456,37.20319502242372],[127.08455475575015,37.20319762900738],[127.08454571151188,37.203207935136206],[127.08454249374651,37.20321160352813],[127.08460731707574,37.20325967468645],[127.0846270270114,37.20325713750885],[127.0846389593333,37.20326005962763],[127.08467581361616,37.20326908714228],[127.08486568422956,37.20343033009201],[127.08490538437522,37.203474273379655],[127.08499944876527,37.20358861481622],[127.08504784639953,37.20364744399952],[127.08500768811304,37.203698741785004],[127.08522573079206,37.20376724729549],[127.08525982904358,37.203749382707144],[127.08534180031329,37.20370643412446],[127.0854735373514,37.20385843690924],[127.08555821614333,37.20393226200052],[127.0855005613701,37.20394987325947],[127.08565883464168,37.204259720271594],[127.08567498635048,37.20429935508565],[127.08577524372608,37.20455757937857],[127.08586839363116,37.20479749555985],[127.08589239571724,37.20488637719334],[127.08595062451394,37.20510198868328],[127.08596884504288,37.205581962064755],[127.08597123545982,37.20580659019284],[127.08596495803262,37.20593499369372],[127.08595602698206,37.20600753390164],[127.08590138336166,37.20630356594161],[127.08588108323283,37.206383232636945],[127.08585504017445,37.206466146783384],[127.08578362231275,37.2066696537024],[127.08568789873438,37.20689822583892],[127.08552156038817,37.207244435063174],[127.08510438816008,37.20793366781264],[127.08490716753106,37.20826989596041],[127.0848430008703,37.208413747673866],[127.08479305094725,37.208475414166465],[127.08458913068284,37.20886841238368],[127.08443970402013,37.20920067493233],[127.08435313517283,37.209393165910996],[127.08432249543513,37.20953234076806],[127.08425695435199,37.209830057439795],[127.08430844308913,37.210033499482826],[127.08431780443271,37.21007048771556],[127.08432008795019,37.21007951226925],[127.08429728152171,37.21003393590115],[127.08433773804887,37.21016647889157],[127.08435188920954,37.2102128443079],[127.08443383802133,37.210463006868764],[127.08456978725981,37.21074773118162],[127.08455174998723,37.210736661284315],[127.08461841845602,37.210920607524315],[127.08463610448737,37.21092014464015],[127.08461929970329,37.210961221127],[127.08461851008418,37.210963153506334],[127.08461700450778,37.210966831537334],[127.08478644024508,37.21117305138832],[127.08492542578922,37.211348206823764],[127.08525379955141,37.21173839706492],[127.0860473047981,37.212701858468876],[127.08688730055566,37.21371465908293],[127.08688298594734,37.213718540870225],[127.08685792654417,37.213741080414856],[127.08701890823635,37.2139323457719],[127.0873976424517,37.214403407071615],[127.0877007888258,37.21477838080382],[127.087786052421,37.214957536217796],[127.08798684564994,37.21587185754429],[127.08809376582998,37.21636828698329],[127.08810385031734,37.216415101423685],[127.08807441611879,37.21646517724751],[127.08803310259886,37.216535465337216],[127.08799353989541,37.21660277953687],[127.08816054209663,37.21660477615569],[127.0882917661967,37.21660634497867],[127.0883179952064,37.21658659340181],[127.08857839704433,37.216404063834624],[127.08861063039332,37.216381470716705],[127.0886436300053,37.21635833819559],[127.08871530837843,37.21630808631726],[127.08881444196163,37.21623860568092],[127.08883200402543,37.21629677686795],[127.08884030445864,37.21632426893521],[127.08884462805011,37.216338594422936],[127.08884900284554,37.21635307800695],[127.08891513052856,37.216572122739436],[127.08891578809539,37.21657430106506],[127.08892358098045,37.21660011403993],[127.08916342217813,37.21658272678501],[127.08920837207832,37.21657944963932],[127.08921453362287,37.21657900181282],[127.08953327654693,37.21655582929111],[127.0895552340674,37.21655423256732],[127.08964040154288,37.21654804240078],[127.08965129990389,37.21654725119259],[127.08966926441295,37.21654594562752],[127.08967047983349,37.216545857636],[127.08968408931008,37.21654548349324],[127.08971036233719,37.21654476167668],[127.0897109255809,37.21654474593839],[127.09003975658557,37.21661054710632],[127.09020544544984,37.21669256294775],[127.09025259083258,37.216715900679446],[127.09045513667462,37.216790264747026],[127.0906331612044,37.21680256563308],[127.09069107559075,37.21680720770583],[127.09078324902713,37.21681858146246],[127.09088317492436,37.2168122890189],[127.0910155533596,37.21680966573653],[127.09118960643748,37.21679863249741],[127.09140596118206,37.21683018413746],[127.09157392098736,37.216906194885006],[127.09163704829733,37.21693452944125],[127.09187723085483,37.21720321716519],[127.09196221058242,37.21724405272803],[127.09207585914395,37.21729866559991],[127.0923899775409,37.217492779837535],[127.09239374507524,37.21749487443835],[127.09247488719987,37.21754000134028],[127.09263800778076,37.21763071862148],[127.09291037338166,37.21776701681774],[127.09316586412992,37.21783079314929],[127.09345668112671,37.21785219260311],[127.09347537506778,37.217853330749975],[127.09357363728513,37.21785931049189],[127.09411567713434,37.21795358704432],[127.09444374277439,37.218030549524855],[127.09455420860485,37.21807362301269],[127.09476296450052,37.218152569787435],[127.09508484973142,37.21824151938772],[127.09525324611798,37.218285155029356],[127.09533743981963,37.21830697212534],[127.09537708876134,37.21831724614547],[127.09553791504499,37.21835775561601],[127.0956603087058,37.21838811338239],[127.09574083728113,37.21839379263046],[127.09596970825258,37.21840993331005],[127.0962136646326,37.21842713772694],[127.09660098045389,37.218406921642476],[127.09669404501898,37.21840206434466],[127.09735486640325,37.2184250488749],[127.0975518103512,37.21843516263826],[127.09773142400068,37.21844438577688],[127.09794397348172,37.21845739102283],[127.09797559417974,37.218459326071624],[127.09820761733953,37.21849265540123],[127.09831426533007,37.21854329784116],[127.09842956140183,37.21857311686764],[127.09861012367223,37.218618253854885],[127.09903206954776,37.21872372909627],[127.09915404728861,37.21875422120252],[127.09921025936748,37.218768272247075],[127.09929209588987,37.21879956124273],[127.09930923394886,37.21880810689405],[127.09938642168964,37.21882216651284],[127.099603701699,37.21886174431854],[127.09971819916848,37.218883094120294],[127.10002468817375,37.21890869956735],[127.10043165464185,37.2190026993967],[127.10089379563472,37.219071783327045],[127.10136754016607,37.21913887278853],[127.10162502517429,37.21916748907073],[127.10207705562864,37.219172692550195],[127.1022142095079,37.2192002379362],[127.10234325788836,37.21923247531031],[127.10260533059271,37.2193221761873],[127.1026363323515,37.21933575499397],[127.10272112882272,37.21938803359137],[127.10290067869182,37.21943914899233],[127.10326267010693,37.21951416563597],[127.10350698581303,37.21955125866932],[127.10351921727397,37.21955606081123],[127.10361554362188,37.21959387418068],[127.10367716266047,37.219614266638274],[127.10375159706493,37.21963890039345],[127.10390326592255,37.21973536082492],[127.10404041980182,37.21976074136351],[127.10433520375892,37.219792384044446],[127.10463689306563,37.219846453553856],[127.10484071631201,37.21985069126835],[127.10539401115338,37.21983326756463],[127.10555995424089,37.219819605867265],[127.10583088972385,37.21979576048382],[127.10623616286762,37.21979711463626],[127.10645360996362,37.219794129491945],[127.10671391747846,37.21974398076641],[127.10689406113397,37.21973381996559],[127.10705460265164,37.21972547614724],[127.10743659595485,37.219677200158316],[127.10760319211755,37.21964812839237],[127.1080266291964,37.219587828048795],[127.10829092702771,37.21957155170486],[127.10849031798651,37.21954857539284],[127.10874108449468,37.21944400836942],[127.10900150968882,37.21939908147413],[127.10921237842199,37.21936699224895],[127.10941142173272,37.219337436785736],[127.10973687597028,37.21930623457076],[127.11000785187741,37.21931229360154],[127.11018102640291,37.219315018376854],[127.11034745907226,37.21932991271664],[127.11047558398462,37.21934421188095],[127.11059662118937,37.21936653657012],[127.1107567845163,37.21940873871297],[127.11097568418812,37.21947674423852],[127.11107432100296,37.2195122442059],[127.11127102150743,37.21949917690633],[127.11155853360235,37.21940952702976],[127.11176428104008,37.2193417575096],[127.11200941421312,37.219319363423985],[127.11222140943366,37.219364397669466],[127.11228563448486,37.219366860624305],[127.11240186300793,37.21939313118367],[127.11248016286302,37.2194108289685],[127.11255878162007,37.21947148569804],[127.11259574280243,37.21947568552004],[127.1128012917125,37.219427106777836],[127.11294639119046,37.21933848835266],[127.11317000432253,37.219313805855435],[127.11326913431246,37.219302863832276],[127.11333780332942,37.21933848048379],[127.11339136627653,37.2193657818744],[127.11351672976768,37.21942967774859],[127.11354831183812,37.21944577600083],[127.11370710523428,37.219393409455286],[127.1139689228171,37.219307067240415],[127.1143016848495,37.21919087825753],[127.11455135631134,37.219189918253726],[127.1146184155473,37.21920400069265],[127.11466045580428,37.21921441265372],[127.11468930519962,37.21921889004689],[127.11486549536957,37.219202863281495],[127.11505582771699,37.219152132580554],[127.11521466602892,37.219136122254135],[127.11551033662323,37.21923125778008],[127.11570094924502,37.21929090457685],[127.11587514425673,37.219446706672],[127.11593373597283,37.21952368837429],[127.11601031735081,37.21965702947582],[127.1160490724688,37.21972450899677],[127.1161078231867,37.21975661953028],[127.11631090352633,37.21976795421342],[127.11634106536032,37.21976963814163],[127.1165453943582,37.21980953592569],[127.11678661985977,37.21988399780746],[127.1168919042077,37.21991786444791],[127.1169526473889,37.219927536642594],[127.11702477402139,37.21993954014852],[127.11718052302703,37.21996578904808],[127.11730993342853,37.22000909248741],[127.11759049525809,37.220018549351494],[127.1176713355488,37.22001447474515],[127.11769988850008,37.22001303547053],[127.11783530863087,37.22000749655206],[127.11784294700573,37.21940532291195]],[[127.10760343466269,37.19656619337837],[127.1073066842934,37.19651527929892],[127.1072703303722,37.19653468407031],[127.1071525288991,37.19654461114242],[127.10689362634935,37.19649519401716],[127.10675708512115,37.196474591374084],[127.10656813348425,37.196428715553346],[127.10642825142148,37.19643550701701],[127.10640192539375,37.196376061832105],[127.1063880751687,37.196216318676626],[127.1063324344183,37.19621645821294],[127.10627215207285,37.19619966161618],[127.10615287376942,37.19611858308224],[127.10608092141013,37.19605187888148],[127.10610070590594,37.19602356868434],[127.10608770099557,37.1959216560371],[127.10600061561699,37.195890392617486],[127.10589505368964,37.195872464625495],[127.1059167453088,37.19583865660281],[127.10600928885106,37.19580874987852],[127.10623457644284,37.19566068945065],[127.10638038199662,37.19554027148753],[127.10627461884664,37.19521328559756],[127.10614308752272,37.19498543730731],[127.10604742143654,37.19503706156026],[127.10591220252842,37.19507547542572],[127.10574306233683,37.19509959195561],[127.10566229930122,37.19509569847685],[127.10559302481977,37.19509161465319],[127.10551277921373,37.19505420117941],[127.10518818286728,37.195143779097236],[127.10514132853874,37.19514391076416],[127.10489724100465,37.195404371791746],[127.10482282546484,37.19549010020147],[127.10475354828841,37.19556710920838],[127.10471468537261,37.195563990008075],[127.10464295040558,37.19554585799911],[127.10462263500544,37.19562516108732],[127.10468137943515,37.19567133292927],[127.1047018071247,37.195701590340114],[127.10469736136234,37.19574520466915],[127.10447000854373,37.19570179213249],[127.10431265694363,37.19569931552479],[127.10424948561621,37.19571135437054],[127.10418728446929,37.19569104489964],[127.10414434140546,37.19566918691674],[127.10401731333607,37.195518371241874],[127.10385153553858,37.19544859381831],[127.10376118119068,37.195431551607356],[127.10363488614658,37.1954062516166],[127.10342054811979,37.19534190748211],[127.10325758923568,37.195339538199484],[127.10329060322069,37.19534888080064],[127.10325690921103,37.19542036282417],[127.10323371111711,37.195440289533515],[127.10296694920699,37.19538817395368],[127.10296029089407,37.195378718295956],[127.10278558384267,37.19536841539161],[127.10263708783464,37.19533340210781],[127.10244676267372,37.1951882316934],[127.10220805874314,37.19500615985898],[127.10212566975687,37.19494467556851],[127.10198418509962,37.194845230229205],[127.10186773469272,37.19476874000038],[127.10168782998906,37.19465932560668],[127.10150207725295,37.194556402856364],[127.10131081514916,37.194460152103964],[127.10108102340453,37.19435663514363],[127.10084493806303,37.19426285435116],[127.10063794017044,37.19419031358957],[127.10046250189036,37.19413549650807],[127.10035602637637,37.194105129699764],[127.10024887712594,37.19407647600449],[127.10025497668671,37.19398898563332],[127.1002582753004,37.19394167139259],[127.10035358026389,37.19395709026099],[127.10057765243506,37.193994656699516],[127.10083697539636,37.19403057153402],[127.10088844526888,37.19402926701053],[127.1008731361798,37.19395007745633],[127.1008651780047,37.193893588575456],[127.10087239057812,37.19381059692989],[127.10095160312156,37.19376305287166],[127.10101128898566,37.193743712506915],[127.10110114027702,37.19372255238049],[127.1010858877818,37.19368652361992],[127.10117617206112,37.193652298141984],[127.10125870926944,37.19355077086251],[127.10129466613533,37.19357236540381],[127.10138259233702,37.19354372868067],[127.10138907278346,37.19350389643905],[127.10101166358315,37.19334247700045],[127.10079599155814,37.19326706007857],[127.10054376977924,37.19323357219319],[127.10049781286757,37.19323018597804],[127.1001428067521,37.19305910319737],[127.0998257984749,37.1928316727586],[127.09927582829839,37.19253159837918],[127.09924208308473,37.19251318583996],[127.09914356484754,37.19245028404951],[127.09914292524705,37.1908165079731],[127.09922006088554,37.19077158764841],[127.0992202414469,37.19077148245191],[127.09935691293087,37.19064053773864],[127.09936771517216,37.190632959998794],[127.09930437406318,37.19059814131557],[127.09943600150682,37.19039872165859],[127.09966599088075,37.19005694506209],[127.09975037502532,37.1900789506581],[127.09983341888343,37.189935524866485],[127.0999281085009,37.189740550398476],[127.10000107954976,37.1896467810477],[127.10011531740614,37.18941502648116],[127.10029961846476,37.189365495912725],[127.10039330286743,37.18935154172907],[127.1005187094777,37.189308366685545],[127.10072436528729,37.18922619942356],[127.10083454186027,37.18916348453891],[127.1008736491178,37.189183815803496],[127.10093928632071,37.18916691101215],[127.10100778555606,37.18909945497457],[127.10105456532449,37.189045173073104],[127.10109738082755,37.18897350395704],[127.10120457050219,37.18903774831984],[127.10124956980974,37.189085916527674],[127.10132193898731,37.189134872622176],[127.10142069527808,37.18920966605747],[127.1015663849492,37.1893462317103],[127.10164914224475,37.18941527194407],[127.10169919457576,37.18936549233457],[127.10185117065718,37.18928038673087],[127.1018746094996,37.189240548662],[127.10205981426338,37.18910964995734],[127.10235180805321,37.18916490651101],[127.1024064894029,37.18914693183684],[127.1024273608602,37.189152047216155],[127.10248866279352,37.18917812505376],[127.10263259446158,37.18926179949913],[127.10270300351523,37.18927597626237],[127.10275630325599,37.1892979162474],[127.10276894075541,37.18931529547626],[127.10292281497705,37.1894223882214],[127.10290127247822,37.189482867248344],[127.102915916814,37.189485647489015],[127.10298465320459,37.18951189911058],[127.10304348836412,37.18954590819691],[127.10308703150258,37.18959858242541],[127.10286737634763,37.18973861318198],[127.10291946156612,37.18977830428356],[127.10296579756678,37.18981367581237],[127.1030664448112,37.18986855328205],[127.1032184235876,37.18990419456136],[127.10339779289532,37.18987313475175],[127.10351374922887,37.189922051691866],[127.10363632345104,37.18995095958123],[127.10380544298138,37.19002543733122],[127.10399323219828,37.19002759996367],[127.10409696246076,37.19000111451044],[127.1042278146583,37.18984215651136],[127.10415897945302,37.189675148739624],[127.10412794086331,37.18962570779598],[127.10412405205645,37.18949830348688],[127.10404296383072,37.18933249078262],[127.10391603098275,37.18924501924609],[127.10388083678656,37.18920360174698],[127.10377290779843,37.189093947421874],[127.10357678311401,37.18897499821236],[127.10351466101883,37.188925133867066],[127.10346712846223,37.188837412815666],[127.10340258361074,37.18874457053067],[127.10333615319549,37.18858982788732],[127.10319642564292,37.18836549704394],[127.10313358669217,37.18820083976889],[127.10293579742954,37.187760938251685],[127.10296428929541,37.187675674827574],[127.10298152796571,37.18759726869029],[127.1030137720945,37.18745478571093],[127.10298883037066,37.18724693591497],[127.10290051340185,37.18723025182777],[127.10292280868886,37.18705903450664],[127.10288684194151,37.18694418138519],[127.10283441446492,37.186815827165184],[127.10277862549249,37.18665435907723],[127.10300109686587,37.18656699608188],[127.10310227231969,37.186515099095544],[127.10313641189373,37.18644271549317],[127.10337781256679,37.18631726244121],[127.10345221283525,37.18628683380413],[127.10354290944126,37.186231791275496],[127.10366415236021,37.18619618619318],[127.10378198078278,37.18613382161569],[127.10388575775767,37.18609093243061],[127.1039626113252,37.18604293049426],[127.104008127164,37.18597287951686],[127.10406863049501,37.18590921366958],[127.10411924517136,37.1858624955279],[127.1044615616851,37.18558116194487],[127.10456124863055,37.185512506100174],[127.10465889190863,37.185458104250074],[127.1047196045471,37.185441095567825],[127.10494241458534,37.18531349311381],[127.10509174961986,37.18523407041267],[127.10517771839254,37.18518200504235],[127.10538058493317,37.1851306474396],[127.10547921635809,37.185114612718756],[127.10559462022769,37.18509369708247],[127.10572431180191,37.185061956117224],[127.10585464836647,37.18500768848988],[127.10588750514631,37.18498810684642],[127.10591509510365,37.18498664113935],[127.1059677426675,37.18500963155316],[127.10604955044377,37.18497958456091],[127.10616787922797,37.18495641307154],[127.10660166939043,37.18486700556583],[127.10670613357651,37.184834835813774],[127.1068198072909,37.18478481701079],[127.10685718529156,37.184777485592655],[127.10697354766354,37.184798195916635],[127.10701372481462,37.18477869723765],[127.1071844532276,37.184698352178245],[127.10708034207948,37.184660330951765],[127.10692515811417,37.184661820282614],[127.10675633682449,37.18465557310841],[127.10782739723942,37.18436138851688],[127.10791294021068,37.18433789191755],[127.10792684882622,37.18433407159925],[127.10803562043408,37.184304193239626],[127.10824138044823,37.18447124223228],[127.10829970446635,37.18446317005258],[127.10836436609881,37.18447707790452],[127.10841445166749,37.18445684986236],[127.10868706430507,37.18435460455535],[127.10912055353197,37.1842950131635],[127.10930306155328,37.18426520277839],[127.10955788036172,37.18424253491163],[127.10977396740837,37.184226389071135],[127.1098050491172,37.1842262702675],[127.10986319167567,37.18424928381468],[127.10992293503192,37.18420976371846],[127.11005090543405,37.184158106298234],[127.11011990233608,37.184132723804694],[127.11027034678996,37.1840462653825],[127.11035196502174,37.18402681803881],[127.1105104062783,37.18401955525302],[127.11062167250768,37.18416750968473],[127.11074682579306,37.18420270134199],[127.11088620120603,37.18425095780018],[127.11107679586156,37.18420654027471],[127.11124867232148,37.18414529052329],[127.1114134997014,37.184037462441694],[127.11156279610836,37.1841813510324],[127.1116176059171,37.184225321985544],[127.11165312530345,37.184255293415326],[127.1119161798664,37.18424396556462],[127.1119752764357,37.18422516882905],[127.11195924599943,37.18419869279175],[127.11192932940554,37.18414898345916],[127.11244397243517,37.18406290293783],[127.11259536371337,37.18393445221297],[127.11307995001194,37.18393390685929],[127.11342611131508,37.18430219862897],[127.1135861910987,37.184643003612],[127.11358624769258,37.184834295476314],[127.11358711187188,37.18496170264433],[127.11442895636229,37.18596548022562],[127.11455370450749,37.18601861283177],[127.11482235826963,37.1861328797987],[127.11507647639213,37.18624103194775],[127.11557266083932,37.18630579105113],[127.11555408278092,37.18668271715835],[127.11542285957917,37.186968024268054],[127.11547007772546,37.187288661503416],[127.11535998918737,37.18755043064752],[127.11549091235185,37.188038041389326],[127.11563630647721,37.18841165614989],[127.11547828473388,37.188777272485794],[127.11595009788742,37.18924977608466],[127.1160805530296,37.18934867489149],[127.11658591107248,37.189135088029225],[127.11783993046302,37.1893277682998],[127.11878058424479,37.18970591092755],[127.11931999472513,37.18973988700739],[127.12142452106036,37.191244447311604],[127.12143781343161,37.191253949286654],[127.12074674038189,37.19161542777479],[127.12062850232756,37.19227285921296],[127.12032765025069,37.192762519005065],[127.12013553025582,37.19285047379244],[127.11981601657725,37.19350873601852],[127.11961618544399,37.19342072260341],[127.1195641190901,37.193327966816284],[127.11949307672418,37.19319973007127],[127.11936382262954,37.192866110426884],[127.11935224244718,37.19280782457107],[127.11928155311918,37.19239927058743],[127.11926173987723,37.19233306331033],[127.11920086733866,37.192297712998716],[127.11907276757914,37.192344334130304],[127.11894662884191,37.19249313169576],[127.11888997838514,37.19256689347965],[127.11876843363221,37.192773532859306],[127.1185891873937,37.19303059866574],[127.11790873512555,37.19284430171831],[127.11789954805516,37.192730148669256],[127.11783243042868,37.19251567543307],[127.11775818377217,37.19242555339835],[127.11771725742612,37.192397842235785],[127.11767574807348,37.192430680720875],[127.11748745580005,37.19266630818643],[127.11746016408338,37.19271679335234],[127.1168266487888,37.19243538440386],[127.11672890759432,37.19259676642346],[127.11648369177631,37.19272945882706],[127.11621597855027,37.19318033088308],[127.11601874085324,37.193239540289774],[127.1157676796976,37.19330754220851],[127.11558513484538,37.19355054902771],[127.11503508741374,37.19380138723881],[127.11493969261878,37.19410432036648],[127.11452748627765,37.19419544937933],[127.11445771682443,37.19405164427198],[127.11440976834783,37.19395286325728],[127.11439654424854,37.19392561993719],[127.11431171633626,37.193914167592695],[127.1141002906476,37.19397762203187],[127.11412393700085,37.194049413058025],[127.11401918984542,37.19404897153813],[127.1139328123393,37.19405599148949],[127.11379023982225,37.194067930414526],[127.11380235989205,37.19403809454794],[127.11317530168776,37.19400949306541],[127.11282674996762,37.19411362161622],[127.1124870259918,37.194247295289635],[127.11240000619023,37.19427747169402],[127.11226379644033,37.19432769745508],[127.11212368710378,37.19440748055124],[127.11190417478097,37.194566719467645],[127.11186274448,37.1945018830093],[127.11174938787099,37.19439016904412],[127.11168989514469,37.19429642550392],[127.11161174800314,37.19423198310336],[127.11148216961668,37.19419543077399],[127.11134895305328,37.19429133551874],[127.11118817438035,37.19448737161681],[127.11109477474363,37.19454575564262],[127.11101827601071,37.19460853904676],[127.11093610441667,37.19472124592086],[127.110904635534,37.19484588928196],[127.11074781753314,37.19505660839683],[127.11051353690702,37.19536660354581],[127.11028794927793,37.195612976250224],[127.1101860021713,37.19575994051051],[127.11011995264171,37.195885246209414],[127.11003963247552,37.19595497027699],[127.10986404597347,37.19611930151632],[127.10979543894032,37.19618874486387],[127.1097488774625,37.19623735359486],[127.10969652095275,37.19632894801571],[127.10962599242319,37.19639397753983],[127.10953929511682,37.19649488346054],[127.10938520799442,37.19657161237121],[127.1094467830156,37.19661471671384],[127.10770815397032,37.196615708489844],[127.10766555406289,37.196607045118704],[127.10760343466269,37.19656619337837]],[[127.09223825747931,37.19004619631007],[127.09229497620805,37.19010390964777],[127.09236265438324,37.190095568278046],[127.09243099282017,37.19016895097431],[127.092331260959,37.19021426024335],[127.09251208643582,37.190453529287446],[127.09249400514575,37.19143487230258],[127.09148620499144,37.19142293725494],[127.09145542331993,37.191393586246846],[127.09130165869273,37.191273774046685],[127.09118693215287,37.19121204913145],[127.091011616942,37.191122103729946],[127.0908984642505,37.19109008477562],[127.09074545061489,37.19103325455114],[127.0906036111231,37.19099668850764],[127.09048677444063,37.190960194008525],[127.09043526504223,37.19092671368747],[127.09040808651332,37.19089573802614],[127.09037316271001,37.1908874747466],[127.09032515045303,37.190859488220845],[127.09025894910816,37.190842011307204],[127.09023555518156,37.190823969048154],[127.09016019551234,37.19070264955755],[127.09016474547927,37.190452155286515],[127.09019401079456,37.19034076380196],[127.09026961750047,37.19017851892247],[127.09037114689053,37.1900328340778],[127.09038718900486,37.189978578609946],[127.09044986446222,37.18993068648923],[127.0904962759214,37.189842619524796],[127.09053539755202,37.18978176937305],[127.0905932050389,37.18971225500999],[127.09063122623327,37.18966650460982],[127.09064797711835,37.18964634808967],[127.09066740857627,37.18960218349353],[127.09069414333747,37.18954097962479],[127.0906993957869,37.18954390656833],[127.09093632823975,37.18967595454225],[127.09198487507702,37.18968831423623],[127.09206137830158,37.18979778521217],[127.09214688174693,37.189827131831166],[127.0922042086351,37.18982744814025],[127.09221869396907,37.18998016444597],[127.09223825747931,37.19004619631007]],[[127.11046382144426,37.21091660468514],[127.11026828066481,37.21082132918039],[127.10993493293086,37.210723799224944],[127.1097799951039,37.210677728165834],[127.10957371227028,37.21061609352123],[127.10946169415098,37.210614673384015],[127.10939473552632,37.21061896670556],[127.10919523766805,37.210659674907866],[127.10914790184246,37.21066344596008],[127.10909108609569,37.210659336507625],[127.10904079391449,37.21064519309262],[127.10899877611538,37.21062314627278],[127.10890024979336,37.210564904175705],[127.10880309879202,37.21049075432602],[127.10873053378168,37.210414387981935],[127.10865716567747,37.21035021546768],[127.10868805065526,37.21027008005596],[127.10858326217735,37.210222033395326],[127.10833350537557,37.21010718546184],[127.10831927516317,37.21009997240367],[127.1082645902202,37.21003056832561],[127.1081699625865,37.20996879221059],[127.10803127618136,37.209933415816224],[127.1079800506506,37.20994307999032],[127.1079539366253,37.20994953398094],[127.10789018588453,37.20992778386582],[127.10787442404455,37.209922406611945],[127.1077771005667,37.20989297551253],[127.10780497888318,37.209842275754035],[127.10778234133804,37.20980504988266],[127.10799400867349,37.20980522445052],[127.10835107193097,37.209498445140134],[127.10835623095564,37.209473217831416],[127.10836625076428,37.2094242198361],[127.10919406177332,37.20944597725083],[127.11008475844554,37.21014239221573],[127.11077685467639,37.209788297089865],[127.11127086250563,37.209861572644876],[127.11123613543337,37.21039510625659],[127.1112356781909,37.21040213398854],[127.11144674814672,37.21073041626755],[127.11146323313048,37.210756054529924],[127.1113967604944,37.21078342842352],[127.11133960069287,37.21080696830424],[127.11110318297473,37.2109178717143],[127.11093673054246,37.210997893399984],[127.11083684866263,37.21095910058924],[127.11046382144426,37.21091660468514]]]}},{"type":"Feature","properties":{"zoneCode":"41590MX2008001","zoneName":"화성동탄2 택지개발사업","blockName":"A107","blockType":"공동주택","featureType":"block","displayName":"A107"},"geometry":{"type":"Polygon","coordinates":[[[127.1362340435281,37.18318750791061],[127.13627592478328,37.18317103548791],[127.136320699512,37.18316050833682],[127.1363670615638,37.18315623349288],[127.13640144817455,37.18315341795012],[127.13643496072453,37.18314664461554],[127.13646689313795,37.18313605591132],[127.1364965698817,37.18312187584838],[127.13652336393169,37.18310440286956],[127.13656579315915,37.18306826240408],[127.13660250101663,37.183028310125316],[127.13663295749802,37.18298512502549],[127.13665672153054,37.1829393304709],[127.13667345085608,37.182891585613824],[127.13669010382478,37.18284323882489],[127.13671337019065,37.18279667266177],[127.13674295979781,37.18275246398072],[127.1367785070319,37.18271116029549],[127.13689302516265,37.18259278719088],[127.1369468117903,37.18253218097699],[127.13699417366702,37.182468233105844],[127.13703478470437,37.18240137943138],[127.1370683709162,37.18233207441688],[127.13709470413045,37.18226079041968],[127.13711360378572,37.18218801196567],[127.13712494142294,37.18211423503375],[127.13712864068526,37.182039962046076],[127.13712702281943,37.181134852908066],[127.13689657889789,37.18110228005081],[127.13666740699084,37.18106440087266],[127.13643969574443,37.18102124614145],[127.13621363560148,37.18097285378099],[127.1347302529627,37.180636872642005],[127.13461829053898,37.18061366331864],[127.13450514413564,37.180594479907164],[127.13439103922997,37.18057936105941],[127.13427620489225,37.18056833898521],[127.1342031592832,37.18056448913176],[127.13413744033365,37.18061379357947],[127.13413843387036,37.18118170924392],[127.13417245307018,37.18131682864553],[127.13417270998833,37.18146371122698],[127.13417277466705,37.18150038423296],[127.13417308907741,37.18168059343666],[127.13417356787946,37.18195425200393],[127.13414002029513,37.18208944660403],[127.1341408287789,37.18255188206345],[127.13414074972715,37.18256387791627],[127.13414445258276,37.1826063404001],[127.13415672177292,37.18264775722317],[127.13417723390411,37.18268703193619],[127.13420544100406,37.18272312033807],[127.13424059747099,37.1827550655446],[127.13428176995541,37.18278202017432],[127.13432786520761,37.18280326925035],[127.13437766151871,37.182818248091905],[127.13610524757425,37.18321282201515],[127.13616812605088,37.183227182415905],[127.1362340435281,37.18318750791061]]]}},{"type":"Feature","properties":{"zoneCode":"41590MX2008001","zoneName":"화성동탄2 택지개발사업","blockName":"A55","blockType":"공동주택","featureType":"block","displayName":"A55"},"geometry":{"type":"Polygon","coordinates":[[[127.14075610876944,37.18585658982716],[127.14076345249687,37.18581809898896],[127.14088762751693,37.185243138729376],[127.14089989311383,37.18516718268685],[127.14090399661802,37.18509719387668],[127.14090127382441,37.18502716206104],[127.14081150607637,37.18400398191414],[127.14075838689699,37.18384889389941],[127.14069184688728,37.18309044609758],[127.14068787992699,37.183045219869214],[127.1406785131935,37.18297710994266],[127.14066245580781,37.1829098043981],[127.14063980658459,37.18284372263648],[127.14061070835587,37.182779278334536],[127.14057534347977,37.18271687658201],[127.14051757821376,37.1826889585981],[127.13998634689405,37.18268958054057],[127.13866304224226,37.182691119293565],[127.13866478497391,37.18365490353544],[127.13866523053828,37.18390100813982],[127.13866876990052,37.18395638730866],[127.1386791535269,37.184011212495534],[127.13869628080607,37.18406494479009],[127.13871998015993,37.18411705387161],[127.13875001982302,37.184167025881635],[127.13878610335132,37.18421436843338],[127.13903916685175,37.18451207833047],[127.1390929202417,37.184569032981415],[127.13915345142051,37.18462145518331],[127.13922016390676,37.184668831802874],[127.13929240462528,37.184710696941956],[127.13936946570361,37.18474664195672],[127.13945059165863,37.18477631402567],[127.13953498837952,37.18479942115919],[127.13962182672141,37.18481573792445],[127.1396319336667,37.18492845512177],[127.13972037011148,37.18591475437528],[127.14075610876944,37.18585658982716]]]}},{"type":"Feature","properties":{"zoneCode":"41590MX2008001","zoneName":"화성동탄2 택지개발사업","blockName":"A51-2","blockType":"공동주택","featureType":"block","displayName":"A51-2"},"geometry":{"type":"Polygon","coordinates":[[[127.14170963361262,37.19119666691462],[127.1417195653864,37.19113395008839],[127.1417370277372,37.19107229662082],[127.14176185717167,37.191012280441925],[127.14179382102611,37.19095446618037],[127.14183262016152,37.190899394850874],[127.14187789255689,37.19084758099149],[127.14192921330904,37.19079951123202],[127.14198609912445,37.190755634990616],[127.14204802089529,37.190716363042206],[127.14211439741167,37.19068206322435],[127.14250235103675,37.190502252632825],[127.14253020599706,37.19045299686209],[127.14247374508484,37.19022539541035],[127.14245239662212,37.19015681177249],[127.14242290672799,37.19009018603308],[127.14237476511357,37.18999608434862],[127.14233670529161,37.18993728245472],[127.14229459945763,37.189880273886146],[127.14217574066743,37.18978052059547],[127.14211534603254,37.189704147608865],[127.14204512023525,37.18960967975461],[127.14198150154684,37.18951226265284],[127.14195267999925,37.18946333113459],[127.14194170258644,37.189443742058785],[127.14190194494861,37.18936752760274],[127.14186616235592,37.18929006142148],[127.14183441589377,37.189211478766644],[127.14179267477579,37.18907717643484],[127.14176138106457,37.189043783302466],[127.14172466512225,37.189009850563394],[127.14168237333696,37.18898036407709],[127.14163534024364,37.18895590280125],[127.1415844902087,37.188936949797665],[127.14153082485362,37.188923877203244],[127.1414754014955,37.188916942651524],[127.14141930979088,37.18891628211575],[127.14122724998315,37.18892481898548],[127.14122371690912,37.188924753862246],[127.14122023953064,37.18892424790478],[127.14121690408601,37.18892331256333],[127.14121379322017,37.18892197073831],[127.14121098149333,37.18892025678052],[127.14120853987238,37.18891821148133],[127.14120652854449,37.18891588565118],[127.14120499781522,37.18891333725689],[127.14120398271896,37.18891062855916],[127.14120351020512,37.188907825396804],[127.14120319759141,37.18890332831406],[127.14060698753397,37.18892982846511],[127.14061860993709,37.1890217079878],[127.14060721121447,37.18905183638597],[127.14060731991061,37.18911093166538],[127.14060777715311,37.18936042062349],[127.14060390631253,37.18941900469784],[127.14059212311096,37.18947690958937],[127.14057256858385,37.1895334504377],[127.140545470005,37.18958796385349],[127.1405111480729,37.18963980720253],[127.14047000613122,37.189688369339954],[127.14042252927014,37.189733079913154],[127.1403692780384,37.189773410792576],[127.14031894902631,37.18980758292515],[127.14026299656052,37.18984557150374],[127.14022803592628,37.18986600420427],[127.1402280026886,37.1898661609275],[127.13987104004252,37.190076190476844],[127.13985508416643,37.190156537686825],[127.1398536899811,37.190170930401806],[127.13985518567604,37.19018531524215],[127.13985953442034,37.190199325090695],[127.13986662212793,37.19021259998696],[127.13987627003408,37.19022479929253],[127.13988822930547,37.19023560813181],[127.13990219181991,37.19024475098882],[127.1399178009463,37.19025199242277],[127.13993465423933,37.19025714780234],[127.13995232050772,37.19026008259004],[127.1399703461022,37.190260723076484],[127.13998826839045,37.19025905208669],[127.14049492270227,37.190178488866096],[127.14050855284007,37.190175496109354],[127.14054629735337,37.1901699213661],[127.1405846787722,37.19016955424885],[127.14062257869404,37.19017440620771],[127.14065890117423,37.19018433626299],[127.14069258709907,37.190199056014606],[127.14072266089815,37.19021813751443],[127.14074824851072,37.190241026147795],[127.1408874209044,37.19038920955715],[127.14098600382034,37.19050438519535],[127.1410150903709,37.190543441851],[127.1410377997813,37.19058511767119],[127.14105377092874,37.190628747837074],[127.14106274869168,37.190673641053046],[127.14106459113633,37.19071908026267],[127.14105926861826,37.19076434411741],[127.14104686647747,37.19080871127053],[127.14102758144493,37.190851476836194],[127.14083196430867,37.19125725329441],[127.14081857581768,37.19129349145889],[127.14081264603847,37.19133098050481],[127.14081432678637,37.19136874504456],[127.14082357494223,37.191405801105134],[127.14084014885924,37.191441186183916],[127.14086361824434,37.19147397928567],[127.14089337314148,37.19150332740007],[127.1409286392029,37.1915284655384],[127.14096849655371,37.19154874106388],[127.14105732915556,37.19158625002027],[127.14121833061068,37.19165422838153],[127.14128775241583,37.19166727760359],[127.14133087963432,37.19167363010864],[127.14137457728299,37.19167659847513],[127.1414323416507,37.19167826299302],[127.141470667374,37.19168201638771],[127.14150762765804,37.1916909515416],[127.14154213733798,37.19170480367582],[127.14157318401253,37.19172316918167],[127.14159985409498,37.19174550562103],[127.14162136335617,37.19177115820446],[127.14165359221363,37.191773163352075],[127.14170963361262,37.19119666691462]]]}},{"type":"Feature","properties":{"zoneCode":"41590MX2008001","zoneName":"화성동탄2 택지개발사업","blockName":"A51-1","blockType":"공동주택","featureType":"block","displayName":"A51-1"},"geometry":{"type":"Polygon","coordinates":[[[127.14269597930299,37.19054267398577],[127.14250486991281,37.190631251089165],[127.14237562839456,37.190722392881284],[127.14220190679505,37.190802910437405],[127.14213978559819,37.190835690935174],[127.14208282432435,37.19087400174186],[127.14203178564316,37.19091732974873],[127.14198735856247,37.1909650910007],[127.141950137767,37.191016645009334],[127.14192062541497,37.191071298331465],[127.1418992158668,37.19112831816637],[127.14188619838,37.19118693521884],[127.14184627814711,37.1912977357863],[127.14184075350812,37.191319881997316],[127.14183991448161,37.191342454709606],[127.1418437853222,37.19136482417996],[127.14185225733364,37.19138636639084],[127.14186509515736,37.19140647879394],[127.14188193946724,37.191424600347204],[127.14190232044444,37.191440224395826],[127.14192481425913,37.191452535139156],[127.14194912985724,37.191465682435464],[127.14197023397823,37.191481998476036],[127.14198749061484,37.19150099019968],[127.14200037694756,37.19152208439652],[127.1420085075992,37.19154464488292],[127.14201163463471,37.19156799039211],[127.14200966462933,37.19159141675857],[127.14200265687177,37.191614217670704],[127.1419908215679,37.1916357025613],[127.14197451804381,37.19165522594757],[127.14195423588136,37.19167219673395],[127.1419305895281,37.19168610325824],[127.14190429314478,37.191696526172564],[127.14187613724884,37.191703150608326],[127.14184697254483,37.19170577762596],[127.14183876194316,37.19170648107415],[127.14183080286972,37.19170824219923],[127.14182330642865,37.191711013770615],[127.1418164729443,37.19171472279565],[127.14181048118137,37.19171926980388],[127.14180549373489,37.19172453528773],[127.14180164175892,37.19173037827124],[127.14179902586487,37.19173664489739],[127.1417977170195,37.19174316842815],[127.14179395218011,37.191781895976725],[127.14176868706276,37.19178032449079],[127.14173684717582,37.1921078562311],[127.14174778057117,37.192162535240975],[127.14192181747936,37.19229480619894],[127.14210812088275,37.19239481378663],[127.14213515298628,37.192407886495765],[127.1421953859244,37.19263212876037],[127.14208785039838,37.192740542099685],[127.1423234263951,37.19299581329018],[127.14263922464164,37.19301136402238],[127.1428316581486,37.19321183157272],[127.14293926733646,37.193438090865],[127.14298838182629,37.19341594241288],[127.14303582185644,37.1933919698959],[127.14317998618819,37.19310297666907],[127.14325434872741,37.192952285391904],[127.14334319839722,37.19277207803737],[127.14343299309468,37.19258951948955],[127.14351744191794,37.1924208239529],[127.14352976141372,37.19239226980341],[127.14348447105205,37.19230932660015],[127.14345657926079,37.19225217455391],[127.14338772788585,37.19218267606166],[127.14337969784553,37.192174453712674],[127.14337209181,37.192166645700595],[127.14336425850072,37.19215858149955],[127.14335650603981,37.19215058241808],[127.14334893414029,37.19214275078841],[127.14334096967701,37.192134491938994],[127.14333386400308,37.19212710470121],[127.14332548182317,37.19211836567599],[127.14331853065951,37.192111095081046],[127.14331004247838,37.192102194326125],[127.14330324133337,37.19209503536475],[127.14329465343926,37.192085952127414],[127.14328779031048,37.192078656482984],[127.14327933716368,37.19206962405197],[127.1432723877966,37.19206215021901],[127.14326411970275,37.192053197934385],[127.14325711823344,37.19204555664697],[127.1432490289043,37.19203665659997],[127.14324200407877,37.19202885859213],[127.14323408542954,37.19201998716758],[127.14322706329898,37.19201203601736],[127.14321932251617,37.19200317890304],[127.14321232194514,37.19199507389471],[127.14320476621532,37.19198622035645],[127.1431978015769,37.19197795719627],[127.14319043718821,37.191969105087225],[127.14318354710998,37.19196070452782],[127.1431763668759,37.1919518309484],[127.14316958010393,37.1919433187517],[127.14316257324472,37.19193439937112],[127.14315591672846,37.1919257970054],[127.14314907066769,37.19191680892403],[127.14314257135663,37.19190814000442],[127.14313587082287,37.19189905245092],[127.14312954129342,37.19189031840856],[127.14312299167668,37.19188112494235],[127.14311683462368,37.19187232148359],[127.14311044939868,37.19186301781092],[127.14310447650034,37.191854144220024],[127.14309826914173,37.19184473034081],[127.14309249027951,37.19183578089286],[127.14308647246541,37.19182624821969],[127.14308090021572,37.19181721862096],[127.14307508631919,37.19180756858497],[127.14306969283422,37.191798382264814],[127.14306414483903,37.19178867426177],[127.14305893730533,37.191779304026774],[127.14305368665251,37.19176956596553],[127.14304869471447,37.191760019687365],[127.14304375218379,37.19175026301771],[127.14303897673972,37.191740528530794],[127.14303435670423,37.191730795473845],[127.14302983368674,37.19172093145838],[127.14302550650204,37.191711170489995],[127.14302123501285,37.191701191973785],[127.14301719528903,37.19169141025002],[127.14301317622646,37.19168132152666],[127.14300941677698,37.19167152763489],[127.14300564744606,37.19166133943855],[127.14300215569453,37.19165154411298],[127.14299862441716,37.191641256443525],[127.1429953940754,37.191631474712025],[127.14299207030884,37.191621023164146],[127.1429891058684,37.191611336606755],[127.14298598871439,37.19160075910792],[127.14298326502241,37.191591154843586],[127.1429803302264,37.19158042205353],[127.14297783290989,37.19157096019397],[127.14297505801399,37.191560098590344],[127.14297274934373,37.19155076482336],[127.14297012266981,37.19153982378353],[127.14296796581482,37.19153057445664],[127.14296545592192,37.191519519631036],[127.14296343650916,37.19151039481876],[127.14296100746465,37.19149916538],[127.14295911471434,37.19149023091903],[127.14295671890746,37.191478713084116],[127.14295495731119,37.19147008991362],[127.14295252647004,37.191458015326404],[127.14295092567221,37.19144997466502],[127.14295089872272,37.19144983082621],[127.14294698925464,37.191429930972674],[127.14294567501938,37.19142320203296],[127.14293465897906,37.19136592980797],[127.14272687506056,37.190528355051],[127.14269597930299,37.19054267398577]]]}},{"type":"Feature","properties":{"zoneCode":"41590MX2008001","zoneName":"화성동탄2 택지개발사업","blockName":"A52","blockType":"공동주택","featureType":"block","displayName":"A52"},"geometry":{"type":"Polygon","coordinates":[[[127.14118884610642,37.18880469872068],[127.14118882275024,37.1888016779995],[127.14119002559438,37.18879565802598],[127.1411924474524,37.18878987636056],[127.14119602274722,37.18878449115994],[127.14120065266421,37.18877964769947],[127.14120621413412,37.188775479804136],[127.14121255444341,37.188772096967234],[127.14121950291212,37.18876959150658],[127.14127667349344,37.188749975056446],[127.14133022925405,37.18872465636703],[127.14137928715003,37.18869405408324],[127.14142303600269,37.188658673442255],[127.14146075626145,37.188619096970676],[127.14149182359725,37.188575979475516],[127.14151572597032,37.1885300315849],[127.1415320699186,37.188482011160836],[127.14154058504919,37.18843270970236],[127.14154113032656,37.18838294304237],[127.1414639919931,37.18727218711254],[127.1414583775226,37.18722089176195],[127.14139382368796,37.18710133916563],[127.14136497608924,37.18703301175858],[127.14132838141948,37.18696710178422],[127.14128434959753,37.18690417175699],[127.14123325522081,37.18684475556646],[127.14117553487054,37.186789360623976],[127.14104602745095,37.186676128065216],[127.14100691660015,37.18664028917105],[127.14096993475651,37.18660303038653],[127.14090113907712,37.18646906550274],[127.14085659611374,37.186398292815745],[127.14081924506256,37.186324905023966],[127.14078932307875,37.1862493687336],[127.1407670215035,37.18617216558146],[127.14075248137232,37.186093785078526],[127.14074579700831,37.1860147260414],[127.14074700703898,37.185935493729794],[127.14075610876944,37.18585658982716],[127.13972037011148,37.18591475437528],[127.139686417387,37.1859174245344],[127.13958349560824,37.185930565637705],[127.13948290495769,37.18595514025343],[127.13940997612967,37.18599940717595],[127.1393311678281,37.18606656182421],[127.1392497238695,37.18613654544206],[127.13884388748201,37.18658322658578],[127.13882921529847,37.18660260528331],[127.13881879484119,37.1866236729377],[127.13881291985925,37.186645836979736],[127.13881175474431,37.18666847478308],[127.13881533273408,37.186690950840244],[127.13882355231893,37.18671263179139],[127.13883618353015,37.18673291075694],[127.13885287243149,37.18675121592521],[127.13887314650913,37.18676703416913],[127.13889644072276,37.186779918918255],[127.13892209570899,37.18678951019695],[127.13894939461213,37.18679553820266],[127.13920939130988,37.18683454668035],[127.13924687980331,37.18684290701748],[127.13928200842248,37.18685630631286],[127.13931373063014,37.186874343078955],[127.13934109870357,37.18689648056803],[127.13936329517594,37.1869220560763],[127.13937965888714,37.186950306708106],[127.13938969935707,37.18698038941488],[127.13939311744669,37.18701140604348],[127.13939341748406,37.18717630565692],[127.13937792334201,37.18731137067961],[127.13936732861154,37.18743657661085],[127.13935017078961,37.187535401217424],[127.13931128272095,37.187603048300076],[127.13909089094749,37.1879707854407],[127.1391038033314,37.188143545061756],[127.13917476035739,37.18837196218306],[127.13931251790449,37.18869753568225],[127.13940623374818,37.18885119033108],[127.13941443895999,37.18884828840812],[127.13942712586676,37.188843953056654],[127.13943987924884,37.188839743657695],[127.13945269820793,37.18883566307389],[127.13946558004913,37.18883171130519],[127.13947852207741,37.18882788763601],[127.13949152339453,37.18882419421329],[127.13950458130553,37.18882063175267],[127.13951769311538,37.18881719953856],[127.13953085882417,37.18881389900222],[127.13954407394033,37.188810730143715],[127.1395573375655,37.188807693678655],[127.13957064880135,37.18880479032273],[127.1395840031564,37.18880202007595],[127.13959739973222,37.188799383653965],[127.13961083673225,37.188796881772426],[127.1396163110656,37.18879591923504],[127.13967438175881,37.188784932710625],[127.13973348731125,37.18877837171093],[127.13979310220844,37.18877629563533],[127.14080740077553,37.18882165297231],[127.14118868979956,37.188804705161445],[127.14118884610642,37.18880469872068]]]}},{"type":"Feature","properties":{"zoneCode":"41590MX2008001","zoneName":"화성동탄2 택지개발사업","blockName":"A106","blockType":"공동주택","featureType":"block","displayName":"A106"},"geometry":{"type":"Polygon","coordinates":[[[127.13515327322325,37.18573871832733],[127.13518516431415,37.18573178419877],[127.13530123563203,37.18561070200242],[127.13534514977468,37.18544020240794],[127.13541353043242,37.18526849866383],[127.13547471109317,37.185098104216856],[127.13548569479414,37.18492288929499],[127.1355071214103,37.184832527749826],[127.13552776649216,37.184745455359966],[127.13558741103375,37.18456974222151],[127.1355919915434,37.1844603159117],[127.13562250641526,37.18439013392779],[127.13570613058508,37.18422068578116],[127.13580506294562,37.18405886789978],[127.13584601624113,37.1838696173604],[127.13596279363479,37.18372689117082],[127.13606251920773,37.18356579150071],[127.13609103263322,37.18339283103358],[127.13609228218975,37.18330356409988],[127.13608662909165,37.18330227298925],[127.13608027351101,37.18330123594973],[127.13607379396291,37.183300990466954],[127.13606730992315,37.1833015465606],[127.13606101003809,37.18330289421101],[127.13605504432627,37.18330500192757],[127.13604955561988,37.18330781961177],[127.13604467417463,37.183311280704],[127.13604051677149,37.18331530075239],[127.13603718402179,37.18331978528542],[127.13603475318064,37.18332462694898],[127.13602425007835,37.18334523675867],[127.13600966233645,37.183364187587145],[127.13599138701028,37.18338096628412],[127.13596991637671,37.183395116955026],[127.13594583434056,37.18340625813737],[127.13591979397711,37.183414084231906],[127.13589250226045,37.183418384826155],[127.1358646976058,37.18341904469433],[127.13583713369958,37.1834160437971],[127.13581055973687,37.183409465154355],[127.13578569616642,37.18339948482545],[127.13576321582646,37.183386376203586],[127.13574372957127,37.18337049283925],[127.13572776561038,37.18335226557779],[127.13571575693167,37.183332190392655],[127.13570802872528,37.18331080977789],[127.13569900784319,37.183285448470414],[127.1356851674996,37.18326151925741],[127.13566684007117,37.18323960399932],[127.13564447561384,37.183220237321365],[127.13561861581178,37.183203891583666],[127.13558989307889,37.18319096328281],[127.1355590063045,37.18318176947318],[127.13553351301502,37.183175947299056],[127.13536180633668,37.18316484115178],[127.13459986699078,37.182990816241926],[127.13444670782809,37.18292772258535],[127.1343467486932,37.18290489185394],[127.13429457454147,37.18289658046401],[127.13424140595478,37.18289515551108],[127.13418865328802,37.18290065779028],[127.1341377179131,37.18291293986648],[127.13408994999789,37.182931674662974],[127.13404661706517,37.182956366913004],[127.13400886985693,37.18298635960152],[127.13397770819806,37.18302085829979],[127.13392334844524,37.18308614333757],[127.13386211478391,37.18314740826182],[127.13379446715145,37.18320419217521],[127.13372091758757,37.18325606424031],[127.13364202035281,37.183302635845735],[127.13355837103015,37.18334355416477],[127.13347059844038,37.183378510743104],[127.13272669546876,37.18359498094251],[127.13314628596156,37.18554798912489],[127.13324303990757,37.18551065608726],[127.13370400141244,37.185220226395224],[127.13376899991316,37.1851450439752],[127.13386685968526,37.185083604614924],[127.13402067371977,37.18500933740988],[127.13415973921394,37.18500475206671],[127.13425968487415,37.18506907423614],[127.13430001294219,37.18511158469321],[127.13433381474972,37.185173255909575],[127.13435431879607,37.18532071999149],[127.13436135709631,37.185477768789696],[127.13439520202296,37.18558631191794],[127.13444345323184,37.18565045968403],[127.13452042088538,37.18569718726059],[127.13479732657171,37.18571738634372],[127.13508742132304,37.18574109506791],[127.1351204559693,37.18574184437456],[127.13515327322325,37.18573871832733]]]}}]}