{
  "type": "FeatureCollection",
  "name": "planned-schools-additional-v34",
  "features": [
    {
      "type": "Feature",
      "properties": {
        "label": "초1",
        "school_name": "태안3-1초",
        "level": "초등학교",
        "status": "미설립",
        "district": "태안3",
        "address": "송산동 197-13답 일원",
        "document_area_m2": 12848,
        "identity_basis": "2026-02-06 학교용지 현황 면적·소재지 + 태안3 계획도 대조",
        "source_layer": "KLIP_C_UQ155",
        "source_present_sn": "41590UQ155PS201807310009",
        "shp_area_m2": 12848.03,
        "label_lng": 127.00514984,
        "label_lat": 37.20785328,
        "geometry_basis": "도시계획시설 학교용지 폴리곤(SHP)"
      },
      "geometry": {
        "type": "Polygon",
        "coordinates": [
          [
            [
              127.00513970688182,
              37.20857172494298
            ],
            [
              127.00530124574053,
              37.20847873218898
            ],
            [
              127.00548396215065,
              37.20837339420781
            ],
            [
              127.00566679070482,
              37.20826805593898
            ],
            [
              127.00584973140766,
              37.20816280748635
            ],
            [
              127.00603255894544,
              37.2080574686493
            ],
            [
              127.00605497584388,
              37.20804458286758
            ],
            [
              127.00513760965556,
              37.207121495318695
            ],
            [
              127.00490904886841,
              37.207266750349675
            ],
            [
              127.0046530011742,
              37.207429576020964
            ],
            [
              127.00425591667008,
              37.20768196822942
            ],
            [
              127.00513970688182,
              37.20857172494298
            ]
          ]
        ]
      }
    },
    {
      "type": "Feature",
      "properties": {
        "label": "중1",
        "school_name": "태안3-1중",
        "level": "중학교",
        "status": "미설립",
        "district": "태안3",
        "address": "안녕동 170-43잡 일원",
        "document_area_m2": 13786,
        "identity_basis": "2026-02-06 학교용지 현황 면적·소재지 + 태안3 계획도 대조",
        "source_layer": "KLIP_C_UQ155",
        "source_present_sn": "41590UQ155PS201807310008",
        "shp_area_m2": 13786.74,
        "label_lng": 126.99846534,
        "label_lat": 37.20742031,
        "geometry_basis": "도시계획시설 학교용지 폴리곤(SHP)"
      },
      "geometry": {
        "type": "Polygon",
        "coordinates": [
          [
            [
              126.99915563250005,
              37.20792309607967
            ],
            [
              126.99918809012009,
              37.20746500613726
            ],
            [
              126.9992203226426,
              37.20698718328808
            ],
            [
              126.99919756818545,
              37.206959340595155
            ],
            [
              126.99778719291216,
              37.20690767490521
            ],
            [
              126.99771820155401,
              37.2079003525357
            ],
            [
              126.99817736770525,
              37.20792054970557
            ],
            [
              126.99833034974415,
              37.207886674666575
            ],
            [
              126.99915563250005,
              37.20792309607967
            ]
          ]
        ]
      }
    },
    {
      "type": "Feature",
      "properties": {
        "label": "초1",
        "school_name": "효행1초",
        "level": "초등학교",
        "status": "미설립",
        "district": "효행",
        "address": "봉담읍 수영리 3-6 일원",
        "document_area_m2": 15931,
        "identity_basis": "2026-02-06 학교용지 현황 + 효행지구 계획도 대조",
        "source_layer": "KLIP_C_UQ155",
        "source_present_sn": "41590UQ155PS202512100002",
        "shp_area_m2": 15941.66,
        "label_lng": 126.96224771,
        "label_lat": 37.22975177,
        "geometry_basis": "도시계획시설 학교용지 폴리곤(SHP)"
      },
      "geometry": {
        "type": "Polygon",
        "coordinates": [
          [
            [
              126.96152014231166,
              37.22919559005401
            ],
            [
              126.96151955521347,
              37.23030747343841
            ],
            [
              126.96297529346144,
              37.23030795597354
            ],
            [
              126.96297585918644,
              37.22919607256936
            ],
            [
              126.96152014231166,
              37.22919559005401
            ]
          ]
        ]
      }
    },
    {
      "type": "Feature",
      "properties": {
        "label": "초2",
        "school_name": "효행2초",
        "level": "초등학교",
        "status": "미설립",
        "district": "효행",
        "address": "봉담읍 수영리 11-2 일원",
        "document_area_m2": 15942,
        "identity_basis": "2026-02-06 학교용지 현황 + 효행지구 계획도 대조",
        "source_layer": "KLIP_C_UQ155",
        "source_present_sn": "41590UQ155PS202512100001",
        "shp_area_m2": 15930.79,
        "label_lng": 126.96486645,
        "label_lat": 37.23380538,
        "geometry_basis": "도시계획시설 학교용지 폴리곤(SHP)"
      },
      "geometry": {
        "type": "Polygon",
        "coordinates": [
          [
            [
              126.96557668384247,
              37.23349473931683
            ],
            [
              126.96557615445272,
              37.233494133044964
            ],
            [
              126.96557550748122,
              37.233493395299156
            ],
            [
              126.96557485846091,
              37.23349265870473
            ],
            [
              126.96557420739506,
              37.23349192326533
            ],
            [
              126.9655735542869,
              37.23349118898458
            ],
            [
              126.96557289913956,
              37.23349045586613
            ],
            [
              126.96557224195638,
              37.23348972391355
            ],
            [
              126.96557158274058,
              37.23348899313048
            ],
            [
              126.96557092149534,
              37.23348826352055
            ],
            [
              126.96557025822402,
              37.23348753508733
            ],
            [
              126.96556959292984,
              37.23348680783443
            ],
            [
              126.96556892561611,
              37.23348608176544
            ],
            [
              126.96556825628612,
              37.233485356883946
            ],
            [
              126.96556758494319,
              37.23348463319354
            ],
            [
              126.96556691159057,
              37.233483910697785
            ],
            [
              126.96556623623167,
              37.233483189400246
            ],
            [
              126.9655655588698,
              37.233482469304484
            ],
            [
              126.96556487950826,
              37.23348175041405
            ],
            [
              126.96556419815047,
              37.233481032732506
            ],
            [
              126.96556351479975,
              37.233480316263396
            ],
            [
              126.9655628294595,
              37.23347960101026
            ],
            [
              126.96556214213308,
              37.23347888697663
            ],
            [
              126.96556145282389,
              37.233478174166024
            ],
            [
              126.96556076153536,
              37.23347746258196
            ],
            [
              126.96556006827085,
              37.23347675222796
            ],
            [
              126.96555937303388,
              37.233476043107515
            ],
            [
              126.96555867582778,
              37.23347533522417
            ],
            [
              126.96555797665603,
              37.23347462858135
            ],
            [
              126.96555727552212,
              37.23347392318263
            ],
            [
              126.96555657242943,
              37.233473219031424
            ],
            [
              126.96555586738152,
              37.23347251613125
            ],
            [
              126.96555516038184,
              37.23347181448553
            ],
            [
              126.96555445143386,
              37.23347111409779
            ],
            [
              126.96555374054111,
              37.233470414971464
            ],
            [
              126.96555302770707,
              37.23346971710999
            ],
            [
              126.96555231293529,
              37.23346902051683
            ],
            [
              126.96555159622928,
              37.23346832519544
            ],
            [
              126.96555087759256,
              37.2334676311492
            ],
            [
              126.96555015702874,
              37.233466938381596
            ],
            [
              126.96554943454134,
              37.233466246896015
            ],
            [
              126.96554871013394,
              37.233465556695876
            ],
            [
              126.96554798381005,
              37.23346486778459
            ],
            [
              126.96554725557338,
              37.23346418016556
            ],
            [
              126.96554652542747,
              37.23346349384219
            ],
            [
              126.96554579337587,
              37.23346280881785
            ],
            [
              126.96554505942225,
              37.233462125095954
            ],
            [
              126.96554432357024,
              37.23346144267984
            ],
            [
              126.96554358582347,
              37.23346076157291
            ],
            [
              126.96554284618553,
              37.23346008177852
            ],
            [
              126.96554210466017,
              37.2334594033
            ],
            [
              126.96554136125098,
              37.23345872614073
            ],
            [
              126.96554061596166,
              37.233458050304044
            ],
            [
              126.96553986879584,
              37.23345737579329
            ],
            [
              126.96553911975728,
              37.23345670261179
            ],
            [
              126.96553836884965,
              37.233456030762866
            ],
            [
              126.96553761607665,
              37.23345536024984
            ],
            [
              126.96553686144202,
              37.23345469107601
            ],
            [
              126.96553610494942,
              37.23345402324469
            ],
            [
              126.96553534660266,
              37.23345335675919
            ],
            [
              126.9655345864055,
              37.233452691622794
            ],
            [
              126.96553382436161,
              37.23345202783877
            ],
            [
              126.96553306047485,
              37.233451365410424
            ],
            [
              126.96553229474891,
              37.233450704341024
            ],
            [
              126.96553152718758,
              37.233450044633805
            ],
            [
              126.96553075779468,
              37.233449386292044
            ],
            [
              126.96552998657404,
              37.23344872931899
            ],
            [
              126.96552921352941,
              37.23344807371788
            ],
            [
              126.9655284386646,
              37.233447419491974
            ],
            [
              126.96552766198349,
              37.23344676664449
            ],
            [
              126.96552688348991,
              37.233446115178644
            ],
            [
              126.96552610318766,
              37.233445465097645
            ],
            [
              126.96552532108063,
              37.233444816404734
            ],
            [
              126.96552453717266,
              37.233444169103116
            ],
            [
              126.96552375146764,
              37.23344352319594
            ],
            [
              126.96552296396943,
              37.23344287868643
            ],
            [
              126.96552217468196,
              37.233442235577755
            ],
            [
              126.96552138360906,
              37.23344159387313
            ],
            [
              126.9655205907547,
              37.23344095357567
            ],
            [
              126.96551979612276,
              37.233440314688565
            ],
            [
              126.96551899971715,
              37.23343967721497
            ],
            [
              126.96551820154185,
              37.233439041158015
            ],
            [
              126.96551740160078,
              37.23343840652088
            ],
            [
              126.9655165998979,
              37.233437773306655
            ],
            [
              126.96551579643715,
              37.23343714151849
            ],
            [
              126.96551499122248,
              37.2334365111595
            ],
            [
              126.96551418425791,
              37.23343588223279
            ],
            [
              126.96551337554742,
              37.23343525474148
            ],
            [
              126.96551256509501,
              37.233434628688684
            ],
            [
              126.96551175290462,
              37.23343400407744
            ],
            [
              126.9655109389803,
              37.23343338091088
            ],
            [
              126.96551012332611,
              37.23343275919206
            ],
            [
              126.96550930594601,
              37.23343213892406
            ],
            [
              126.96550848684412,
              37.23343152010994
            ],
            [
              126.96550766602434,
              37.23343090275273
            ],
            [
              126.9655068434909,
              37.233430286855544
            ],
            [
              126.96550601924773,
              37.233429672421366
            ],
            [
              126.96550519329895,
              37.23342905945325
            ],
            [
              126.96550436564866,
              37.23342844795423
            ],
            [
              126.9655035363009,
              37.23342783792729
            ],
            [
              126.96550270525982,
              37.23342722937548
            ],
            [
              126.96550187252947,
              37.2334266223018
            ],
            [
              126.965501038114,
              37.23342601670923
            ],
            [
              126.9655002020175,
              37.233425412600766
            ],
            [
              126.96549936424415,
              37.233424809979425
            ],
            [
              126.96549852479798,
              37.233424208848135
            ],
            [
              126.96549768368325,
              37.2334236092099
            ],
            [
              126.9654968409041,
              37.23342301106766
            ],
            [
              126.96549599646464,
              37.23342241442437
            ],
            [
              126.96549515036905,
              37.23342181928297
            ],
            [
              126.96549430262152,
              37.23342122564642
            ],
            [
              126.96549345322624,
              37.233420633517646
            ],
            [
              126.96549260218742,
              37.23342004289955
            ],
            [
              126.96549174950924,
              37.23341945379511
            ],
            [
              126.96549089519591,
              37.23341886620714
            ],
            [
              126.96549003925168,
              37.23341828013861
            ],
            [
              126.96548918168072,
              37.2334176955924
            ],
            [
              126.96548832248729,
              37.233417112571395
            ],
            [
              126.96548746167566,
              37.233416531078454
            ],
            [
              126.96548659925004,
              37.23341595111649
            ],
            [
              126.96548573521473,
              37.23341537268833
            ],
            [
              126.96548486957396,
              37.23341479579686
            ],
            [
              126.96548400233203,
              37.2334142204449
            ],
            [
              126.96548313349321,
              37.23341364663533
            ],
            [
              126.9654822630618,
              37.233413074370915
            ],
            [
              126.96548139104209,
              37.233412503654556
            ],
            [
              126.9654805174384,
              37.233411934489034
            ],
            [
              126.965479642255,
              37.23341136687715
            ],
            [
              126.96547876549626,
              37.23341080082174
            ],
            [
              126.96547788716651,
              37.23341023632557
            ],
            [
              126.96547700727005,
              37.23340967339144
            ],
            [
              126.96547612581126,
              37.23340911202214
            ],
            [
              126.96547524279447,
              37.23340855222042
            ],
            [
              126.96547435822404,
              37.233407993989054
            ],
            [
              126.96547347210439,
              37.23340743733081
            ],
            [
              126.96547258443982,
              37.23340688224842
            ],
            [
              126.96547169523474,
              37.23340632874462
            ],
            [
              126.96547080449356,
              37.23340577682217
            ],
            [
              126.96546991222068,
              37.23340522648377
            ],
            [
              126.96546901842049,
              37.23340467773216
            ],
            [
              126.9654681230974,
              37.23340413057003
            ],
            [
              126.96546722625584,
              37.23340358500011
            ],
            [
              126.96546632790023,
              37.233403041025056
            ],
            [
              126.96546542803503,
              37.23340249864758
            ],
            [
              126.96546452666463,
              37.233401957870335
            ],
            [
              126.96546362379355,
              37.233401418696026
            ],
            [
              126.96546271942621,
              37.23340088112731
            ],
            [
              126.96546181356709,
              37.23340034516682
            ],
            [
              126.96546090622067,
              37.233399810817204
            ],
            [
              126.96545999739142,
              37.23339927808112
            ],
            [
              126.96545908708379,
              37.2333987469612
            ],
            [
              126.96545817530235,
              37.233398217460014
            ],
            [
              126.96545726205154,
              37.233397689580265
            ],
            [
              126.96545634733587,
              37.23339716332449
            ],
            [
              126.96545543115992,
              37.23339663869531
            ],
            [
              126.96545451352816,
              37.23339611569532
            ],
            [
              126.96545359444514,
              37.23339559432711
            ],
            [
              126.9654526739154,
              37.23339507459323
            ],
            [
              126.96545175194345,
              37.23339455649628
            ],
            [
              126.9654508285339,
              37.23339404003879
            ],
            [
              126.9654499036913,
              37.2333935252233
            ],
            [
              126.96544897742018,
              37.233393012052396
            ],
            [
              126.96544804972513,
              37.23339250052857
            ],
            [
              126.96544712061073,
              37.2333919906544
            ],
            [
              126.96544619008158,
              37.23339148243233
            ],
            [
              126.96544525814228,
              37.23339097586493
            ],
            [
              126.96544432479742,
              37.233390470954674
            ],
            [
              126.9654433900516,
              37.23338996770408
            ],
            [
              126.96544245390946,
              37.23338946611559
            ],
            [
              126.96544151637558,
              37.233388966191704
            ],
            [
              126.96544057745464,
              37.233388467934894
            ],
            [
              126.96543963715128,
              37.23338797134763
            ],
            [
              126.9654386954701,
              37.23338747643237
            ],
            [
              126.96543775241574,
              37.23338698319153
            ],
            [
              126.9654368079929,
              37.23338649162755
            ],
            [
              126.96543586220626,
              37.23338600174287
            ],
            [
              126.96543491506044,
              37.23338551353991
            ],
            [
              126.96543396656016,
              37.233385027021065
            ],
            [
              126.96543301671007,
              37.233384542188745
            ],
            [
              126.96543206551486,
              37.233384059045356
            ],
            [
              126.96543111297925,
              37.23338357759328
            ],
            [
              126.96543015910792,
              37.23338309783488
            ],
            [
              126.96542920390563,
              37.233382619772534
            ],
            [
              126.965428247377,
              37.23338214340861
            ],
            [
              126.96542728952683,
              37.23338166874544
            ],
            [
              126.96542633035989,
              37.23338119578539
            ],
            [
              126.96542536988082,
              37.233380724530804
            ],
            [
              126.96542440809442,
              37.23338025498396
            ],
            [
              126.96542344500541,
              37.23337978714722
            ],
            [
              126.96542248061856,
              37.233379321022895
            ],
            [
              126.96542151493863,
              37.233378856613264
            ],
            [
              126.96542054797041,
              37.23337839392064
            ],
            [
              126.96541957971863,
              37.2333779329473
            ],
            [
              126.96541861018811,
              37.23337747369552
            ],
            [
              126.96541763938362,
              37.233377016167545
            ],
            [
              126.96541666730997,
              37.23337656036567
            ],
            [
              126.96541569397195,
              37.233376106292134
            ],
            [
              126.96541471937435,
              37.23337565394918
            ],
            [
              126.965413743522,
              37.233375203339044
            ],
            [
              126.96541276641973,
              37.23337475446394
            ],
            [
              126.96541178807233,
              37.2333743073261
            ],
            [
              126.96541080848469,
              37.23337386192772
            ],
            [
              126.9654098276616,
              37.23337341827099
            ],
            [
              126.9654088456079,
              37.23337297635813
            ],
            [
              126.96540786232848,
              37.2333725361913
            ],
            [
              126.96540687782814,
              37.233372097772694
            ],
            [
              126.96540589211179,
              37.23337166110445
            ],
            [
              126.96540490518427,
              37.23337122618874
            ],
            [
              126.96540391705048,
              37.233370793027696
            ],
            [
              126.96540292771526,
              37.23337036162348
            ],
            [
              126.96540193718356,
              37.2333699319782
            ],
            [
              126.9654009454602,
              37.233369504094014
            ],
            [
              126.96539995255011,
              37.233369077973
            ],
            [
              126.96539895845818,
              37.23336865361726
            ],
            [
              126.96539796318935,
              37.23336823102893
            ],
            [
              126.9653969667485,
              37.233367810210055
            ],
            [
              126.96539596914056,
              37.23336739116274
            ],
            [
              126.96539497037051,
              37.23336697388901
            ],
            [
              126.96539397044317,
              37.233366558390976
            ],
            [
              126.96539296936356,
              37.23336614467068
            ],
            [
              126.96539196713664,
              37.23336573273014
            ],
            [
              126.96539096376728,
              37.23336532257143
            ],
            [
              126.96538995926053,
              37.23336491419653
            ],
            [
              126.96538895362126,
              37.23336450760749
            ],
            [
              126.96538794685448,
              37.23336410280631
            ],
            [
              126.96538693896515,
              37.233363699794985
            ],
            [
              126.9653859299583,
              37.2333632985755
            ],
            [
              126.96538491983881,
              37.23336289914983
            ],
            [
              126.96538390861176,
              37.233362501519984
            ],
            [
              126.96538289628212,
              37.23336210568788
            ],
            [
              126.96538188285483,
              37.23336171165552
            ],
            [
              126.96538086833498,
              37.2333613194248
            ],
            [
              126.96537985272754,
              37.2333609289977
            ],
            [
              126.9653788360375,
              37.233360540376104
            ],
            [
              126.96537781826996,
              37.233360153561975
            ],
            [
              126.96537679942985,
              37.23335976855719
            ],
            [
              126.96537577952225,
              37.23335938536367
            ],
            [
              126.96537475855222,
              37.23335900398331
            ],
            [
              126.96537373652475,
              37.233358624417974
            ],
            [
              126.9653727134449,
              37.23335824666954
            ],
            [
              126.96537168931778,
              37.233357870739894
            ],
            [
              126.96537066414837,
              37.23335749663087
            ],
            [
              126.96536963794176,
              37.23335712434434
            ],
            [
              126.96536861070304,
              37.233356753882106
            ],
            [
              126.96536758243724,
              37.23335638524604
            ],
            [
              126.9653665531495,
              37.23335601843793
            ],
            [
              126.9653655228448,
              37.23335565345959
            ],
            [
              126.96536449152835,
              37.233355290312836
            ],
            [
              126.96536345920515,
              37.233354928999454
            ],
            [
              126.96536242588037,
              37.233354569521246
            ],
            [
              126.96536139155904,
              37.23335421187995
            ],
            [
              126.96536035624631,
              37.23335385607736
            ],
            [
              126.96535931994732,
              37.23335350211522
            ],
            [
              126.9653582826671,
              37.23335314999528
            ],
            [
              126.96535724441085,
              37.23335279971931
            ],
            [
              126.96535620518368,
              37.233352451288994
            ],
            [
              126.96535516499071,
              37.23335210470607
            ],
            [
              126.96535412383707,
              37.233351759972265
            ],
            [
              126.96535308172795,
              37.23335141708926
            ],
            [
              126.96535203866843,
              37.23335107605874
            ],
            [
              126.9653509946637,
              37.233350736882414
            ],
            [
              126.96534994971888,
              37.23335039956195
            ],
            [
              126.96534890383919,
              37.23335006409901
            ],
            [
              126.96534785702974,
              37.23334973049525
            ],
            [
              126.96534680929571,
              37.233349398752324
            ],
            [
              126.96534576064231,
              37.23334906887185
            ],
            [
              126.96534471107468,
              37.233348740855504
            ],
            [
              126.965343660598,
              37.23334841470486
            ],
            [
              126.96534260921752,
              37.23334809042152
            ],
            [
              126.96534155693834,
              37.23334776800712
            ],
            [
              126.9653405037657,
              37.23334744746325
            ],
            [
              126.96533944970484,
              37.23334712879148
            ],
            [
              126.96533839476088,
              37.23334681199338
            ],
            [
              126.96533733893912,
              37.233346497070535
            ],
            [
              126.96533628224468,
              37.23334618402446
            ],
            [
              126.96533522468285,
              37.23334587285676
            ],
            [
              126.96533416625886,
              37.233345563568925
            ],
            [
              126.9653331069779,
              37.23334525616249
            ],
            [
              126.96533204684518,
              37.23334495063899
            ],
            [
              126.96533098586595,
              37.233344646999896
            ],
            [
              126.9653299240455,
              37.23334434524677
            ],
            [
              126.96532886138903,
              37.233344045381045
            ],
            [
              126.9653277979018,
              37.23334374740423
            ],
            [
              126.96532673358904,
              37.23334345131778
            ],
            [
              126.965325668456,
              37.23334315712319
            ],
            [
              126.96532460250802,
              37.233342864821864
            ],
            [
              126.96532353575026,
              37.23334257441529
            ],
            [
              126.96532246818805,
              37.23334228590488
            ],
            [
              126.96532139982665,
              37.23334199929206
            ],
            [
              126.96532033067133,
              37.23334171457823
            ],
            [
              126.96531926072737,
              37.23334143176484
            ],
            [
              126.96531819000003,
              37.23334115085325
            ],
            [
              126.96531711849467,
              37.23334087184485
            ],
            [
              126.96531604621649,
              37.23334059474102
            ],
            [
              126.96531497317083,
              37.233340319543146
            ],
            [
              126.96531389936301,
              37.23334004625257
            ],
            [
              126.96531282479829,
              37.23333977487066
            ],
            [
              126.96531174948201,
              37.233339505398725
            ],
            [
              126.96531067341945,
              37.233339237838116
            ],
            [
              126.96530959661597,
              37.23333897219015
            ],
            [
              126.96530851907681,
              37.23333870845612
            ],
            [
              126.96530744080738,
              37.233338446637376
            ],
            [
              126.96530636181296,
              37.23333818673519
            ],
            [
              126.96530528209887,
              37.23333792875081
            ],
            [
              126.96530420167045,
              37.233337672685565
            ],
            [
              126.96530312053306,
              37.233337418540685
            ],
            [
              126.965302038692,
              37.23333716631742
            ],
            [
              126.96530095615263,
              37.23333691601703
            ],
            [
              126.96529987292028,
              37.23333666764076
            ],
            [
              126.96529878900033,
              37.23333642118982
            ],
            [
              126.96529770439815,
              37.23333617666543
            ],
            [
              126.965296619119,
              37.233335934068826
            ],
            [
              126.96529553316836,
              37.23333569340114
            ],
            [
              126.96529444655151,
              37.23333545466363
            ],
            [
              126.96529335927383,
              37.23333521785744
            ],
            [
              126.96529227134073,
              37.233334982983735
            ],
            [
              126.96529118275754,
              37.2333347500437
            ],
            [
              126.96529009352965,
              37.23333451903846
            ],
            [
              126.96528900366243,
              37.233334289969164
            ],
            [
              126.96528791316128,
              37.23333406283695
            ],
            [
              126.96528682203159,
              37.23333383764293
            ],
            [
              126.96528573027871,
              37.23333361438823
            ],
            [
              126.96528463790801,
              37.233333393073934
            ],
            [
              126.96528354492501,
              37.233333173701155
            ],
            [
              126.96528245133497,
              37.233332956270964
            ],
            [
              126.96528135714337,
              37.23333274078442
            ],
            [
              126.96528026235559,
              37.233332527242624
            ],
            [
              126.96527916697706,
              37.23333231564661
            ],
            [
              126.96527807101313,
              37.23333210599742
            ],
            [
              126.96527697446925,
              37.23333189829607
            ],
            [
              126.96527587735085,
              37.23333169254364
            ],
            [
              126.96527477966332,
              37.23333148874109
            ],
            [
              126.96527368141209,
              37.23333128688947
            ],
            [
              126.96527258260258,
              37.23333108698976
            ],
            [
              126.96527148324022,
              37.23333088904291
            ],
            [
              126.96527038333043,
              37.23333069304996
            ],
            [
              126.96526928287867,
              37.233330499011835
            ],
            [
              126.96526818189034,
              37.233330306929524
            ],
            [
              126.9652670803709,
              37.23333011680396
            ],
            [
              126.96526597832576,
              37.23332992863607
            ],
            [
              126.96526487576043,
              37.23332974242678
            ],
            [
              126.96526377268027,
              37.23332955817704
            ],
            [
              126.9652626690908,
              37.23332937588775
            ],
            [
              126.9652615649974,
              37.233329195559804
            ],
            [
              126.96526046040557,
              37.233329017194094
            ],
            [
              126.96525935532075,
              37.233328840791486
            ],
            [
              126.96525824974842,
              37.233328666352875
            ],
            [
              126.96525714369396,
              37.233328493879114
            ],
            [
              126.96525603716296,
              37.23332832337104
            ],
            [
              126.9652549301608,
              37.23332815482952
            ],
            [
              126.96525382269293,
              37.233327988255375
            ],
            [
              126.96525271476486,
              37.23332782364941
            ],
            [
              126.96525160638205,
              37.23332766101248
            ],
            [
              126.96525049754999,
              37.23332750034533
            ],
            [
              126.96524938827413,
              37.2333273416488
            ],
            [
              126.96524827855995,
              37.23332718492367
            ],
            [
              126.96524716841299,
              37.23332703017069
            ],
            [
              126.96524605783861,
              37.233326877390645
            ],
            [
              126.96524494684242,
              37.233326726584274
            ],
            [
              126.96524383542982,
              37.233326577752344
            ],
            [
              126.96524272360632,
              37.233326430895566
            ],
            [
              126.96524161137742,
              37.23332628601468
            ],
            [
              126.96524049874863,
              37.23332614311041
            ],
            [
              126.96523938572543,
              37.23332600218341
            ],
            [
              126.9652382723133,
              37.23332586323446
            ],
            [
              126.96523715851777,
              37.23332572626416
            ],
            [
              126.96523604434432,
              37.23332559127324
            ],
            [
              126.96523492979841,
              37.23332545826237
            ],
            [
              126.96523381488564,
              37.23332532723216
            ],
            [
              126.96523269961143,
              37.23332519818331
            ],
            [
              126.96523158398135,
              37.233325071116425
            ],
            [
              126.96523046800084,
              37.233324946032134
            ],
            [
              126.96522935167549,
              37.23332482293109
            ],
            [
              126.96522823501076,
              37.23332470181386
            ],
            [
              126.96522711801217,
              37.23332458268105
            ],
            [
              126.96522600068523,
              37.23332446553326
            ],
            [
              126.9652248830355,
              37.233324350371035
            ],
            [
              126.96522376506844,
              37.233324237195006
            ],
            [
              126.96522264678961,
              37.233324126005684
            ],
            [
              126.96522152820457,
              37.233324016803635
            ],
            [
              126.96522040931873,
              37.23332390958938
            ],
            [
              126.96521929013772,
              37.233323804363486
            ],
            [
              126.965218170667,
              37.23332370112643
            ],
            [
              126.96521705091214,
              37.23332359987875
            ],
            [
              126.96521593087867,
              37.23332350062095
            ],
            [
              126.96521481057209,
              37.233323403353474
            ],
            [
              126.96521368999797,
              37.233323308076855
            ],
            [
              126.9652125691618,
              37.233323214791554
            ],
            [
              126.96521144806916,
              37.233323123498
            ],
            [
              126.96521032672554,
              37.23332303419668
            ],
            [
              126.96520920513652,
              37.23332294688802
            ],
            [
              126.9652080833076,
              37.233322861572454
            ],
            [
              126.9652069612444,
              37.23332277825039
            ],
            [
              126.96520583895233,
              37.23332269692226
            ],
            [
              126.96520471643703,
              37.233322617588456
            ],
            [
              126.96520359370402,
              37.23332254024937
            ],
            [
              126.96520247075884,
              37.23332246490537
            ],
            [
              126.96520134760704,
              37.23332239155687
            ],
            [
              126.96520022425416,
              37.23332232020417
            ],
            [
              126.96519910070572,
              37.233322250847685
            ],
            [
              126.96519797696735,
              37.23332218348771
            ],
            [
              126.96519685304452,
              37.233322118124605
            ],
            [
              126.9651957289428,
              37.23332205475868
            ],
            [
              126.96519460466776,
              37.23332199339026
            ],
            [
              126.96519348022494,
              37.233321934019635
            ],
            [
              126.96519235561989,
              37.23332187664709
            ],
            [
              126.96519123085815,
              37.23332182127295
            ],
            [
              126.96519010594533,
              37.23332176789744
            ],
            [
              126.96518898088692,
              37.23332171652085
            ],
            [
              126.96518785568848,
              37.23332166714343
            ],
            [
              126.96518673035564,
              37.23332161976542
            ],
            [
              126.96518560489388,
              37.233321574387055
            ],
            [
              126.96518447930877,
              37.23332153100856
            ],
            [
              126.96518335360591,
              37.23332148963014
            ],
            [
              126.96518222779082,
              37.23332145025202
            ],
            [
              126.96518110186909,
              37.233321412874375
            ],
            [
              126.9651799758462,
              37.2333213774974
            ],
            [
              126.9651788497278,
              37.233321344121265
            ],
            [
              126.96517772351943,
              37.233321312746135
            ],
            [
              126.96517659722664,
              37.23332128337216
            ],
            [
              126.96517547085499,
              37.233321255999506
            ],
            [
              126.96517434441004,
              37.23332123062829
            ],
            [
              126.96517321789737,
              37.23332120725863
            ],
            [
              126.96517209132256,
              37.233321185890674
            ],
            [
              126.96517096469108,
              37.23332116652447
            ],
            [
              126.96516983800862,
              37.233321149160204
            ],
            [
              126.96516871128064,
              37.23332113379785
            ],
            [
              126.96516758451278,
              37.23332112043757
            ],
            [
              126.96516645771058,
              37.233321109079405
            ],
            [
              126.96516533087954,
              37.23332109972341
            ],
            [
              126.96516420402533,
              37.23332109236961
            ],
            [
              126.96516307715343,
              37.23332108701807
            ],
            [
              126.96516195026948,
              37.23332108366879
            ],
            [
              126.96516082337898,
              37.233321082321815
            ],
            [
              126.96380977329916,
              37.23332066000169
            ],
            [
              126.96380995225368,
              37.23332114767441
            ],
            [
              126.96381026982733,
              37.233322012194044
            ],
            [
              126.96381058779271,
              37.23332287662163
            ],
            [
              126.96381090614975,
              37.233323740957026
            ],
            [
              126.96381122489844,
              37.23332460520016
            ],
            [
              126.96381154403873,
              37.23332546935088
            ],
            [
              126.96381186357061,
              37.233326333409074
            ],
            [
              126.96381218349401,
              37.23332719737466
            ],
            [
              126.9638125038089,
              37.2333280612475
            ],
            [
              126.96381282451519,
              37.23332892502749
            ],
            [
              126.96381314561292,
              37.2333297887145
            ],
            [
              126.96381346710196,
              37.23333065230845
            ],
            [
              126.96381378898234,
              37.23333151580921
            ],
            [
              126.96381411125401,
              37.23333237921665
            ],
            [
              126.96381443391685,
              37.233333242530676
            ],
            [
              126.96381475697093,
              37.233334105751155
            ],
            [
              126.96381508041614,
              37.23333496887799
            ],
            [
              126.96381540425243,
              37.23333583191107
            ],
            [
              126.9638157284798,
              37.23333669485028
            ],
            [
              126.96381605309818,
              37.233337557695485
            ],
            [
              126.96381637810751,
              37.2333384204466
            ],
            [
              126.96381670350782,
              37.23333928310351
            ],
            [
              126.96381702929898,
              37.23334014566606
            ],
            [
              126.963817355481,
              37.233341008134204
            ],
            [
              126.96381768205379,
              37.233341870507786
            ],
            [
              126.96381800901737,
              37.2333427327867
            ],
            [
              126.96381833637167,
              37.23334359497083
            ],
            [
              126.96381866411663,
              37.23334445706008
            ],
            [
              126.96381899225223,
              37.23334531905431
            ],
            [
              126.96381932077841,
              37.23334618095343
            ],
            [
              126.96381964969514,
              37.23334704275731
            ],
            [
              126.96381997900237,
              37.233347904465866
            ],
            [
              126.96382030870004,
              37.233348766078926
            ],
            [
              126.96382063878815,
              37.233349627596446
            ],
            [
              126.96382096926662,
              37.233350489018264
            ],
            [
              126.96382130013542,
              37.233351350344286
            ],
            [
              126.96382163139451,
              37.23335221157441
            ],
            [
              126.96382196304383,
              37.23335307270848
            ],
            [
              126.96382229508336,
              37.23335393374642
            ],
            [
              126.96382262751304,
              37.23335479468814
            ],
            [
              126.9638229603328,
              37.23335565553347
            ],
            [
              126.96382329354265,
              37.23335651628234
            ],
            [
              126.96382362714253,
              37.23335737693461
            ],
            [
              126.96382396113239,
              37.23335823749018
            ],
            [
              126.96382429551218,
              37.233359097948956
            ],
            [
              126.96382463028186,
              37.23335995831077
            ],
            [
              126.96382496544139,
              37.233360818575555
            ],
            [
              126.96382530099072,
              37.233361678743194
            ],
            [
              126.96382563692981,
              37.23336253881356
            ],
            [
              126.96382597325861,
              37.23336339878654
            ],
            [
              126.9638263099771,
              37.23336425866203
            ],
            [
              126.9638266470852,
              37.23336511843991
            ],
            [
              126.9638269845829,
              37.23336597812007
            ],
            [
              126.96382732247011,
              37.233366837702405
            ],
            [
              126.96382766074683,
              37.23336769718679
            ],
            [
              126.96382799941298,
              37.23336855657313
            ],
            [
              126.96382833846859,
              37.233369415861304
            ],
            [
              126.96382867791348,
              37.23337027505118
            ],
            [
              126.96382901774777,
              37.23337113414267
            ],
            [
              126.96382935797126,
              37.233371993135634
            ],
            [
              126.96382969858402,
              37.23337285203
            ],
            [
              126.96383003958594,
              37.233373710825624
            ],
            [
              126.96383038097702,
              37.233374569522404
            ],
            [
              126.96383072275718,
              37.23337542812022
            ],
            [
              126.9638310649264,
              37.233376286618956
            ],
            [
              126.9638314074846,
              37.23337714501853
            ],
            [
              126.96383175043178,
              37.23337800331878
            ],
            [
              126.96383209376785,
              37.233378861519626
            ],
            [
              126.96383243749281,
              37.23337971962097
            ],
            [
              126.96383278160658,
              37.233380577622675
            ],
            [
              126.96383312610915,
              37.2333814355246
            ],
            [
              126.96383347100041,
              37.2333822933267
            ],
            [
              126.96383381628038,
              37.233383151028804
            ],
            [
              126.963834161949,
              37.23338400863084
            ],
            [
              126.9638345080062,
              37.23338486613267
            ],
            [
              126.96383485445196,
              37.23338572353418
            ],
            [
              126.96383520128623,
              37.23338658083528
            ],
            [
              126.96383554850894,
              37.23338743803583
            ],
            [
              126.9638358961201,
              37.23338829513573
            ],
            [
              126.9638362441196,
              37.23338915213488
            ],
            [
              126.96383659250743,
              37.23339000903315
            ],
            [
              126.96383694128355,
              37.233390865830444
            ],
            [
              126.96383729044787,
              37.23339172252664
            ],
            [
              126.96383764000039,
              37.23339257912161
            ],
            [
              126.96383798994108,
              37.23339343561525
            ],
            [
              126.96383834026983,
              37.233394292007496
            ],
            [
              126.96383869098665,
              37.23339514829815
            ],
            [
              126.96383904209144,
              37.233396004487155
            ],
            [
              126.96383939358424,
              37.2333968605744
            ],
            [
              126.9638397454649,
              37.23339771655974
            ],
            [
              126.96384009773341,
              37.23339857244309
            ],
            [
              126.96384045038981,
              37.23339942822434
            ],
            [
              126.9638408034339,
              37.233400283903364
            ],
            [
              126.96384115686578,
              37.23340113948002
            ],
            [
              126.96384151068531,
              37.23340199495427
            ],
            [
              126.96384186489247,
              37.233402850325945
            ],
            [
              126.96384221948722,
              37.23340370559495
            ],
            [
              126.96384257446951,
              37.23340456076117
            ],
            [
              126.9638429298393,
              37.23340541582451
            ],
            [
              126.96384328559652,
              37.23340627078482
            ],
            [
              126.96384364174115,
              37.23340712564202
            ],
            [
              126.96384399827313,
              37.23340798039599
            ],
            [
              126.96384435519239,
              37.23340883504659
            ],
            [
              126.96384471249893,
              37.23340968959373
            ],
            [
              126.96384507019268,
              37.233410544037326
            ],
            [
              126.96384542827363,
              37.233411398377235
            ],
            [
              126.96384578674166,
              37.23341225261335
            ],
            [
              126.96384614559675,
              37.23341310674555
            ],
            [
              126.9638465048389,
              37.233413960773746
            ],
            [
              126.963846864468,
              37.23341481469778
            ],
            [
              126.96384722448401,
              37.23341566851761
            ],
            [
              126.96384758488695,
              37.233416522233064
            ],
            [
              126.9638479456767,
              37.233417375844056
            ],
            [
              126.96384830685324,
              37.23341822935046
            ],
            [
              126.9638486684165,
              37.233419082752185
            ],
            [
              126.96384903036648,
              37.23341993604912
            ],
            [
              126.96384939270311,
              37.233420789241116
            ],
            [
              126.96384975542634,
              37.23342164232809
            ],
            [
              126.96385011853609,
              37.233422495309924
            ],
            [
              126.96385048203234,
              37.23342334818652
            ],
            [
              126.96385084591508,
              37.23342420095773
            ],
            [
              126.96385121018422,
              37.23342505362348
            ],
            [
              126.9638515748397,
              37.233425906183655
            ],
            [
              126.9638519398815,
              37.2334267586381
            ],
            [
              126.96385230530957,
              37.23342761098677
            ],
            [
              126.96385267112383,
              37.233428463229494
            ],
            [
              126.96385303732427,
              37.23342931536619
            ],
            [
              126.96385340391086,
              37.23343016739674
            ],
            [
              126.96385377088346,
              37.23343101932103
            ],
            [
              126.96385413824214,
              37.23343187113895
            ],
            [
              126.96385450598677,
              37.233432722850395
            ],
            [
              126.96385487411733,
              37.233433574455226
            ],
            [
              126.96385524263377,
              37.23343442595338
            ],
            [
              126.96385561153606,
              37.2334352773447
            ],
            [
              126.96385598082408,
              37.23343612862908
            ],
            [
              126.96385635049786,
              37.23343697980645
            ],
            [
              126.96385672055733,
              37.23343783087665
            ],
            [
              126.96385709100241,
              37.23343868183959
            ],
            [
              126.9638574618331,
              37.23343953269515
            ],
            [
              126.96385783304936,
              37.233440383443224
            ],
            [
              126.96385820465106,
              37.233441234083685
            ],
            [
              126.9638585766382,
              37.233442084616456
            ],
            [
              126.96385894901078,
              37.2334429350414
            ],
            [
              126.96385932176867,
              37.23344378535841
            ],
            [
              126.96385969491187,
              37.233444635567366
            ],
            [
              126.96386006844028,
              37.23344548566818
            ],
            [
              126.96386044235389,
              37.233446335660695
            ],
            [
              126.9638608166527,
              37.23344718554484
            ],
            [
              126.96386119133656,
              37.23344803532052
            ],
            [
              126.96386156640551,
              37.23344888498757
            ],
            [
              126.9638619418594,
              37.23344973454593
            ],
            [
              126.9638623176983,
              37.233450583995435
            ],
            [
              126.96386269392207,
              37.233451433336
            ],
            [
              126.9638630705307,
              37.233452282567534
            ],
            [
              126.96386344752412,
              37.23345313168989
            ],
            [
              126.9638638249023,
              37.233453980703
            ],
            [
              126.96386420266518,
              37.2334548296067
            ],
            [
              126.96386458081273,
              37.23345567840092
            ],
            [
              126.96386495934486,
              37.23345652708551
            ],
            [
              126.96386533826157,
              37.2334573756604
            ],
            [
              126.96386571756275,
              37.23345822412546
            ],
            [
              126.96386609724844,
              37.23345907248057
            ],
            [
              126.9638664773185,
              37.23345992072563
            ],
            [
              126.96386685777291,
              37.23346076886054
            ],
            [
              126.96386723861161,
              37.23346161688516
            ],
            [
              126.9638676198346,
              37.23346246479939
            ],
            [
              126.9638680014418,
              37.233463312603135
            ],
            [
              126.96386838343311,
              37.23346416029626
            ],
            [
              126.96386876580856,
              37.23346500787865
            ],
            [
              126.96386914856808,
              37.23346585535023
            ],
            [
              126.96386953171157,
              37.23346670271087
            ],
            [
              126.96386991523906,
              37.233467549960444
            ],
            [
              126.9638702991504,
              37.23346839709886
            ],
            [
              126.96387068344563,
              37.233469244125985
            ],
            [
              126.96387106812463,
              37.23347009104173
            ],
            [
              126.96387145318742,
              37.23347093784598
            ],
            [
              126.96387183863388,
              37.23347178453861
            ],
            [
              126.96387222446401,
              37.233472631119525
            ],
            [
              126.96387261067773,
              37.233473477588596
            ],
            [
              126.96387299727502,
              37.23347432394574
            ],
            [
              126.9638733842558,
              37.233475170190836
            ],
            [
              126.96387377162003,
              37.23347601632376
            ],
            [
              126.96387415936763,
              37.233476862344396
            ],
            [
              126.96387454749862,
              37.23347770825264
            ],
            [
              126.96387493601286,
              37.23347855404841
            ],
            [
              126.9638753249104,
              37.23347939973154
            ],
            [
              126.96387571419108,
              37.23348024530196
            ],
            [
              126.96387610385493,
              37.23348109075955
            ],
            [
              126.96387649390189,
              37.2334819361042
            ],
            [
              126.96387688433185,
              37.23348278133579
            ],
            [
              126.96387727514482,
              37.23348362645423
            ],
            [
              126.96387766634074,
              37.23348447145937
            ],
            [
              126.96387805791956,
              37.23348531635113
            ],
            [
              126.96387844988116,
              37.23348616112939
            ],
            [
              126.96387884222557,
              37.23348700579406
            ],
            [
              126.96387923495273,
              37.23348785034497
            ],
            [
              126.96387962806257,
              37.23348869478209
            ],
            [
              126.96388002155501,
              37.23348953910524
            ],
            [
              126.96388041543004,
              37.23349038331436
            ],
            [
              126.96388080968764,
              37.233491227409324
            ],
            [
              126.96388120432763,
              37.23349207138999
            ],
            [
              126.9638815993501,
              37.23349291525628
            ],
            [
              126.96388199475493,
              37.23349375900807
            ],
            [
              126.96388239054207,
              37.23349460264526
            ],
            [
              126.9638827867115,
              37.2334954461677
            ],
            [
              126.9638831832631,
              37.23349628957537
            ],
            [
              126.9638835801969,
              37.23349713286806
            ],
            [
              126.96388397751282,
              37.233497976045726
            ],
            [
              126.96388437521078,
              37.23349881910821
            ],
            [
              126.96388477329076,
              37.23349966205544
            ],
            [
              126.96388517175266,
              37.23350050488729
            ],
            [
              126.96388557059647,
              37.23350134760363
            ],
            [
              126.96388596982214,
              37.23350219020438
            ],
            [
              126.9638863694296,
              37.23350303268942
            ],
            [
              126.9638867694188,
              37.233503875058624
            ],
            [
              126.9638871697897,
              37.23350471731188
            ],
            [
              126.9638875705423,
              37.233505559449114
            ],
            [
              126.9638879716764,
              37.2335064014702
            ],
            [
              126.96388837319206,
              37.23350724337502
            ],
            [
              126.96388877508922,
              37.23350808516345
            ],
            [
              126.96388917736778,
              37.233508926835384
            ],
            [
              126.96388958002775,
              37.23350976839074
            ],
            [
              126.96388998306902,
              37.23351060982938
            ],
            [
              126.96389038649157,
              37.23351145115121
            ],
            [
              126.96389079029532,
              37.233512292356096
            ],
            [
              126.96389119448024,
              37.23351313344394
            ],
            [
              126.96389159904629,
              37.23351397441465
            ],
            [
              126.96389200399337,
              37.23351481526809
            ],
            [
              126.96389240932145,
              37.23351565600415
            ],
            [
              126.9638928150305,
              37.23351649662275
            ],
            [
              126.96389322112047,
              37.23351733712374
            ],
            [
              126.96389362759129,
              37.23351817750704
            ],
            [
              126.96389403444286,
              37.23351901777253
            ],
            [
              126.96389444167518,
              37.233519857920086
            ],
            [
              126.9638948492882,
              37.233520697949615
            ],
            [
              126.96389525728183,
              37.233521537861
            ],
            [
              126.96389566565607,
              37.23352237765414
            ],
            [
              126.96389607441081,
              37.233523217328916
            ],
            [
              126.96389648354601,
              37.23352405688522
            ],
            [
              126.96389689306164,
              37.23352489632293
            ],
            [
              126.96389730295766,
              37.23352573564194
            ],
            [
              126.96389771323395,
              37.233526574842166
            ],
            [
              126.9638981238905,
              37.23352741392346
            ],
            [
              126.96389853492727,
              37.23352825288573
            ],
            [
              126.96389894634419,
              37.233529091728876
            ],
            [
              126.96389935814118,
              37.23352993045277
            ],
            [
              126.96389977031822,
              37.23353076905731
            ],
            [
              126.96390018287525,
              37.23353160754238
            ],
            [
              126.96390059581223,
              37.23353244590788
            ],
            [
              126.96390100912905,
              37.2335332841537
            ],
            [
              126.96390142282571,
              37.233534122279714
            ],
            [
              126.96390183690215,
              37.233534960285844
            ],
            [
              126.96390225135829,
              37.23353579817193
            ],
            [
              126.9639026661941,
              37.23353663593791
            ],
            [
              126.96390308140951,
              37.23353747358366
            ],
            [
              126.96390349700447,
              37.23353831110905
            ],
            [
              126.9639039129789,
              37.23353914851399
            ],
            [
              126.9639043293328,
              37.23353998579835
            ],
            [
              126.96390474606613,
              37.23354082296205
            ],
            [
              126.96390516317875,
              37.23354166000497
            ],
            [
              126.96390558067063,
              37.233542496926994
            ],
            [
              126.96390599854175,
              37.23354333372801
            ],
            [
              126.96390641679201,
              37.2335441704079
            ],
            [
              126.96390683542143,
              37.23354500696657
            ],
            [
              126.96390725442988,
              37.23354584340392
            ],
            [
              126.96390767381735,
              37.23354667971981
            ],
            [
              126.96390809358377,
              37.233547515914154
            ],
            [
              126.9639085137291,
              37.23354835198684
            ],
            [
              126.96390893425323,
              37.23354918793775
            ],
            [
              126.96390935515616,
              37.23355002376675
            ],
            [
              126.96390977643777,
              37.23355085947379
            ],
            [
              126.96391019809813,
              37.23355169505872
            ],
            [
              126.96391062013707,
              37.233552530521436
            ],
            [
              126.96391104255456,
              37.23355336586183
            ],
            [
              126.96391146535058,
              37.23355420107979
            ],
            [
              126.96391188852503,
              37.23355503617522
            ],
            [
              126.9639123120779,
              37.233555871147985
            ],
            [
              126.96391273600909,
              37.23355670599799
            ],
            [
              126.96391316031855,
              37.23355754072512
            ],
            [
              126.96391358500625,
              37.23355837532929
            ],
            [
              126.96391401007214,
              37.233559209810366
            ],
            [
              126.96391443551614,
              37.233560044168236
            ],
            [
              126.9639148613382,
              37.23356087840279
            ],
            [
              126.96391528753827,
              37.23356171251394
            ],
            [
              126.96391571411628,
              37.23356254650156
            ],
            [
              126.9639161410722,
              37.23356338036555
            ],
            [
              126.96391656840593,
              37.233564214105776
            ],
            [
              126.96391699611745,
              37.23356504772216
            ],
            [
              126.96391742420671,
              37.23356588121457
            ],
            [
              126.96391785267365,
              37.23356671458291
            ],
            [
              126.96391828151813,
              37.233567547827064
            ],
            [
              126.96391871074022,
              37.23356838094693
            ],
            [
              126.9639191403398,
              37.23356921394238
            ],
            [
              126.96391957031685,
              37.23357004681334
            ],
            [
              126.96392000067125,
              37.233570879559664
            ],
            [
              126.963920431403,
              37.23357171218126
            ],
            [
              126.963920862512,
              37.233572544678005
            ],
            [
              126.96392129399825,
              37.23357337704982
            ],
            [
              126.96392172586164,
              37.23357420929657
            ],
            [
              126.96392215810215,
              37.23357504141815
            ],
            [
              126.96392259071969,
              37.23357587341444
            ],
            [
              126.96392302371424,
              37.233576705285344
            ],
            [
              126.96392345708571,
              37.23357753703078
            ],
            [
              126.96392389083407,
              37.2335783686506
            ],
            [
              126.96392432495924,
              37.233579200144696
            ],
            [
              126.96392475946115,
              37.233580031512986
            ],
            [
              126.9639251943398,
              37.23358086275532
            ],
            [
              126.96392562959508,
              37.23358169387164
            ],
            [
              126.96392606522693,
              37.23358252486178
            ],
            [
              126.96392650123539,
              37.23358335572567
            ],
            [
              126.96392693762023,
              37.233584186463204
            ],
            [
              126.96392737438156,
              37.23358501707425
            ],
            [
              126.96392781151924,
              37.23358584755871
            ],
            [
              126.9639282490332,
              37.23358667791648
            ],
            [
              126.96392868692342,
              37.23358750814744
            ],
            [
              126.96392912518985,
              37.23358833825148
            ],
            [
              126.96392956383241,
              37.233589168228505
            ],
            [
              126.96393000285103,
              37.233589998078415
            ],
            [
              126.96393044224568,
              37.23359082780106
            ],
            [
              126.96393088201627,
              37.23359165739636
            ],
            [
              126.96393132216278,
              37.233592486864204
            ],
            [
              126.96393176268512,
              37.233593316204484
            ],
            [
              126.96393220358323,
              37.23359414541709
            ],
            [
              126.96393264485712,
              37.2335949745019
            ],
            [
              126.96393308650663,
              37.233595803458805
            ],
            [
              126.96393352853177,
              37.233596632287735
            ],
            [
              126.96393397093247,
              37.23359746098854
            ],
            [
              126.96393441370869,
              37.23359828956113
            ],
            [
              126.96393485686033,
              37.23359911800539
            ],
            [
              126.96393530038733,
              37.23359994632121
            ],
            [
              126.96393574428967,
              37.23360077450849
            ],
            [
              126.96393618856729,
              37.2336016025671
            ],
            [
              126.9639366332201,
              37.233602430496965
            ],
            [
              126.96393707824804,
              37.23360325829793
            ],
            [
              126.96393752365108,
              37.233604085969915
            ],
            [
              126.96393796942915,
              37.233604913512835
            ],
            [
              126.96393841558223,
              37.233605740926556
            ],
            [
              126.96393886211017,
              37.23360656821096
            ],
            [
              126.96393930901299,
              37.233607395365944
            ],
            [
              126.9639397562906,
              37.2336082223914
            ],
            [
              126.96394020394294,
              37.23360904928723
            ],
            [
              126.96394065196996,
              37.23360987605332
            ],
            [
              126.96394110037161,
              37.23361070268955
            ],
            [
              126.96394154914786,
              37.233611529195834
            ],
            [
              126.96394199829854,
              37.233612355572056
            ],
            [
              126.96394244782371,
              37.23361318181809
            ],
            [
              126.96394289772324,
              37.23361400793385
            ],
            [
              126.96394334799709,
              37.23361483391919
            ],
            [
              126.96394379864526,
              37.23361565977406
            ],
            [
              126.96394424966758,
              37.23361648549831
            ],
            [
              126.96394470106407,
              37.233617311091834
            ],
            [
              126.96394515283463,
              37.23361813655453
            ],
            [
              126.9639456049792,
              37.233618961886314
            ],
            [
              126.96394605749778,
              37.23361978708705
            ],
            [
              126.96394651039027,
              37.23362061215663
            ],
            [
              126.96394696365661,
              37.23362143709494
            ],
            [
              126.96394741729674,
              37.23362226190188
            ],
            [
              126.9639478713106,
              37.233623086577346
            ],
            [
              126.96394832569814,
              37.23362391112124
            ],
            [
              126.96394878045928,
              37.23362473553343
            ],
            [
              126.96394923559394,
              37.23362555981382
            ],
            [
              126.96394969110214,
              37.2336263839623
            ],
            [
              126.96395014698378,
              37.233627207978785
            ],
            [
              126.96395060323877,
              37.23362803186312
            ],
            [
              126.96395105986706,
              37.23362885561522
            ],
            [
              126.96395151686862,
              37.23362967923499
            ],
            [
              126.96395197424337,
              37.23363050272231
            ],
            [
              126.96395243199127,
              37.23363132607706
            ],
            [
              126.96395289011224,
              37.23363214929916
            ],
            [
              126.96395334860622,
              37.23363297238847
            ],
            [
              126.96395380747316,
              37.233633795344915
            ],
            [
              126.96395426671297,
              37.23363461816835
            ],
            [
              126.96395472632564,
              37.23363544085869
            ],
            [
              126.96395518631104,
              37.233636263415846
            ],
            [
              126.96395564666919,
              37.23363708583967
            ],
            [
              126.9639561074,
              37.23363790813006
            ],
            [
              126.96395656850339,
              37.23363873028694
            ],
            [
              126.96395702997928,
              37.23363955231019
            ],
            [
              126.96395749182768,
              37.23364037419966
            ],
            [
              126.96395795404848,
              37.2336411959553
            ],
            [
              126.96395841664162,
              37.23364201757697
            ],
            [
              126.96395887960708,
              37.23364283906457
            ],
            [
              126.9639593429447,
              37.233643660418
            ],
            [
              126.96395980665454,
              37.23364448163714
            ],
            [
              126.96396027073645,
              37.233645302721875
            ],
            [
              126.96396073519045,
              37.23364612367212
            ],
            [
              126.96396120001639,
              37.23364694448778
            ],
            [
              126.96396166521428,
              37.233647765168676
            ],
            [
              126.96396213078404,
              37.233648585714775
            ],
            [
              126.96396259672558,
              37.233649406125934
            ],
            [
              126.96396306303886,
              37.233650226402055
            ],
            [
              126.96396352972384,
              37.23365104654305
            ],
            [
              126.96396399678041,
              37.23365186654877
            ],
            [
              126.96396446420856,
              37.23365268641913
            ],
            [
              126.96396493200815,
              37.23365350615401
            ],
            [
              126.96396540017925,
              37.23365432575332
            ],
            [
              126.96396586872169,
              37.23365514521695
            ],
            [
              126.96396633763541,
              37.23365596454477
            ],
            [
              126.96396680692044,
              37.23365678373671
            ],
            [
              126.96396727657661,
              37.23365760279262
            ],
            [
              126.96396774660388,
              37.23365842171244
            ],
            [
              126.96396821700228,
              37.23365924049602
            ],
            [
              126.96396868777165,
              37.23366005914328
            ],
            [
              126.96396915891198,
              37.23366087765409
            ],
            [
              126.96396963042315,
              37.233661696028356
            ],
            [
              126.96397010230518,
              37.23366251426597
            ],
            [
              126.96397057455793,
              37.23366333236684
            ],
            [
              126.96397104718139,
              37.233664150330824
            ],
            [
              126.96397152017546,
              37.233664968157825
            ],
            [
              126.96397199354014,
              37.23366578584775
            ],
            [
              126.96397246727528,
              37.23366660340051
            ],
            [
              126.96397294138087,
              37.23366742081593
            ],
            [
              126.96397341585687,
              37.23366823809396
            ],
            [
              126.96397389070317,
              37.23366905523449
            ],
            [
              126.96397436591971,
              37.2336698722374
            ],
            [
              126.96397484150648,
              37.23367068910258
            ],
            [
              126.96397531746338,
              37.233671505829925
            ],
            [
              126.96397579379033,
              37.23367232241934
            ],
            [
              126.96397627048731,
              37.233673138870685
            ],
            [
              126.9639767475542,
              37.23367395518388
            ],
            [
              126.963977224991,
              37.23367477135883
            ],
            [
              126.96397770279759,
              37.23367558739538
            ],
            [
              126.963978180974,
              37.23367640329349
            ],
            [
              126.96397865952004,
              37.233677219052986
            ],
            [
              126.96397913843575,
              37.2336780346738
            ],
            [
              126.963979617721,
              37.23367885015583
            ],
            [
              126.9639800973758,
              37.23367966549894
            ],
            [
              126.96398057739998,
              37.23368048070304
            ],
            [
              126.96398105779359,
              37.23368129576803
            ],
            [
              126.96398153855647,
              37.23368211069379
            ],
            [
              126.96398201968866,
              37.233682925480196
            ],
            [
              126.96398250118999,
              37.23368374012718
            ],
            [
              126.96398298306046,
              37.233684554634614
            ],
            [
              126.9639834653,
              37.2336853690024
            ],
            [
              126.96398394790853,
              37.23368618323042
            ],
            [
              126.96398443088604,
              37.23368699731857
            ],
            [
              126.96398491423237,
              37.23368781126676
            ],
            [
              126.96398539794751,
              37.23368862507484
            ],
            [
              126.96398588203145,
              37.23368943874274
            ],
            [
              126.96398636648405,
              37.233690252270364
            ],
            [
              126.96398685130525,
              37.23369106565759
            ],
            [
              126.96398733649501,
              37.233691878904274
            ],
            [
              126.96398782205327,
              37.233692692010365
            ],
            [
              126.96398830797996,
              37.23369350497572
            ],
            [
              126.96398879427502,
              37.233694317800264
            ],
            [
              126.96398928093838,
              37.233695130483866
            ],
            [
              126.96398976796998,
              37.23369594302642
            ],
            [
              126.96399025536972,
              37.23369675542782
            ],
            [
              126.96399074313761,
              37.23369756768798
            ],
            [
              126.96399123127352,
              37.23369837980676
            ],
            [
              126.96399171977745,
              37.23369919178408
            ],
            [
              126.96399220864927,
              37.23370000361983
            ],
            [
              126.96399269788894,
              37.23370081531389
            ],
            [
              126.9639931874964,
              37.23370162686617
            ],
            [
              126.96399367747156,
              37.23370243827654
            ],
            [
              126.96399416781442,
              37.23370324954492
            ],
            [
              126.96399465852485,
              37.23370406067119
            ],
            [
              126.96399514960282,
              37.23370487165524
            ],
            [
              126.96399564104826,
              37.233705682496975
            ],
            [
              126.96399613286107,
              37.23370649319629
            ],
            [
              126.96399662504128,
              37.23370730375304
            ],
            [
              126.96399711758872,
              37.233708114167186
            ],
            [
              126.9639976105034,
              37.23370892443857
            ],
            [
              126.96399810378519,
              37.23370973456709
            ],
            [
              126.96399859743407,
              37.233710544552665
            ],
            [
              126.96399909144995,
              37.23371135439516
            ],
            [
              126.96399958583281,
              37.23371216409449
            ],
            [
              126.96400008058254,
              37.233712973650555
            ],
            [
              126.96400057569907,
              37.233713783063216
            ],
            [
              126.9640010711824,
              37.23371459233239
            ],
            [
              126.96400156703238,
              37.23371540145797
            ],
            [
              126.96400206324901,
              37.23371621043984
            ],
            [
              126.9640025598322,
              37.23371701927791
            ],
            [
              126.96400305678185,
              37.23371782797205
            ],
            [
              126.96400355409796,
              37.233718636522184
            ],
            [
              126.96400405178042,
              37.233719444928184
            ],
            [
              126.9640045498292,
              37.23372025318994
            ],
            [
              126.96400504824418,
              37.233721061307364
            ],
            [
              126.96400554702532,
              37.23372186928036
            ],
            [
              126.96400604617263,
              37.23372267710878
            ],
            [
              126.96400654568589,
              37.233723484792534
            ],
            [
              126.9640070455652,
              37.233724292331544
            ],
            [
              126.96400754581035,
              37.23372509972567
            ],
            [
              126.9640080464214,
              37.23372590697483
            ],
            [
              126.96400854739815,
              37.2337267140789
            ],
            [
              126.96400904874066,
              37.233727521037785
            ],
            [
              126.9640095504488,
              37.23372832785138
            ],
            [
              126.96401005252253,
              37.23372913451957
            ],
            [
              126.96401055496175,
              37.23372994104224
            ],
            [
              126.96401105776643,
              37.2337307474193
            ],
            [
              126.96401156093651,
              37.23373155365065
            ],
            [
              126.96401206447186,
              37.23373235973619
            ],
            [
              126.96401256837248,
              37.23373316567578
            ],
            [
              126.96401307263825,
              37.23373397146935
            ],
            [
              126.96401357726918,
              37.23373477711677
            ],
            [
              126.96401408226514,
              37.23373558261793
            ],
            [
              126.96401458762607,
              37.233736387972755
            ],
            [
              126.96401509335192,
              37.23373719318109
            ],
            [
              126.96401559944262,
              37.23373799824291
            ],
            [
              126.96401610589811,
              37.23373880315802
            ],
            [
              126.96401661271831,
              37.23373960792637
            ],
            [
              126.96401711990316,
              37.23374041254784
            ],
            [
              126.96401762745259,
              37.23374121702231
            ],
            [
              126.96401813536654,
              37.233742021349705
            ],
            [
              126.96401864364493,
              37.23374282552989
            ],
            [
              126.9640191522877,
              37.233743629562774
            ],
            [
              126.96401966129483,
              37.233744433448265
            ],
            [
              126.96402017066616,
              37.233745237186234
            ],
            [
              126.96402068040169,
              37.233746040776566
            ],
            [
              126.96402119050134,
              37.23374684421917
            ],
            [
              126.96402170096505,
              37.23374764751396
            ],
            [
              126.96402221179272,
              37.2337484506608
            ],
            [
              126.96402272298432,
              37.2337492536596
            ],
            [
              126.96402323453977,
              37.23375005651026
            ],
            [
              126.96392993067964,
              37.233802040284544
            ],
            [
              126.9639299798902,
              37.23380211656733
            ],
            [
              126.96393049667473,
              37.23380291727427
            ],
            [
              126.96393101380937,
              37.23380371783669
            ],
            [
              126.96393153129407,
              37.23380451825448
            ],
            [
              126.96393204912874,
              37.233805318527544
            ],
            [
              126.96393256731339,
              37.23380611865577
            ],
            [
              126.9639330858479,
              37.2338069186391
            ],
            [
              126.96393360473222,
              37.233807718477394
            ],
            [
              126.96393412396627,
              37.23380851817057
            ],
            [
              126.96393464355,
              37.23380931771854
            ],
            [
              126.96393516348337,
              37.233810117121195
            ],
            [
              126.96393568376628,
              37.233810916378445
            ],
            [
              126.96393620439868,
              37.2338117154902
            ],
            [
              126.9639367253805,
              37.233812514456304
            ],
            [
              126.9639372467117,
              37.23381331327673
            ],
            [
              126.9639377683922,
              37.233814111951354
            ],
            [
              126.96393829042194,
              37.2338149104801
            ],
            [
              126.96393881280082,
              37.233815708862835
            ],
            [
              126.96393933552882,
              37.23381650709948
            ],
            [
              126.9639398586059,
              37.23381730518992
            ],
            [
              126.96394038203192,
              37.23381810313409
            ],
            [
              126.96394090580688,
              37.23381890093187
            ],
            [
              126.96394142993068,
              37.23381969858317
            ],
            [
              126.96394195440327,
              37.23382049608789
            ],
            [
              126.96394247922458,
              37.233821293445914
            ],
            [
              126.96394300439457,
              37.233822090657156
            ],
            [
              126.96394352991317,
              37.23382288772155
            ],
            [
              126.96394405578025,
              37.23382368463896
            ],
            [
              126.96394458199585,
              37.23382448140929
            ],
            [
              126.96394510855978,
              37.23382527803248
            ],
            [
              126.96394563547211,
              37.23382607450839
            ],
            [
              126.9639461627327,
              37.23382687083694
            ],
            [
              126.9639466903415,
              37.23382766701804
            ],
            [
              126.96394721829844,
              37.23382846305158
            ],
            [
              126.96394774660345,
              37.23382925893747
            ],
            [
              126.96394827525653,
              37.23383005467559
            ],
            [
              126.9639488042575,
              37.23383085026589
            ],
            [
              126.96394933360638,
              37.233831645708236
            ],
            [
              126.9639498633031,
              37.23383244100254
            ],
            [
              126.96395039334756,
              37.233833236148705
            ],
            [
              126.9639509237397,
              37.23383403114663
            ],
            [
              126.96395145447947,
              37.23383482599622
            ],
            [
              126.96395198556684,
              37.23383562069739
            ],
            [
              126.96395251700164,
              37.23383641525002
            ],
            [
              126.96395304878395,
              37.233837209654034
            ],
            [
              126.96395358091358,
              37.23383800390932
            ],
            [
              126.96395411339054,
              37.233838798015796
            ],
            [
              126.96395464621472,
              37.23383959197334
            ],
            [
              126.96395517938609,
              37.23384038578188
            ],
            [
              126.96395571290455,
              37.23384117944133
            ],
            [
              126.96395624677007,
              37.23384197295154
            ],
            [
              126.96395678098254,
              37.23384276631245
            ],
            [
              126.96395731554193,
              37.23384355952396
            ],
            [
              126.96395785044817,
              37.23384435258598
            ],
            [
              126.9639583857012,
              37.233845145498414
            ],
            [
              126.96395892130094,
              37.23384593826114
            ],
            [
              126.96395945724736,
              37.23384673087406
            ],
            [
              126.96395999354031,
              37.23384752333714
            ],
            [
              126.96396053017982,
              37.23384831565021
            ],
            [
              126.96396106716576,
              37.23384910781319
            ],
            [
              126.96396160449808,
              37.233849899826005
            ],
            [
              126.96396214217675,
              37.23385069168854
            ],
            [
              126.96396268020165,
              37.23385148340071
            ],
            [
              126.96396321857277,
              37.233852274962416
            ],
            [
              126.96396375729,
              37.233853066373555
            ],
            [
              126.96396429635328,
              37.23385385763404
            ],
            [
              126.96396483576258,
              37.233854648743744
            ],
            [
              126.96396537551779,
              37.23385543970263
            ],
            [
              126.96396591561887,
              37.233856230510526
            ],
            [
              126.96396645606573,
              37.23385702116741
            ],
            [
              126.9639669968583,
              37.23385781167311
            ],
            [
              126.96396753799658,
              37.23385860202761
            ],
            [
              126.96396807948044,
              37.23385939223075
            ],
            [
              126.96396862130982,
              37.23386018228245
            ],
            [
              126.96396916348469,
              37.23386097218265
            ],
            [
              126.96396970600493,
              37.233861761931195
            ],
            [
              126.96397024887052,
              37.23386255152802
            ],
            [
              126.96397079208138,
              37.23386334097304
            ],
            [
              126.96397133563741,
              37.23386413026613
            ],
            [
              126.9639718795386,
              37.23386491940721
            ],
            [
              126.96397242378484,
              37.23386570839616
            ],
            [
              126.96397296837607,
              37.23386649723293
            ],
            [
              126.96397351331227,
              37.23386728591739
            ],
            [
              126.96397405859331,
              37.23386807444943
            ],
            [
              126.96397460421913,
              37.23386886282901
            ],
            [
              126.96397515018974,
              37.23386965105598
            ],
            [
              126.96397569650497,
              37.233870439130285
            ],
            [
              126.96397624316482,
              37.23387122705175
            ],
            [
              126.96397679016921,
              37.23387201482038
            ],
            [
              126.96397733751803,
              37.233872802436004
            ],
            [
              126.96397788521128,
              37.233873589898586
            ],
            [
              126.96397843324887,
              37.233874377207975
            ],
            [
              126.96397898163072,
              37.23387516436411
            ],
            [
              126.96397953035675,
              37.23387595136687
            ],
            [
              126.96398007942693,
              37.23387673821618
            ],
            [
              126.96398062884116,
              37.23387752491193
            ],
            [
              126.96398117859937,
              37.23387831145404
            ],
            [
              126.96398172870154,
              37.2338790978424
            ],
            [
              126.96398227914754,
              37.233879884076906
            ],
            [
              126.96398282993736,
              37.233880670157475
            ],
            [
              126.96398338107092,
              37.233881456084006
            ],
            [
              126.96398393254813,
              37.23388224185642
            ],
            [
              126.96398448436894,
              37.2338830274746
            ],
            [
              126.96398503653327,
              37.23388381293845
            ],
            [
              126.96398558904104,
              37.23388459824787
            ],
            [
              126.9639861418922,
              37.233885383402786
            ],
            [
              126.96398669508669,
              37.233886168403096
            ],
            [
              126.96398724862445,
              37.23388695324869
            ],
            [
              126.9639878025054,
              37.23388773793948
            ],
            [
              126.96398835672944,
              37.233888522475375
            ],
            [
              126.96398891129655,
              37.233889306856284
            ],
            [
              126.96398946620664,
              37.23389009108208
            ],
            [
              126.96399002145965,
              37.233890875152696
            ],
            [
              126.96399057705551,
              37.23389165906804
            ],
            [
              126.96399113299415,
              37.23389244282799
            ],
            [
              126.9639916892755,
              37.233893226432464
            ],
            [
              126.96399224589949,
              37.233894009881375
            ],
            [
              126.96399280286609,
              37.23389479317462
            ],
            [
              126.96399336017518,
              37.233895576312115
            ],
            [
              126.96399391782668,
              37.23389635929374
            ],
            [
              126.96399447582058,
              37.233897142119396
            ],
            [
              126.96399503415678,
              37.23389792478901
            ],
            [
              126.9639955928352,
              37.23389870730249
            ],
            [
              126.96399615185582,
              37.233899489659734
            ],
            [
              126.96399671121853,
              37.23390027186061
            ],
            [
              126.96399727092326,
              37.23390105390509
            ],
            [
              126.96399783096996,
              37.23390183579303
            ],
            [
              126.96399839135854,
              37.23390261752435
            ],
            [
              126.96399895208894,
              37.233903399098935
            ],
            [
              126.96399951316113,
              37.23390418051672
            ],
            [
              126.96400007457498,
              37.233904961777576
            ],
            [
              126.96400063633045,
              37.23390574288144
            ],
            [
              126.96400119842748,
              37.23390652382822
            ],
            [
              126.96400176086598,
              37.23390730461776
            ],
            [
              126.96400232364593,
              37.23390808525004
            ],
            [
              126.9640028867672,
              37.233908865724935
            ],
            [
              126.96400345022974,
              37.233909646042335
            ],
            [
              126.96400401403349,
              37.233910426202165
            ],
            [
              126.96400457817838,
              37.23391120620432
            ],
            [
              126.96400514266436,
              37.233911986048696
            ],
            [
              126.96400570749131,
              37.23391276573523
            ],
            [
              126.9640062726592,
              37.23391354526378
            ],
            [
              126.96400683816795,
              37.23391432463428
            ],
            [
              126.9640074040175,
              37.233915103846634
            ],
            [
              126.96400797020776,
              37.233915882900746
            ],
            [
              126.96400853673869,
              37.23391666179653
            ],
            [
              126.9640091036102,
              37.233917440533844
            ],
            [
              126.96400967082222,
              37.23391821911265
            ],
            [
              126.96401023837471,
              37.233918997532825
            ],
            [
              126.96401080626755,
              37.233919775794284
            ],
            [
              126.9640113745007,
              37.233920553896915
            ],
            [
              126.9640119430741,
              37.23392133184063
            ],
            [
              126.96401251198766,
              37.233922109625354
            ],
            [
              126.96401308124132,
              37.23392288725097
            ],
            [
              126.96401365083503,
              37.23392366471738
            ],
            [
              126.96401422076868,
              37.233924442024495
            ],
            [
              126.9640147910422,
              37.23392521917225
            ],
            [
              126.9640153616556,
              37.233925996160494
            ],
            [
              126.96401593260869,
              37.23392677298917
            ],
            [
              126.9640165039015,
              37.23392754965818
            ],
            [
              126.96401707553392,
              37.233928326167415
            ],
            [
              126.96401764750587,
              37.2339291025168
            ],
            [
              126.96401821981726,
              37.2339298787062
            ],
            [
              126.9640187924681,
              37.23393065473558
            ],
            [
              126.96401936545826,
              37.2339314306048
            ],
            [
              126.96401993878766,
              37.233932206313774
            ],
            [
              126.96402051245627,
              37.233932981862424
            ],
            [
              126.964021086464,
              37.23393375725063
            ],
            [
              126.96402166081079,
              37.233934532478315
            ],
            [
              126.96402223549656,
              37.233935307545366
            ],
            [
              126.96402281052123,
              37.233936082451734
            ],
            [
              126.96402338588473,
              37.23393685719726
            ],
            [
              126.96402396158702,
              37.233937631781906
            ],
            [
              126.96402453762799,
              37.23393840620553
            ],
            [
              126.9640251140076,
              37.23393918046807
            ],
            [
              126.96402569072575,
              37.233939954569415
            ],
            [
              126.96402626778243,
              37.233940728509474
            ],
            [
              126.9640268451775,
              37.23394150228817
            ],
            [
              126.96402742291092,
              37.23394227590538
            ],
            [
              126.96402800098262,
              37.23394304936102
            ],
            [
              126.96402857939253,
              37.23394382265501
            ],
            [
              126.96402915814056,
              37.23394459578723
            ],
            [
              126.96402973722667,
              37.2339453687576
            ],
            [
              126.96403031665078,
              37.23394614156604
            ],
            [
              126.96403089641277,
              37.233946914212424
            ],
            [
              126.96403147651263,
              37.23394768669668
            ],
            [
              126.9640320569503,
              37.233948459018706
            ],
            [
              126.96403263772567,
              37.23394923117841
            ],
            [
              126.96403321883868,
              37.23395000317569
            ],
            [
              126.96403380028924,
              37.23395077501045
            ],
            [
              126.9640343820773,
              37.23395154668263
            ],
            [
              126.9640349642028,
              37.23395231819209
            ],
            [
              126.96403554666564,
              37.23395308953876
            ],
            [
              126.9640361294658,
              37.233953860722536
            ],
            [
              126.96403671260312,
              37.23395463174332
            ],
            [
              126.9640372960776,
              37.23395540260105
            ],
            [
              126.96403787988915,
              37.23395617329557
            ],
            [
              126.96403846403771,
              37.233956943826854
            ],
            [
              126.96403904852319,
              37.233957714194794
            ],
            [
              126.96403963334552,
              37.23395848439924
            ],
            [
              126.96404021850462,
              37.23395925444015
            ],
            [
              126.96404080400049,
              37.23396002431742
            ],
            [
              126.96404138983294,
              37.23396079403094
            ],
            [
              126.964041976002,
              37.23396156358064
            ],
            [
              126.96404256250753,
              37.233962332966414
            ],
            [
              126.96404314934948,
              37.23396310218817
            ],
            [
              126.96404373652781,
              37.233963871245805
            ],
            [
              126.96404432404239,
              37.233964640139234
            ],
            [
              126.9640449118932,
              37.23396540886836
            ],
            [
              126.96404550008018,
              37.233966177433096
            ],
            [
              126.96404608860317,
              37.23396694583333
            ],
            [
              126.96404667746218,
              37.23396771406899
            ],
            [
              126.9640472666571,
              37.23396848213998
            ],
            [
              126.96404785618788,
              37.23396925004618
            ],
            [
              126.96404844605446,
              37.23397001778753
            ],
            [
              126.96404903625671,
              37.23397078536391
            ],
            [
              126.96404962679466,
              37.23397155277524
            ],
            [
              126.9640502176681,
              37.23397232002142
            ],
            [
              126.96405080887706,
              37.23397308710237
            ],
            [
              126.96405140042143,
              37.23397385401796
            ],
            [
              126.96405199230115,
              37.23397462076815
            ],
            [
              126.96405258451614,
              37.233975387352814
            ],
            [
              126.96405317706632,
              37.23397615377185
            ],
            [
              126.96405376995165,
              37.233976920025185
            ],
            [
              126.96405436317204,
              37.23397768611271
            ],
            [
              126.96405495672738,
              37.233978452034336
            ],
            [
              126.96405555061764,
              37.23397921778999
            ],
            [
              126.96405614484276,
              37.23397998337954
            ],
            [
              126.96405673940262,
              37.233980748802914
            ],
            [
              126.9640573342972,
              37.23398151406003
            ],
            [
              126.96405792952639,
              37.23398227915076
            ],
            [
              126.96405852509012,
              37.23398304407503
            ],
            [
              126.96405912098831,
              37.23398380883277
            ],
            [
              126.96405971722095,
              37.23398457342387
            ],
            [
              126.96406031378787,
              37.2339853378482
            ],
            [
              126.96406091068906,
              37.233986102105725
            ],
            [
              126.96406150792444,
              37.23398686619632
            ],
            [
              126.96406210549394,
              37.23398763011988
            ],
            [
              126.96406270339745,
              37.23398839387633
            ],
            [
              126.96406330163495,
              37.23398915746558
            ],
            [
              126.96406390020631,
              37.23398992088754
            ],
            [
              126.9640644991115,
              37.233990684142086
            ],
            [
              126.96406509835047,
              37.23399144722917
            ],
            [
              126.96406569792305,
              37.23399221014865
            ],
            [
              126.96406629782926,
              37.23399297290048
            ],
            [
              126.96406689806899,
              37.23399373548453
            ],
            [
              126.9640674986422,
              37.23399449790073
            ],
            [
              126.96406809954874,
              37.23399526014896
            ],
            [
              126.96406870078863,
              37.233996022229164
            ],
            [
              126.96406930236172,
              37.233996784141226
            ],
            [
              126.96406990426796,
              37.23399754588505
            ],
            [
              126.9640705065073,
              37.233998307460546
            ],
            [
              126.96407110907963,
              37.23399906886763
            ],
            [
              126.9640717119849,
              37.23399983010619
            ],
            [
              126.96407231522305,
              37.234000591176155
            ],
            [
              126.96407291879396,
              37.23400135207744
            ],
            [
              126.96407352269763,
              37.23400211280991
            ],
            [
              126.96407412693392,
              37.234002873373505
            ],
            [
              126.96407473150279,
              37.23400363376812
            ],
            [
              126.96407533640414,
              37.23400439399368
            ],
            [
              126.96407594163786,
              37.23400515405006
            ],
            [
              126.964076547204,
              37.234005913937196
            ],
            [
              126.9640771531024,
              37.23400667365497
            ],
            [
              126.96407775933298,
              37.23400743320331
            ],
            [
              126.96407836589567,
              37.234008192582124
            ],
            [
              126.96407897279045,
              37.23400895179132
            ],
            [
              126.96407958001716,
              37.23400971083076
            ],
            [
              126.96408018757577,
              37.23401046970042
            ],
            [
              126.96408079546623,
              37.23401122840017
            ],
            [
              126.96408140368844,
              37.2340119869299
            ],
            [
              126.96408201224233,
              37.23401274528957
            ],
            [
              126.96408262112783,
              37.234013503479034
            ],
            [
              126.96408323034483,
              37.23401426149823
            ],
            [
              126.96408383989333,
              37.23401501934705
            ],
            [
              126.96408444977315,
              37.234015777025434
            ],
            [
              126.9640850599843,
              37.23401653453324
            ],
            [
              126.96408567052671,
              37.234017291870394
            ],
            [
              126.96408628140026,
              37.23401804903684
            ],
            [
              126.96408689260485,
              37.23401880603243
            ],
            [
              126.96408750414051,
              37.2340195628571
            ],
            [
              126.96408811600706,
              37.234020319510755
            ],
            [
              126.9640887282045,
              37.23402107599329
            ],
            [
              126.96408934073267,
              37.23402183230463
            ],
            [
              126.96408995359161,
              37.23402258844469
            ],
            [
              126.96409056678114,
              37.23402334441333
            ],
            [
              126.96409118030122,
              37.234024100210526
            ],
            [
              126.96409179415181,
              37.23402485583613
            ],
            [
              126.9640924083328,
              37.23402561129007
            ],
            [
              126.96409302284414,
              37.234026366572266
            ],
            [
              126.9640936376857,
              37.23402712168261
            ],
            [
              126.9640942528575,
              37.23402787662101
            ],
            [
              126.96409486835934,
              37.234028631387375
            ],
            [
              126.96409548419126,
              37.23402938598161
            ],
            [
              126.96409610035312,
              37.234030140403625
            ],
            [
              126.96409671684484,
              37.234030894653344
            ],
            [
              126.96409733366637,
              37.23403164873066
            ],
            [
              126.96409795081765,
              37.23403240263547
            ],
            [
              126.96409856829857,
              37.23403315636771
            ],
            [
              126.96409918610911,
              37.23403390992725
            ],
            [
              126.96409980424912,
              37.234034663314034
            ],
            [
              126.96410042271853,
              37.23403541652794
            ],
            [
              126.96410104151732,
              37.23403616956891
            ],
            [
              126.96419353471046,
              37.23398463741739
            ],
            [
              126.96419384432781,
              37.23398501479149
            ],
            [
              126.96419446270832,
              37.23398576805186
            ],
            [
              126.96419508143018,
              37.23398652113305
            ],
            [
              126.96419570049324,
              37.233987274034924
            ],
            [
              126.96419631989744,
              37.23398802675743
            ],
            [
              126.9641969396427,
              37.233988779300404
            ],
            [
              126.96419755972894,
              37.23398953166381
            ],
            [
              126.96419818015606,
              37.233990283847525
            ],
            [
              126.964198800924,
              37.23399103585145
            ],
            [
              126.96419942203269,
              37.23399178767548
            ],
            [
              126.96420004348205,
              37.233992539319516
            ],
            [
              126.96420066527195,
              37.233993290783474
            ],
            [
              126.96420128740236,
              37.23399404206724
            ],
            [
              126.96420190987317,
              37.23399479317072
            ],
            [
              126.96420253268433,
              37.23399554409383
            ],
            [
              126.9642031558357,
              37.23399629483645
            ],
            [
              126.96420377932726,
              37.233997045398496
            ],
            [
              126.96420440315889,
              37.233997795779864
            ],
            [
              126.96420502733051,
              37.23399854598046
            ],
            [
              126.96420565184206,
              37.233999296000164
            ],
            [
              126.96420627669346,
              37.2340000458389
            ],
            [
              126.96420690188461,
              37.23400079549656
            ],
            [
              126.96420752741541,
              37.234001544973054
            ],
            [
              126.96420815328581,
              37.234002294268294
            ],
            [
              126.96420877949572,
              37.23400304338216
            ],
            [
              126.96420940604504,
              37.234003792314546
            ],
            [
              126.96421003293372,
              37.23400454106539
            ],
            [
              126.96421066016165,
              37.23400528963454
            ],
            [
              126.96421128772877,
              37.23400603802195
            ],
            [
              126.964211915635,
              37.2340067862275
            ],
            [
              126.96421254388022,
              37.234007534251084
            ],
            [
              126.96421317246437,
              37.234008282092624
            ],
            [
              126.96421380138737,
              37.23400902975201
            ],
            [
              126.96421443064915,
              37.234009777229154
            ],
            [
              126.96421506024961,
              37.23401052452394
            ],
            [
              126.96421569018865,
              37.23401127163626
            ],
            [
              126.96421632046622,
              37.234012018566055
            ],
            [
              126.96421695108225,
              37.2340127653132
            ],
            [
              126.96421758203662,
              37.23401351187759
            ],
            [
              126.96421821332925,
              37.234014258259165
            ],
            [
              126.96421884496006,
              37.23401500445779
            ],
            [
              126.96421947692899,
              37.234015750473375
            ],
            [
              126.96422010923594,
              37.23401649630583
            ],
            [
              126.96422074188082,
              37.23401724195505
            ],
            [
              126.96422137486357,
              37.234017987420955
            ],
            [
              126.9642220081841,
              37.234018732703426
            ],
            [
              126.96422264184227,
              37.234019477802356
            ],
            [
              126.96422327583808,
              37.234020222717675
            ],
            [
              126.9642239101714,
              37.23402096744928
            ],
            [
              126.96422454484217,
              37.23402171199705
            ],
            [
              126.9642251798503,
              37.234022456360904
            ],
            [
              126.96422581519569,
              37.234023200540754
            ],
            [
              126.96422645087829,
              37.234023944536496
            ],
            [
              126.96422708689796,
              37.23402468834803
            ],
            [
              126.96422772325467,
              37.23402543197524
            ],
            [
              126.96422835994832,
              37.23402617541807
            ],
            [
              126.96422899697882,
              37.23402691867637
            ],
            [
              126.96422963434611,
              37.234027661750076
            ],
            [
              126.96423027205007,
              37.2340284046391
            ],
            [
              126.96423091009066,
              37.234029147343314
            ],
            [
              126.96423154846772,
              37.23402988986262
            ],
            [
              126.96423218718125,
              37.23403063219696
            ],
            [
              126.96423282623114,
              37.234031374346216
            ],
            [
              126.96423346561728,
              37.234032116310274
            ],
            [
              126.9642341053396,
              37.23403285808907
            ],
            [
              126.96423474539807,
              37.234033599682455
            ],
            [
              126.96423538579249,
              37.2340343410904
            ],
            [
              126.9642360265229,
              37.23403508231273
            ],
            [
              126.9642366675891,
              37.23403582334941
            ],
            [
              126.96423730899112,
              37.234036564200316
            ],
            [
              126.96423795072879,
              37.234037304865375
            ],
            [
              126.96423859280206,
              37.23403804534445
            ],
            [
              126.96423923521085,
              37.23403878563746
            ],
            [
              126.96423987795508,
              37.23403952574432
            ],
            [
              126.96424052103461,
              37.23404026566493
            ],
            [
              126.96424116444943,
              37.2340410053992
            ],
            [
              126.96424180819945,
              37.234041744946985
            ],
            [
              126.96424245228451,
              37.23404248430824
            ],
            [
              126.96448863913093,
              37.23432497785045
            ],
            [
              126.96575156551788,
              37.23432536585937
            ],
            [
              126.96575180266318,
              37.23382317048939
            ],
            [
              126.96575180267739,
              37.2338231366334
            ],
            [
              126.96575180175668,
              37.23382223559419
            ],
            [
              126.96575179833172,
              37.23382133455886
            ],
            [
              126.96575179240259,
              37.23382043353181
            ],
            [
              126.96575178396928,
              37.23381953251754
            ],
            [
              126.96575177303187,
              37.23381863152048
            ],
            [
              126.96575175959036,
              37.23381773054508
            ],
            [
              126.96575174364482,
              37.233816829595774
            ],
            [
              126.96575172519537,
              37.233815928677025
            ],
            [
              126.9657517042421,
              37.233815027793284
            ],
            [
              126.96575168078509,
              37.23381412694902
            ],
            [
              126.96575165482446,
              37.233813226148634
            ],
            [
              126.96575162636033,
              37.23381232539661
            ],
            [
              126.96575159539287,
              37.233811424697386
            ],
            [
              126.96575156192219,
              37.23381052405539
            ],
            [
              126.96575152594849,
              37.233809623475125
            ],
            [
              126.96575148747195,
              37.233808722960966
            ],
            [
              126.96575144649273,
              37.233807822517434
            ],
            [
              126.96575140301104,
              37.233806922148915
            ],
            [
              126.96575135702714,
              37.233806021859884
            ],
            [
              126.96575130854119,
              37.23380512165479
            ],
            [
              126.96575125755349,
              37.233804221538044
            ],
            [
              126.96575120406428,
              37.233803321514145
            ],
            [
              126.96575114807376,
              37.23380242158749
            ],
            [
              126.96575108958227,
              37.23380152176255
            ],
            [
              126.96575102859009,
              37.233800622043766
            ],
            [
              126.96575096509751,
              37.23379972243557
            ],
            [
              126.96575089910482,
              37.23379882294242
            ],
            [
              126.96575083061242,
              37.23379792356874
            ],
            [
              126.96575075962058,
              37.233797024318974
            ],
            [
              126.96575068612967,
              37.233796125197586
            ],
            [
              126.96575061014008,
              37.23379522620899
            ],
            [
              126.96575053165216,
              37.23379432735763
            ],
            [
              126.96575045066626,
              37.233793428647935
            ],
            [
              126.96575036718284,
              37.23379253008439
            ],
            [
              126.96575028120229,
              37.23379163167138
            ],
            [
              126.96575019272505,
              37.233790733413365
            ],
            [
              126.96575010175152,
              37.23378983531477
            ],
            [
              126.9657500082822,
              37.23378893738004
            ],
            [
              126.9657499123175,
              37.23378803961361
            ],
            [
              126.96574981385794,
              37.23378714201991
            ],
            [
              126.96574971290399,
              37.23378624460337
            ],
            [
              126.96574960945611,
              37.233785347368425
            ],
            [
              126.96574950351486,
              37.233784450319504
            ],
            [
              126.96574939508075,
              37.23378355346104
            ],
            [
              126.9657492841543,
              37.23378265679745
            ],
            [
              126.96574917073609,
              37.23378176033319
            ],
            [
              126.96574905482666,
              37.23378086407264
            ],
            [
              126.96574893642656,
              37.23377996802028
            ],
            [
              126.96574881553643,
              37.23377907218051
            ],
            [
              126.96574869215681,
              37.233778176557735
            ],
            [
              126.96574856628834,
              37.2337772811564
            ],
            [
              126.96574843793164,
              37.233776385980924
            ],
            [
              126.96574830708734,
              37.23377549103573
            ],
            [
              126.9657481737561,
              37.23377459632524
            ],
            [
              126.96574803793854,
              37.23377370185384
            ],
            [
              126.96574789963536,
              37.23377280762601
            ],
            [
              126.96574775884724,
              37.23377191364611
            ],
            [
              126.9657476155749,
              37.23377101991857
            ],
            [
              126.96574746981898,
              37.23377012644782
            ],
            [
              126.96574732158025,
              37.23376923323824
            ],
            [
              126.96574717085947,
              37.23376834029427
            ],
            [
              126.9657470176573,
              37.2337674476203
            ],
            [
              126.96574686197458,
              37.23376655522077
            ],
            [
              126.96574670381206,
              37.23376566310006
            ],
            [
              126.96574654317048,
              37.23376477126258
            ],
            [
              126.96574638005062,
              37.23376387971272
            ],
            [
              126.96574621445339,
              37.233762988454906
            ],
            [
              126.9657460463795,
              37.23376209749354
            ],
            [
              126.96574587582984,
              37.233761206833
            ],
            [
              126.96574570280522,
              37.23376031647771
            ],
            [
              126.96574552730654,
              37.23375942643206
            ],
            [
              126.96574534933458,
              37.2337585367004
            ],
            [
              126.96574516889031,
              37.23375764728718
            ],
            [
              126.96574498597461,
              37.23375675819679
            ],
            [
              126.96574480058831,
              37.233755869433594
            ],
            [
              126.9657446127324,
              37.23375498100201
            ],
            [
              126.96574442240777,
              37.23375409290638
            ],
            [
              126.96574422961537,
              37.233753205151146
            ],
            [
              126.96574403435618,
              37.23375231774064
            ],
            [
              126.96574383663109,
              37.23375143067927
            ],
            [
              126.96574363644116,
              37.23375054397143
            ],
            [
              126.96574343378735,
              37.233749657621466
            ],
            [
              126.96574322867066,
              37.23374877163378
            ],
            [
              126.9657430210921,
              37.233747886012736
            ],
            [
              126.96574281105264,
              37.23374700076272
            ],
            [
              126.96574259855339,
              37.23374611588808
            ],
            [
              126.96574238359543,
              37.2337452313932
            ],
            [
              126.96574216617971,
              37.233744347282446
            ],
            [
              126.9657419463074,
              37.23374346356021
            ],
            [
              126.96574172397955,
              37.23374258023081
            ],
            [
              126.96574149919724,
              37.233741697298626
            ],
            [
              126.96574127196162,
              37.23374081476803
            ],
            [
              126.96574104227376,
              37.23373993264338
            ],
            [
              126.96574081013485,
              37.23373905092902
            ],
            [
              126.96574057554604,
              37.233738169629305
            ],
            [
              126.96574033850841,
              37.23373728874858
            ],
            [
              126.96574009902318,
              37.23373640829123
            ],
            [
              126.96573985709156,
              37.23373552826157
            ],
            [
              126.96573961271471,
              37.23373464866393
            ],
            [
              126.96573936589385,
              37.2337337695027
            ],
            [
              126.96573911663022,
              37.233732890782186
            ],
            [
              126.96573886492496,
              37.233732012506756
            ],
            [
              126.96573861077943,
              37.23373113468074
            ],
            [
              126.96573835419483,
              37.23373025730845
            ],
            [
              126.96573809517241,
              37.233729380394216
            ],
            [
              126.96573783371346,
              37.23372850394241
            ],
            [
              126.96573756981932,
              37.23372762795733
            ],
            [
              126.96573730349125,
              37.23372675244332
            ],
            [
              126.96573703473054,
              37.23372587740469
            ],
            [
              126.96573676353853,
              37.233725002845745
            ],
            [
              126.96573648991664,
              37.23372412877083
            ],
            [
              126.96573621386612,
              37.23372325518425
            ],
            [
              126.96573593538838,
              37.23372238209032
            ],
            [
              126.96573565448477,
              37.233721509493364
            ],
            [
              126.96573537115674,
              37.233720637397674
            ],
            [
              126.9657350854056,
              37.233719765807564
            ],
            [
              126.96573479723278,
              37.23371889472733
            ],
            [
              126.96573450663978,
              37.233718024161284
            ],
            [
              126.96573421362798,
              37.233717154113734
            ],
            [
              126.9657339181988,
              37.23371628458895
            ],
            [
              126.96573362035375,
              37.233715415591256
            ],
            [
              126.96573332009427,
              37.23371454712491
            ],
            [
              126.96573301742184,
              37.233713679194224
            ],
            [
              126.96573271233798,
              37.23371281180348
            ],
            [
              126.96573240484416,
              37.233711944956944
            ],
            [
              126.96573209494198,
              37.233711078658956
            ],
            [
              126.96573178263286,
              37.23371021291371
            ],
            [
              126.9657314679184,
              37.23370934772555
            ],
            [
              126.96573115080015,
              37.2337084830987
            ],
            [
              126.9657308312797,
              37.23370761903746
            ],
            [
              126.96573050935861,
              37.23370675554608
            ],
            [
              126.96573018503844,
              37.23370589262883
            ],
            [
              126.9657298583208,
              37.233705030289975
            ],
            [
              126.96572952920732,
              37.233704168533784
            ],
            [
              126.96572919769966,
              37.23370330736447
            ],
            [
              126.96572886379938,
              37.233702446786346
            ],
            [
              126.96572852750819,
              37.23370158680363
            ],
            [
              126.96572818882773,
              37.23370072742055
            ],
            [
              126.96572784775967,
              37.23369986864137
            ],
            [
              126.96572750430569,
              37.23369901047034
            ],
            [
              126.96572715846749,
              37.23369815291168
            ],
            [
              126.9657268102468,
              37.233697295969634
            ],
            [
              126.96572645964532,
              37.23369643964845
            ],
            [
              126.96572610666475,
              37.23369558395232
            ],
            [
              126.96572575130692,
              37.23369472888549
            ],
            [
              126.96572539357349,
              37.233693874452186
            ],
            [
              126.96572503346628,
              37.23369302065665
            ],
            [
              126.96572467098704,
              37.23369216750303
            ],
            [
              126.9657243061376,
              37.23369131499558
            ],
            [
              126.96572393891971,
              37.23369046313855
            ],
            [
              126.96572356933524,
              37.233689611936086
            ],
            [
              126.96572319738596,
              37.23368876139241
            ],
            [
              126.96572282307376,
              37.23368791151174
            ],
            [
              126.96572244640043,
              37.23368706229824
            ],
            [
              126.96572206736788,
              37.23368621375611
            ],
            [
              126.96572168597798,
              37.23368536588957
            ],
            [
              126.96572130223255,
              37.233684518702795
            ],
            [
              126.96572091613358,
              37.233683672199945
            ],
            [
              126.96572052768292,
              37.23368282638524
            ],
            [
              126.96572013688247,
              37.233681981262805
            ],
            [
              126.9657197437342,
              37.23368113683686
            ],
            [
              126.96571934824003,
              37.23368029311157
            ],
            [
              126.96571895040194,
              37.23367945009106
            ],
            [
              126.96571855022187,
              37.233678607779545
            ],
            [
              126.9657181477018,
              37.23367776618113
            ],
            [
              126.96571774284374,
              37.233676925300045
            ],
            [
              126.96571733564964,
              37.233676085140374
            ],
            [
              126.96571692612154,
              37.2336752457063
            ],
            [
              126.96571651426147,
              37.23367440700195
            ],
            [
              126.96571610007149,
              37.233673569031495
            ],
            [
              126.96571568355358,
              37.23367273179904
            ],
            [
              126.96571526470983,
              37.233671895308746
            ],
            [
              126.96571484354233,
              37.233671059564735
            ],
            [
              126.9657144200531,
              37.233670224571114
            ],
            [
              126.96571399424431,
              37.233669390332025
            ],
            [
              126.96571356611798,
              37.233668556851605
            ],
            [
              126.96571313567631,
              37.233667724133916
            ],
            [
              126.96571270292134,
              37.23366689218312
            ],
            [
              126.96571226785528,
              37.233666061003326
            ],
            [
              126.96571183048023,
              37.233665230598604
            ],
            [
              126.96571139079838,
              37.23366440097308
            ],
            [
              126.96571094881187,
              37.23366357213086
            ],
            [
              126.96571050452295,
              37.23366274407601
            ],
            [
              126.9657100579337,
              37.23366191681262
            ],
            [
              126.96570960904643,
              37.23366109034478
            ],
            [
              126.96570915786332,
              37.2336602646766
            ],
            [
              126.96570870438657,
              37.23365943981212
            ],
            [
              126.96570824861848,
              37.233658615755445
            ],
            [
              126.96570779056123,
              37.23365779251061
            ],
            [
              126.96570733021713,
              37.23365697008171
            ],
            [
              126.96570686758844,
              37.233656148472775
            ],
            [
              126.96570640267747,
              37.2336553276879
            ],
            [
              126.96570593548648,
              37.2336545077311
            ],
            [
              126.96570546601778,
              37.233653688606466
            ],
            [
              126.96570499427371,
              37.23365287031801
            ],
            [
              126.96570452025658,
              37.23365205286978
            ],
            [
              126.96570404396876,
              37.23365123626582
            ],
            [
              126.96570356541254,
              37.233650420510166
            ],
            [
              126.96570308459036,
              37.233649605606836
            ],
            [
              126.96570260150453,
              37.233648791559844
            ],
            [
              126.96570211615746,
              37.23364797837323
            ],
            [
              126.96570162855159,
              37.23364716605102
            ],
            [
              126.96570113868924,
              37.233646354597184
            ],
            [
              126.96570064657291,
              37.23364554401577
            ],
            [
              126.965700152205,
              37.23364473431076
            ],
            [
              126.96569965558793,
              37.23364392548616
            ],
            [
              126.96569915672418,
              37.23364311754595
            ],
            [
              126.96569865561621,
              37.23364231049414
            ],
            [
              126.96569815226648,
              37.23364150433471
            ],
            [
              126.96569764667753,
              37.233640699071636
            ],
            [
              126.96569713885174,
              37.23363989470891
            ],
            [
              126.96569662879173,
              37.23363909125046
            ],
            [
              126.9656961165,
              37.2336382887003
            ],
            [
              126.96569560197905,
              37.23363748706236
            ],
            [
              126.9656950852314,
              37.23363668634064
            ],
            [
              126.96569456625966,
              37.233635886539055
            ],
            [
              126.96569404506636,
              37.23363508766158
            ],
            [
              126.96569352165405,
              37.23363428971214
            ],
            [
              126.96569299602538,
              37.23363349269469
            ],
            [
              126.9656924681829,
              37.23363269661316
            ],
            [
              126.96569193812924,
              37.23363190147149
            ],
            [
              126.96569140586696,
              37.233631107273595
            ],
            [
              126.96569087139875,
              37.23363031402338
            ],
            [
              126.96569033472727,
              37.2336295217248
            ],
            [
              126.96568979585507,
              37.23362873038176
            ],
            [
              126.96568925478492,
              37.23362793999815
            ],
            [
              126.96568871151943,
              37.233627150577874
            ],
            [
              126.96568816606128,
              37.233626362124845
            ],
            [
              126.96568761841321,
              37.23362557464294
            ],
            [
              126.96568706857788,
              37.23362478813607
            ],
            [
              126.96568651655804,
              37.233624002608096
            ],
            [
              126.96568596235639,
              37.233623218062924
            ],
            [
              126.96568540597565,
              37.23362243450439
            ],
            [
              126.96568484741864,
              37.23362165193639
            ],
            [
              126.96568428668802,
              37.2336208703628
            ],
            [
              126.96568372378664,
              37.23362008978744
            ],
            [
              126.96568315871725,
              37.233619310214195
            ],
            [
              126.96568259148263,
              37.233618531646904
            ],
            [
              126.96568202208556,
              37.23361775408943
            ],
            [
              126.96568145052895,
              37.23361697754559
            ],
            [
              126.9656808768155,
              37.233616202019235
            ],
            [
              126.96568030094811,
              37.23361542751417
            ],
            [
              126.96567972292962,
              37.233614654034234
            ],
            [
              126.96567914276287,
              37.23361388158327
            ],
            [
              126.96567856045073,
              37.233613110165045
            ],
            [
              126.9656779759961,
              37.233612339783406
            ],
            [
              126.96567738940182,
              37.23361157044216
            ],
            [
              126.96567680067082,
              37.23361080214508
            ],
            [
              126.96567620980599,
              37.23361003489596
            ],
            [
              126.96567561681027,
              37.23360926869862
            ],
            [
              126.96567502168656,
              37.2336085035568
            ],
            [
              126.96567442443784,
              37.23360773947433
            ],
            [
              126.96567382506699,
              37.23360697645495
            ],
            [
              126.96567322357704,
              37.23360621450243
            ],
            [
              126.96567261997089,
              37.233605453620534
            ],
            [
              126.96567201425164,
              37.233604693813035
            ],
            [
              126.96567140642216,
              37.23360393508366
            ],
            [
              126.96567079648548,
              37.233603177436166
            ],
            [
              126.96567018444469,
              37.23360242087429
            ],
            [
              126.96566957030268,
              37.2336016654018
            ],
            [
              126.96566895406261,
              37.233600911022386
            ],
            [
              126.9656683357274,
              37.23360015773979
            ],
            [
              126.96566771530021,
              37.233599405557726
            ],
            [
              126.96566709278409,
              37.23359865447992
            ],
            [
              126.96566646818205,
              37.233597904510084
            ],
            [
              126.96566584149724,
              37.2335971556519
            ],
            [
              126.96566521273272,
              37.233596407909076
            ],
            [
              126.9656645818916,
              37.23359566128531
            ],
            [
              126.96566394897698,
              37.23359491578428
            ],
            [
              126.96566331399204,
              37.23359417140968
            ],
            [
              126.96566267693983,
              37.23359342816515
            ],
            [
              126.9656620378236,
              37.23359268605443
            ],
            [
              126.96566139664645,
              37.233591945081116
            ],
            [
              126.9656607534115,
              37.23359120524891
            ],
            [
              126.96557668384247,
              37.23349473931683
            ]
          ]
        ]
      }
    },
    {
      "type": "Feature",
      "properties": {
        "label": "중1",
        "school_name": "효행1중",
        "level": "중학교",
        "status": "미설립",
        "district": "효행",
        "address": "봉담읍 수영리 3-6 일원",
        "document_area_m2": 15425,
        "identity_basis": "사용자 정정: 효행2중이 아닌 효행1중",
        "source_layer": "KLIP_C_UQ155",
        "source_present_sn": "41590UQ155PS202512100003",
        "shp_area_m2": 15425.75,
        "label_lng": 126.96224828,
        "label_lat": 37.2308457,
        "geometry_basis": "도시계획시설 학교용지 폴리곤(SHP)"
      },
      "geometry": {
        "type": "Polygon",
        "coordinates": [
          [
            [
              126.96151955521347,
              37.23030747343841
            ],
            [
              126.96151901980777,
              37.23132140396784
            ],
            [
              126.96159866739708,
              37.231385143976865
            ],
            [
              126.96297474512724,
              37.23138559965558
            ],
            [
              126.96297529346144,
              37.23030795597354
            ],
            [
              126.96151955521347,
              37.23030747343841
            ]
          ]
        ]
      }
    },
    {
      "type": "Feature",
      "properties": {
        "label": "고1",
        "school_name": "효행1고",
        "level": "고등학교",
        "status": "미설립",
        "district": "효행",
        "address": "봉담읍 동화리 11-15 일원",
        "document_area_m2": 16669,
        "identity_basis": "2026-02-06 학교용지 현황 + 효행지구 계획도 대조",
        "source_layer": "KLIP_C_UQ155",
        "source_present_sn": "41590UQ155PS202512100004",
        "shp_area_m2": 16668.84,
        "label_lng": 126.9647033,
        "label_lat": 37.22895828,
        "geometry_basis": "도시계획시설 학교용지 폴리곤(SHP)"
      },
      "geometry": {
        "type": "Polygon",
        "coordinates": [
          [
            [
              126.96515605498853,
              37.22959858537995
            ],
            [
              126.96522660341208,
              37.22955371125685
            ],
            [
              126.96522688215663,
              37.22955283821985
            ],
            [
              126.96522716178393,
              37.22955196536339
            ],
            [
              126.96522744229375,
              37.22955109268801
            ],
            [
              126.96522772368598,
              37.22955022019428
            ],
            [
              126.96522800596036,
              37.22954934788278
            ],
            [
              126.96522828911675,
              37.22954847575408
            ],
            [
              126.96522857315493,
              37.22954760380872
            ],
            [
              126.96522885807475,
              37.22954673204731
            ],
            [
              126.96522914387602,
              37.22954586047038
            ],
            [
              126.96522943055854,
              37.22954498907854
            ],
            [
              126.96522971812213,
              37.22954411787235
            ],
            [
              126.96523000656659,
              37.22954324685237
            ],
            [
              126.96523029589174,
              37.22954237601916
            ],
            [
              126.96523058609739,
              37.22954150537332
            ],
            [
              126.96523087718336,
              37.22954063491539
            ],
            [
              126.96523116914945,
              37.22953976464593
            ],
            [
              126.96523146199543,
              37.229538894565536
            ],
            [
              126.96523175572118,
              37.229538024674795
            ],
            [
              126.96523205032646,
              37.229537154974224
            ],
            [
              126.96523234581112,
              37.229536285464434
            ],
            [
              126.96523264217493,
              37.22953541614597
            ],
            [
              126.96523293941767,
              37.2295345470194
            ],
            [
              126.96523323753924,
              37.229533678085296
            ],
            [
              126.96523353653934,
              37.229532809344256
            ],
            [
              126.96523383641784,
              37.22953194079679
            ],
            [
              126.96523413717452,
              37.22953107244352
            ],
            [
              126.96523443880919,
              37.229530204284984
            ],
            [
              126.96523474132168,
              37.229529336321754
            ],
            [
              126.9652350447117,
              37.22952846855443
            ],
            [
              126.96523534897914,
              37.22952760098352
            ],
            [
              126.96523565412379,
              37.22952673360963
            ],
            [
              126.96523596014545,
              37.22952586643331
            ],
            [
              126.96523626704388,
              37.22952499945513
            ],
            [
              126.9652365748189,
              37.22952413267568
            ],
            [
              126.96523688347034,
              37.229523266095484
            ],
            [
              126.96523719299795,
              37.229522399715165
            ],
            [
              126.96523750340157,
              37.22952153353524
            ],
            [
              126.96523781468093,
              37.22952066755629
            ],
            [
              126.96523812683593,
              37.22951980177889
            ],
            [
              126.96523843986627,
              37.229518936203604
            ],
            [
              126.96523875377179,
              37.22951807083099
            ],
            [
              126.96523906855232,
              37.22951720566161
            ],
            [
              126.96523938420759,
              37.22951634069605
            ],
            [
              126.96523970073741,
              37.229515475934875
            ],
            [
              126.96524001814157,
              37.229514611378605
            ],
            [
              126.96524033641987,
              37.22951374702786
            ],
            [
              126.96524065557212,
              37.22951288288318
            ],
            [
              126.96524097559809,
              37.22951201894514
            ],
            [
              126.9652412964976,
              37.2295111552143
            ],
            [
              126.96524161827037,
              37.229510291691206
            ],
            [
              126.96524194091627,
              37.229509428376446
            ],
            [
              126.96524226443503,
              37.229508565270585
            ],
            [
              126.9652425888265,
              37.22950770237417
            ],
            [
              126.96524291409041,
              37.22950683968779
            ],
            [
              126.96524324022657,
              37.22950597721199
            ],
            [
              126.96524356723477,
              37.229505114947344
            ],
            [
              126.96524389511478,
              37.22950425289441
            ],
            [
              126.9652442238664,
              37.22950339105373
            ],
            [
              126.96524455348943,
              37.229502529425915
            ],
            [
              126.96524488398362,
              37.229501668011494
            ],
            [
              126.96524521534879,
              37.22950080681104
            ],
            [
              126.96524554758469,
              37.22949994582512
            ],
            [
              126.9652458806911,
              37.2294990850543
            ],
            [
              126.96524621466781,
              37.22949822449911
            ],
            [
              126.96524654951466,
              37.22949736416016
            ],
            [
              126.96524688523137,
              37.229496504037975
            ],
            [
              126.9652472218177,
              37.229495644133145
            ],
            [
              126.96524755927346,
              37.22949478444621
            ],
            [
              126.96524789759849,
              37.22949392497775
            ],
            [
              126.96524823679245,
              37.22949306572831
            ],
            [
              126.96524857685522,
              37.22949220669848
            ],
            [
              126.96524891778651,
              37.22949134788877
            ],
            [
              126.96524925958609,
              37.2294904892998
            ],
            [
              126.96524960225383,
              37.22948963093208
            ],
            [
              126.96524994578944,
              37.229488772786226
            ],
            [
              126.96525029019267,
              37.22948791486275
            ],
            [
              126.96525063546336,
              37.229487057162245
            ],
            [
              126.96525098160122,
              37.22948619968525
            ],
            [
              126.96525132860607,
              37.22948534243234
            ],
            [
              126.96525167647766,
              37.229484485404065
            ],
            [
              126.96525202521576,
              37.22948362860098
            ],
            [
              126.96525237482014,
              37.22948277202368
            ],
            [
              126.96525272529063,
              37.22948191567268
            ],
            [
              126.96525307662691,
              37.22948105954858
            ],
            [
              126.96525342882882,
              37.2294802036519
            ],
            [
              126.96525378189608,
              37.22947934798322
            ],
            [
              126.96525413582852,
              37.22947849254312
            ],
            [
              126.96525449062582,
              37.22947763733213
            ],
            [
              126.96525484628785,
              37.229476782350815
            ],
            [
              126.96525520281429,
              37.22947592759973
            ],
            [
              126.96525556020497,
              37.229475073079456
            ],
            [
              126.96525591845959,
              37.22947421879051
            ],
            [
              126.965256277578,
              37.2294733647335
            ],
            [
              126.96525663755988,
              37.229472510908955
            ],
            [
              126.96525699840505,
              37.22947165731744
            ],
            [
              126.96525736011326,
              37.2294708039595
            ],
            [
              126.9652577226843,
              37.229469950835735
            ],
            [
              126.96525808611788,
              37.22946909794665
            ],
            [
              126.96525845041378,
              37.229468245292836
            ],
            [
              126.96525881557179,
              37.22946739287484
            ],
            [
              126.96525918159163,
              37.229466540693195
            ],
            [
              126.96525954847309,
              37.22946568874852
            ],
            [
              126.96525991621593,
              37.22946483704132
            ],
            [
              126.96526028481989,
              37.22946398557216
            ],
            [
              126.96526065428473,
              37.2294631343416
            ],
            [
              126.96526102461027,
              37.229462283350216
            ],
            [
              126.96526139579616,
              37.22946143259855
            ],
            [
              126.96526176784224,
              37.229460582087135
            ],
            [
              126.96526214074822,
              37.22945973181656
            ],
            [
              126.96526251451391,
              37.22945888178738
            ],
            [
              126.96526288913901,
              37.22945803200012
            ],
            [
              126.96526326462327,
              37.22945718245536
            ],
            [
              126.96526364096654,
              37.22945633315368
            ],
            [
              126.96526401816847,
              37.22945548409557
            ],
            [
              126.96526439622882,
              37.229454635281634
            ],
            [
              126.9652647751474,
              37.22945378671242
            ],
            [
              126.96526515492396,
              37.22945293838846
            ],
            [
              126.96526553555817,
              37.22945209031035
            ],
            [
              126.96526591704989,
              37.2294512424786
            ],
            [
              126.96526629939879,
              37.229450394893796
            ],
            [
              126.96526668260464,
              37.229449547556484
            ],
            [
              126.96526706666721,
              37.22944870046722
            ],
            [
              126.96526745158623,
              37.22944785362653
            ],
            [
              126.96526783736148,
              37.22944700703501
            ],
            [
              126.96526822399264,
              37.2294461606932
            ],
            [
              126.9652686114795,
              37.229445314601634
            ],
            [
              126.96526899982182,
              37.229444468760875
            ],
            [
              126.96526938901935,
              37.2294436231715
            ],
            [
              126.96526977907182,
              37.22944277783401
            ],
            [
              126.96527016997891,
              37.229441932749005
            ],
            [
              126.9652705617405,
              37.229441087917024
            ],
            [
              126.96527095435621,
              37.22944024333862
            ],
            [
              126.96527134782586,
              37.229439399014325
            ],
            [
              126.96527174214917,
              37.22943855494473
            ],
            [
              126.96527213732587,
              37.22943771113036
            ],
            [
              126.96527253335572,
              37.22943686757176
            ],
            [
              126.96527293023843,
              37.229436024269496
            ],
            [
              126.96527332797376,
              37.22943518122413
            ],
            [
              126.96527372656146,
              37.22943433843619
            ],
            [
              126.96527412600126,
              37.22943349590622
            ],
            [
              126.9652745262929,
              37.22943265363484
            ],
            [
              126.96527492743614,
              37.229431811622504
            ],
            [
              126.96527532943067,
              37.2294309698698
            ],
            [
              126.96527573227627,
              37.229430128377324
            ],
            [
              126.96527613597264,
              37.22942928714554
            ],
            [
              126.96527654051955,
              37.229428446175085
            ],
            [
              126.96527694591671,
              37.229427605466455
            ],
            [
              126.96527735216388,
              37.22942676502022
            ],
            [
              126.96527775926076,
              37.22942592483691
            ],
            [
              126.96527816720712,
              37.22942508491711
            ],
            [
              126.96527857600267,
              37.22942424526133
            ],
            [
              126.96527898564715,
              37.229423405870136
            ],
            [
              126.9652793961403,
              37.22942256674407
            ],
            [
              126.96527980748185,
              37.22942172788371
            ],
            [
              126.9652802196715,
              37.229420889289564
            ],
            [
              126.96528063270902,
              37.2294200509622
            ],
            [
              126.96528104659411,
              37.229419212902165
            ],
            [
              126.96528146132654,
              37.22941837511
            ],
            [
              126.965281876906,
              37.22941753758628
            ],
            [
              126.96528229333224,
              37.22941670033152
            ],
            [
              126.96528271060495,
              37.22941586334627
            ],
            [
              126.96528312872394,
              37.229415026631095
            ],
            [
              126.96528354768884,
              37.22941419018653
            ],
            [
              126.96528396749943,
              37.22941335401312
            ],
            [
              126.96528438815542,
              37.22941251811142
            ],
            [
              126.96528480965655,
              37.22941168248198
            ],
            [
              126.96528523200253,
              37.22941084712533
            ],
            [
              126.96528565519309,
              37.229410012042024
            ],
            [
              126.96528607922795,
              37.22940917723262
            ],
            [
              126.96528650410683,
              37.22940834269765
            ],
            [
              126.96528692982943,
              37.22940750843767
            ],
            [
              126.96528735639554,
              37.2294066744532
            ],
            [
              126.96528778380481,
              37.22940584074482
            ],
            [
              126.96528821205703,
              37.22940500731304
            ],
            [
              126.96528864115182,
              37.22940417415845
            ],
            [
              126.96528907108902,
              37.229403341281554
            ],
            [
              126.96528950186826,
              37.229402508682924
            ],
            [
              126.96528993348927,
              37.22940167636306
            ],
            [
              126.96529036595182,
              37.22940084432256
            ],
            [
              126.96529079925554,
              37.22940001256195
            ],
            [
              126.96529123340024,
              37.22939918108176
            ],
            [
              126.96529166838558,
              37.22939834988254
            ],
            [
              126.96529210421129,
              37.229397518964845
            ],
            [
              126.96529254087709,
              37.2293966883292
            ],
            [
              126.96529297838266,
              37.229395857976165
            ],
            [
              126.96529341672777,
              37.229395027906286
            ],
            [
              126.96529385591211,
              37.22939419812008
            ],
            [
              126.96529429593535,
              37.2293933686181
            ],
            [
              126.96529473679728,
              37.229392539400905
            ],
            [
              126.96529517849757,
              37.22939171046902
            ],
            [
              126.96529562103593,
              37.229390881822994
            ],
            [
              126.96529606441207,
              37.229390053463376
            ],
            [
              126.96529650862573,
              37.22938922539068
            ],
            [
              126.96529695367654,
              37.229388397605476
            ],
            [
              126.9652973995643,
              37.229387570108294
            ],
            [
              126.96529784628868,
              37.22938674289969
            ],
            [
              126.96529829384941,
              37.229385915980174
            ],
            [
              126.96529874224612,
              37.22938508935031
            ],
            [
              126.96529919147864,
              37.22938426301063
            ],
            [
              126.96529964154655,
              37.22938343696167
            ],
            [
              126.96530009244965,
              37.22938261120399
            ],
            [
              126.9653005441876,
              37.229381785738106
            ],
            [
              126.96530099676012,
              37.229380960564576
            ],
            [
              126.96530145016689,
              37.229380135683925
            ],
            [
              126.96530190440765,
              37.22937931109671
            ],
            [
              126.96530235948211,
              37.22937848680344
            ],
            [
              126.96530281538992,
              37.229377662804694
            ],
            [
              126.96530327213083,
              37.22937683910096
            ],
            [
              126.9653037297045,
              37.22937601569283
            ],
            [
              126.96530418811066,
              37.22937519258081
            ],
            [
              126.96530464734903,
              37.22937436976546
            ],
            [
              126.96530510741921,
              37.229373547247285
            ],
            [
              126.96530556832106,
              37.229372725026856
            ],
            [
              126.96530603005414,
              37.229371903104706
            ],
            [
              126.96530649261821,
              37.22937108148133
            ],
            [
              126.96530695601297,
              37.229370260157324
            ],
            [
              126.96530742023808,
              37.2293694391332
            ],
            [
              126.96530788529326,
              37.229368618409495
            ],
            [
              126.96530835117821,
              37.22936779798674
            ],
            [
              126.96530881789262,
              37.229366977865475
            ],
            [
              126.96530928543618,
              37.22936615804624
            ],
            [
              126.9653097538086,
              37.22936533852957
            ],
            [
              126.9653102230096,
              37.22936451931598
            ],
            [
              126.96531069303879,
              37.229363700406054
            ],
            [
              126.96531092620805,
              37.229363294813105
            ],
            [
              126.96531133449672,
              37.22936256723947
            ],
            [
              126.96531179490837,
              37.229361744843494
            ],
            [
              126.96531225435861,
              37.22936092210381
            ],
            [
              126.96531271284707,
              37.229360099021115
            ],
            [
              126.96531317037329,
              37.22935927559615
            ],
            [
              126.9653136269369,
              37.22935845182964
            ],
            [
              126.96531408253752,
              37.22935762772228
            ],
            [
              126.9653145371747,
              37.229356803274804
            ],
            [
              126.96531499084811,
              37.22935597848795
            ],
            [
              126.96531544355732,
              37.229355153362405
            ],
            [
              126.96531589530191,
              37.22935432789892
            ],
            [
              126.96531634608154,
              37.229353502098185
            ],
            [
              126.96531679589579,
              37.22935267596093
            ],
            [
              126.96531724474421,
              37.229351849487884
            ],
            [
              126.96531769262651,
              37.229351022679786
            ],
            [
              126.96531813954226,
              37.22935019553733
            ],
            [
              126.96531858549106,
              37.22934936806123
            ],
            [
              126.96531903047249,
              37.22934854025225
            ],
            [
              126.9653194744862,
              37.22934771211109
            ],
            [
              126.96531991753182,
              37.22934688363847
            ],
            [
              126.9653203596089,
              37.22934605483515
            ],
            [
              126.9653208007171,
              37.229345225701756
            ],
            [
              126.96532124085604,
              37.22934439623912
            ],
            [
              126.96532168002533,
              37.22934356644791
            ],
            [
              126.96532211822455,
              37.229342736328874
            ],
            [
              126.96532255545335,
              37.22934190588271
            ],
            [
              126.96532299171135,
              37.229341075110206
            ],
            [
              126.96532342699817,
              37.22934024401201
            ],
            [
              126.96532386131341,
              37.229339412588864
            ],
            [
              126.96532429465671,
              37.229338580841535
            ],
            [
              126.9653247270277,
              37.22933774877071
            ],
            [
              126.965325158426,
              37.22933691637716
            ],
            [
              126.96532558885117,
              37.22933608366156
            ],
            [
              126.9653260183029,
              37.229335250624665
            ],
            [
              126.96532644678082,
              37.229334417267204
            ],
            [
              126.96532687428454,
              37.229333583589884
            ],
            [
              126.96532730081364,
              37.22933274959347
            ],
            [
              126.96532772636782,
              37.229331915278664
            ],
            [
              126.96532815094668,
              37.22933108064618
            ],
            [
              126.96532857454984,
              37.22933024569679
            ],
            [
              126.96532899717694,
              37.22932941043119
            ],
            [
              126.9653294188276,
              37.22932857485012
            ],
            [
              126.96532983950145,
              37.22932773895432
            ],
            [
              126.96533025919813,
              37.22932690274449
            ],
            [
              126.96533067791731,
              37.22932606622139
            ],
            [
              126.96533109565857,
              37.22932522938573
            ],
            [
              126.96533151242156,
              37.22932439223826
            ],
            [
              126.9653319282059,
              37.22932355477971
            ],
            [
              126.9653323430113,
              37.22932271701078
            ],
            [
              126.96533275683728,
              37.22932187893226
            ],
            [
              126.96533316968362,
              37.22932104054483
            ],
            [
              126.96533358154986,
              37.22932020184925
            ],
            [
              126.96533399243562,
              37.22931936284623
            ],
            [
              126.96533440234062,
              37.22931852353653
            ],
            [
              126.96533481126448,
              37.22931768392085
            ],
            [
              126.96533521920679,
              37.229316843999946
            ],
            [
              126.96533562616727,
              37.22931600377456
            ],
            [
              126.96533603214549,
              37.229315163245396
            ],
            [
              126.96533643714116,
              37.22931432241323
            ],
            [
              126.96533684115391,
              37.229313481278744
            ],
            [
              126.96533724418337,
              37.229312639842725
            ],
            [
              126.96533764622917,
              37.22931179810586
            ],
            [
              126.96533804729101,
              37.229310956068936
            ],
            [
              126.96533844736851,
              37.229310113732645
            ],
            [
              126.96533884646132,
              37.22930927109774
            ],
            [
              126.9653392445691,
              37.22930842816496
            ],
            [
              126.9653396416915,
              37.229307584935036
            ],
            [
              126.96534003782816,
              37.2293067414087
            ],
            [
              126.96534043297872,
              37.229305897586684
            ],
            [
              126.96534082714292,
              37.22930505346975
            ],
            [
              126.9653412203203,
              37.22930420905861
            ],
            [
              126.96534161251063,
              37.229303364354024
            ],
            [
              126.96534200371343,
              37.22930251935671
            ],
            [
              126.96534239392851,
              37.229301674067415
            ],
            [
              126.96534278315544,
              37.22930082848688
            ],
            [
              126.96534317139388,
              37.22929998261583
            ],
            [
              126.96534355864351,
              37.229299136455005
            ],
            [
              126.96534394490399,
              37.22929829000519
            ],
            [
              126.96534433017501,
              37.22929744326704
            ],
            [
              126.96534471445617,
              37.22929659624137
            ],
            [
              126.9653450977472,
              37.22929574892888
            ],
            [
              126.96534548004772,
              37.229294901330334
            ],
            [
              126.96534586135739,
              37.22929405344644
            ],
            [
              126.96534624167596,
              37.22929320527798
            ],
            [
              126.96534662100298,
              37.22929235682566
            ],
            [
              126.96534699933821,
              37.22929150809022
            ],
            [
              126.96534737668128,
              37.22929065907245
            ],
            [
              126.96534775303185,
              37.229289809773036
            ],
            [
              126.96534812838962,
              37.229288960192726
            ],
            [
              126.96534850275424,
              37.2292881103323
            ],
            [
              126.96534887612538,
              37.229287260192486
            ],
            [
              126.96534924850276,
              37.229286409774
            ],
            [
              126.96534961988598,
              37.2292855590776
            ],
            [
              126.9653499902748,
              37.22928470810404
            ],
            [
              126.9653503596688,
              37.229283856854046
            ],
            [
              126.96535072806775,
              37.22928300532837
            ],
            [
              126.9653510954713,
              37.22928215352777
            ],
            [
              126.96535146187908,
              37.22928130145296
            ],
            [
              126.96535182729083,
              37.22928044910472
            ],
            [
              126.96535219170622,
              37.22927959648377
            ],
            [
              126.9653525551249,
              37.22927874359084
            ],
            [
              126.96535291754657,
              37.22927789042671
            ],
            [
              126.96535327897094,
              37.22927703699211
            ],
            [
              126.96535363939763,
              37.22927618328778
            ],
            [
              126.96535399882642,
              37.22927532931446
            ],
            [
              126.96535435725689,
              37.22927447507292
            ],
            [
              126.9653547146888,
              37.2292736205639
            ],
            [
              126.96535507112183,
              37.229272765788124
            ],
            [
              126.96535542655563,
              37.22927191074636
            ],
            [
              126.96535578098992,
              37.229271055439355
            ],
            [
              126.96535613442441,
              37.229270199867855
            ],
            [
              126.96535648685875,
              37.22926934403257
            ],
            [
              126.96535683829266,
              37.229268487934306
            ],
            [
              126.96535718872582,
              37.22926763157378
            ],
            [
              126.96535753815792,
              37.22926677495175
            ],
            [
              126.96535788658865,
              37.229265918068954
            ],
            [
              126.96535823401771,
              37.22926506092614
            ],
            [
              126.96535858044483,
              37.22926420352405
            ],
            [
              126.96535892586968,
              37.229263345863465
            ],
            [
              126.96535927029194,
              37.229262487945114
            ],
            [
              126.96535961371134,
              37.22926162976974
            ],
            [
              126.96535995612757,
              37.2292607713381
            ],
            [
              126.96536029754031,
              37.22925991265094
            ],
            [
              126.96536063794933,
              37.229259053709015
            ],
            [
              126.96536097735424,
              37.22925819451306
            ],
            [
              126.9653613157548,
              37.22925733506385
            ],
            [
              126.9653616531507,
              37.229256475362114
            ],
            [
              126.96536198954165,
              37.22925561540863
            ],
            [
              126.96536232492733,
              37.229254755204124
            ],
            [
              126.9653626593075,
              37.22925389474935
            ],
            [
              126.96536299268182,
              37.229253034045065
            ],
            [
              126.96536332505005,
              37.22925217309203
            ],
            [
              126.96536365641184,
              37.229251311890984
            ],
            [
              126.96536398676692,
              37.22925045044269
            ],
            [
              126.96536431611503,
              37.22924958874788
            ],
            [
              126.96536464445583,
              37.22924872680732
            ],
            [
              126.9653649717891,
              37.229247864621755
            ],
            [
              126.96536529811449,
              37.22924700219196
            ],
            [
              126.96536562343178,
              37.229246139518644
            ],
            [
              126.96536594774062,
              37.22924527660264
            ],
            [
              126.96536627104078,
              37.229244413444626
            ],
            [
              126.96536659333192,
              37.229243550045396
            ],
            [
              126.96536691461382,
              37.229242686405684
            ],
            [
              126.96536723488617,
              37.22924182252624
            ],
            [
              126.96536755414867,
              37.22924095840782
            ],
            [
              126.9653678724011,
              37.22924009405122
            ],
            [
              126.96536818964312,
              37.22923922945714
            ],
            [
              126.9653685058745,
              37.22923836462637
            ],
            [
              126.9653688210949,
              37.22923749955963
            ],
            [
              126.9653691353041,
              37.22923663425772
            ],
            [
              126.96536944850185,
              37.229235768721374
            ],
            [
              126.96536976068779,
              37.22923490295134
            ],
            [
              126.96537007186176,
              37.2292340369484
            ],
            [
              126.96537038202335,
              37.22923317071328
            ],
            [
              126.96537069117242,
              37.22923230424675
            ],
            [
              126.9653709993086,
              37.22923143754956
            ],
            [
              126.96537130643172,
              37.229230570622505
            ],
            [
              126.96537161254143,
              37.22922970346627
            ],
            [
              126.96537191763748,
              37.22922883608168
            ],
            [
              126.96537222171958,
              37.229227968469445
            ],
            [
              126.96537252478757,
              37.229227100630375
            ],
            [
              126.96537282684105,
              37.229226232565175
            ],
            [
              126.96537312787986,
              37.229225364274626
            ],
            [
              126.9653734279037,
              37.22922449575949
            ],
            [
              126.96537372691228,
              37.22922362702052
            ],
            [
              126.96537402490536,
              37.22922275805849
            ],
            [
              126.96537432188269,
              37.22922188887412
            ],
            [
              126.965374617844,
              37.229221019468206
            ],
            [
              126.96537491278903,
              37.22922014984149
            ],
            [
              126.96537520671752,
              37.22921927999474
            ],
            [
              126.96537549962926,
              37.229218409928734
            ],
            [
              126.96537579152393,
              37.229217539644175
            ],
            [
              126.9653760824013,
              37.229216669141884
            ],
            [
              126.9653763722611,
              37.229215798422594
            ],
            [
              126.96537666110312,
              37.229214927487064
            ],
            [
              126.96537694892706,
              37.22921405633605
            ],
            [
              126.96537723573269,
              37.22921318497033
            ],
            [
              126.96537752151978,
              37.229212313390654
            ],
            [
              126.96537780628802,
              37.22921144159779
            ],
            [
              126.96537809003723,
              37.22921056959249
            ],
            [
              126.96537837276712,
              37.229209697375516
            ],
            [
              126.96537865447748,
              37.229208824947634
            ],
            [
              126.96537893516802,
              37.22920795230963
            ],
            [
              126.96537921483852,
              37.22920707946221
            ],
            [
              126.96537949348873,
              37.22920620640621
            ],
            [
              126.96537977111836,
              37.229205333142325
            ],
            [
              126.9653800477273,
              37.22920445967133
            ],
            [
              126.96538032331516,
              37.22920358599403
            ],
            [
              126.96538059788178,
              37.22920271211115
            ],
            [
              126.96538087142692,
              37.22920183802347
            ],
            [
              126.96538114395027,
              37.229200963731735
            ],
            [
              126.9653814154517,
              37.22920008923675
            ],
            [
              126.96538168593088,
              37.22919921453921
            ],
            [
              126.96538195538766,
              37.22919833963994
            ],
            [
              126.96538222382172,
              37.22919746453968
            ],
            [
              126.96538249123286,
              37.229196589239194
            ],
            [
              126.96538275762087,
              37.229195713739266
            ],
            [
              126.96538302298546,
              37.22919483804064
            ],
            [
              126.96538328732646,
              37.22919396214407
            ],
            [
              126.96538355064358,
              37.229193086050344
            ],
            [
              126.96538381293671,
              37.22919220976022
            ],
            [
              126.96538407420543,
              37.22919133327447
            ],
            [
              126.96538433444968,
              37.22919045659385
            ],
            [
              126.96538459366917,
              37.229189579719126
            ],
            [
              126.96538485186365,
              37.22918870265107
            ],
            [
              126.96538510903291,
              37.22918782539044
            ],
            [
              126.96538536517674,
              37.229186947938004
            ],
            [
              126.96538562029491,
              37.22918607029453
            ],
            [
              126.96538587438721,
              37.229185192460804
            ],
            [
              126.96538612745339,
              37.22918431443757
            ],
            [
              126.96538637949324,
              37.229183436225576
            ],
            [
              126.96538663050656,
              37.22918255782563
            ],
            [
              126.96538688049311,
              37.22918167923848
            ],
            [
              126.96538712945267,
              37.229180800464896
            ],
            [
              126.96538737738501,
              37.22917992150564
            ],
            [
              126.96538762428996,
              37.22917904236149
            ],
            [
              126.96538787016726,
              37.22917816303321
            ],
            [
              126.96538811501672,
              37.22917728352156
            ],
            [
              126.96538835883811,
              37.2291764038273
            ],
            [
              126.96538860163123,
              37.22917552395125
            ],
            [
              126.96538884339587,
              37.229174643894126
            ],
            [
              126.96538908413179,
              37.2291737636567
            ],
            [
              126.9653893238388,
              37.22917288323976
            ],
            [
              126.96538956251669,
              37.22917200264407
            ],
            [
              126.96538980016527,
              37.2291711218704
            ],
            [
              126.96539003678431,
              37.22917024091951
            ],
            [
              126.96539027237363,
              37.22916935979219
            ],
            [
              126.96539050693299,
              37.22916847848917
            ],
            [
              126.9653907404622,
              37.229167597011255
            ],
            [
              126.96539097296102,
              37.22916671535921
            ],
            [
              126.96539120442932,
              37.229165833533806
            ],
            [
              126.96539143486685,
              37.22916495153579
            ],
            [
              126.96539166427341,
              37.22916406936596
            ],
            [
              126.96539189264881,
              37.22916318702507
            ],
            [
              126.96539211999286,
              37.22916230451392
            ],
            [
              126.96539234630535,
              37.22916142183323
            ],
            [
              126.96539257158607,
              37.22916053898383
            ],
            [
              126.96539279583482,
              37.22915965596642
            ],
            [
              126.96539301905143,
              37.22915877278184
            ],
            [
              126.96539324123573,
              37.22915788943083
            ],
            [
              126.96539346238745,
              37.22915700591415
            ],
            [
              126.96539368250644,
              37.229156122232595
            ],
            [
              126.96539390159252,
              37.22915523838693
            ],
            [
              126.9653941196455,
              37.22915435437792
            ],
            [
              126.96539433666514,
              37.22915347020635
            ],
            [
              126.96539455265129,
              37.22915258587298
            ],
            [
              126.96539476760377,
              37.22915170137858
            ],
            [
              126.96539498152238,
              37.22915081672394
            ],
            [
              126.9653951944069,
              37.229149931909795
            ],
            [
              126.96539540625722,
              37.22914904693698
            ],
            [
              126.96539561707306,
              37.229148161806215
            ],
            [
              126.96539582685432,
              37.22914727651828
            ],
            [
              126.96539603560076,
              37.22914639107399
            ],
            [
              126.96539624331226,
              37.229145505474065
            ],
            [
              126.96539644998857,
              37.229144619719314
            ],
            [
              126.96539665562955,
              37.22914373381049
            ],
            [
              126.96539686023499,
              37.22914284774838
            ],
            [
              126.96539706380476,
              37.229141961533735
            ],
            [
              126.96539726633861,
              37.22914107516737
            ],
            [
              126.96539746783645,
              37.229140188650014
            ],
            [
              126.96539766829802,
              37.22913930198247
            ],
            [
              126.96539786772321,
              37.22913841516552
            ],
            [
              126.96539806611182,
              37.22913752819991
            ],
            [
              126.96539826346367,
              37.22913664108643
            ],
            [
              126.96539845977858,
              37.229135753825844
            ],
            [
              126.96539865505642,
              37.22913486641895
            ],
            [
              126.96539884929699,
              37.2291339788665
            ],
            [
              126.96539904250011,
              37.22913309116929
            ],
            [
              126.96539923466564,
              37.229132203328085
            ],
            [
              126.96539942579336,
              37.22913131534366
            ],
            [
              126.96539961588321,
              37.229130427216774
            ],
            [
              126.96539980493489,
              37.22912953894823
            ],
            [
              126.96539999294832,
              37.22912865053879
            ],
            [
              126.96540017992331,
              37.229127761989226
            ],
            [
              126.96540036585971,
              37.22912687330032
            ],
            [
              126.96540055075737,
              37.22912598447287
            ],
            [
              126.96540073461604,
              37.22912509550763
            ],
            [
              126.9654009174357,
              37.22912420640536
            ],
            [
              126.96540109921608,
              37.22912331716685
            ],
            [
              126.96540127995708,
              37.2291224277929
            ],
            [
              126.96540145965847,
              37.22912153828427
            ],
            [
              126.96540163832017,
              37.22912064864171
            ],
            [
              126.96540181594202,
              37.22911975886605
            ],
            [
              126.96540199252384,
              37.22911886895803
            ],
            [
              126.96540216806545,
              37.229117978918424
            ],
            [
              126.96540234256676,
              37.22911708874804
            ],
            [
              126.96540251602757,
              37.22911619844763
            ],
            [
              126.96540268844772,
              37.229115308017995
            ],
            [
              126.96540285982711,
              37.22911441745986
            ],
            [
              126.96540303016556,
              37.22911352677405
            ],
            [
              126.9654031994629,
              37.22911263596134
            ],
            [
              126.96540336771899,
              37.22911174502253
            ],
            [
              126.96540353493373,
              37.22911085395833
            ],
            [
              126.96540370110695,
              37.229109962769556
            ],
            [
              126.96540386623847,
              37.22910907145701
            ],
            [
              126.9654040303282,
              37.22910818002143
            ],
            [
              126.96540419337596,
              37.229107288463624
            ],
            [
              126.96540435538161,
              37.22910639678435
            ],
            [
              126.965404516345,
              37.2291055049844
            ],
            [
              126.965404676266,
              37.22910461306455
            ],
            [
              126.96540483514448,
              37.22910372102559
            ],
            [
              126.96540499298033,
              37.229102828868264
            ],
            [
              126.96540514977337,
              37.22910193659339
            ],
            [
              126.96540530552343,
              37.22910104420174
            ],
            [
              126.96540546023047,
              37.22910015169406
            ],
            [
              126.96540561389426,
              37.22909925907116
            ],
            [
              126.96540576651473,
              37.22909836633383
            ],
            [
              126.96540591809173,
              37.22909747348285
            ],
            [
              126.96540606862511,
              37.229096580518956
            ],
            [
              126.96540621811472,
              37.22909568744296
            ],
            [
              126.9654063665605,
              37.229094794255644
            ],
            [
              126.96540651396224,
              37.22909390095777
            ],
            [
              126.96540666031991,
              37.229093007550134
            ],
            [
              126.96540680563328,
              37.229092114033534
            ],
            [
              126.96540694990226,
              37.22909122040871
            ],
            [
              126.96540709312674,
              37.229090326676456
            ],
            [
              126.96540723530657,
              37.229089432837576
            ],
            [
              126.96540737644168,
              37.22908853889283
            ],
            [
              126.96540751653185,
              37.22908764484299
            ],
            [
              126.96540765557707,
              37.22908675068886
            ],
            [
              126.96540779357714,
              37.2290858564312
            ],
            [
              126.96540793053195,
              37.229084962070814
            ],
            [
              126.96540806644141,
              37.229084067608476
            ],
            [
              126.96540820130537,
              37.22908317304495
            ],
            [
              126.96540833512375,
              37.229082278381014
            ],
            [
              126.96540846789641,
              37.22908138361747
            ],
            [
              126.9654085996232,
              37.229080488755116
            ],
            [
              126.96540873030406,
              37.229079593794694
            ],
            [
              126.96540885993886,
              37.229078698737
            ],
            [
              126.96540898852749,
              37.22907780358282
            ],
            [
              126.9654091160698,
              37.229076908332964
            ],
            [
              126.96540924256573,
              37.22907601298815
            ],
            [
              126.96540936801514,
              37.22907511754921
            ],
            [
              126.96540949241793,
              37.2290742220169
            ],
            [
              126.96540961577399,
              37.22907332639202
            ],
            [
              126.96540973808321,
              37.229072430675345
            ],
            [
              126.9654098593455,
              37.229071534867636
            ],
            [
              126.96540997956072,
              37.22907063896975
            ],
            [
              126.9654100987288,
              37.229069742982375
            ],
            [
              126.96541021684962,
              37.22906884690633
            ],
            [
              126.96541033392306,
              37.22906795074243
            ],
            [
              126.96541044994903,
              37.229067054491416
            ],
            [
              126.96541056492744,
              37.229066158154104
            ],
            [
              126.9654106788582,
              37.22906526173124
            ],
            [
              126.96541079174118,
              37.22906436522362
            ],
            [
              126.96541090357631,
              37.229063468632035
            ],
            [
              126.96541101436345,
              37.22906257195727
            ],
            [
              126.96541112410256,
              37.229061675200114
            ],
            [
              126.96541123279351,
              37.22906077836132
            ],
            [
              126.96541134043618,
              37.2290598814417
            ],
            [
              126.96541144703053,
              37.22905898444203
            ],
            [
              126.96541155257643,
              37.2290580873631
            ],
            [
              126.96541165707383,
              37.229057190205666
            ],
            [
              126.96541176052257,
              37.22905629297055
            ],
            [
              126.96541186292264,
              37.229055395658506
            ],
            [
              126.96541196427388,
              37.22905449827034
            ],
            [
              126.96541206457627,
              37.22905360080682
            ],
            [
              126.96541216382963,
              37.22905270326873
            ],
            [
              126.96541226203395,
              37.229051805656844
            ],
            [
              126.96541235918914,
              37.229050907971995
            ],
            [
              126.96541245529507,
              37.22905001021491
            ],
            [
              126.9654125503517,
              37.2290491123864
            ],
            [
              126.96541264435892,
              37.22904821448724
            ],
            [
              126.96541273731665,
              37.22904731651822
            ],
            [
              126.96541282922485,
              37.229046418480124
            ],
            [
              126.96541292008337,
              37.22904552037375
            ],
            [
              126.96541300989216,
              37.22904462219985
            ],
            [
              126.96541309865118,
              37.229043723959236
            ],
            [
              126.96541318636032,
              37.229042825652684
            ],
            [
              126.96541327301946,
              37.229041927280974
            ],
            [
              126.96541335862862,
              37.22904102884488
            ],
            [
              126.96541344318767,
              37.229040130345226
            ],
            [
              126.9654135266965,
              37.22903923178277
            ],
            [
              126.96541360915512,
              37.229038333158286
            ],
            [
              126.9654136905634,
              37.22903743447259
            ],
            [
              126.96541377092126,
              37.22903653572643
            ],
            [
              126.9654138502287,
              37.229035636920614
            ],
            [
              126.96541392848556,
              37.22903473805594
            ],
            [
              126.96541400569187,
              37.22903383913314
            ],
            [
              126.96541408184746,
              37.22903294015306
            ],
            [
              126.9654141569523,
              37.22903204111646
            ],
            [
              126.9654142310064,
              37.22903114202412
            ],
            [
              126.9654143040096,
              37.22903024287684
            ],
            [
              126.96541437596187,
              37.22902934367539
            ],
            [
              126.96541444686315,
              37.229028444420564
            ],
            [
              126.96541451671337,
              37.22902754511314
            ],
            [
              126.96541458551246,
              37.229026645753905
            ],
            [
              126.96541465326038,
              37.22902574634366
            ],
            [
              126.96541471995707,
              37.22902484688317
            ],
            [
              126.96541478560248,
              37.22902394737323
            ],
            [
              126.96541485019651,
              37.22902304781462
            ],
            [
              126.96541491373914,
              37.22902214820814
            ],
            [
              126.96541497623032,
              37.22902124855457
            ],
            [
              126.96541503766998,
              37.22902034885468
            ],
            [
              126.96541509805806,
              37.229019449109266
            ],
            [
              126.9654151573945,
              37.229018549319115
            ],
            [
              126.9654152156793,
              37.229017649485044
            ],
            [
              126.96541527291235,
              37.22901674960777
            ],
            [
              126.96541532909363,
              37.22901584968814
            ],
            [
              126.96541538422306,
              37.229014949726924
            ],
            [
              126.96541543830067,
              37.22901404972489
            ],
            [
              126.96541549132631,
              37.22901314968284
            ],
            [
              126.96541554330001,
              37.229012249601546
            ],
            [
              126.96541559422165,
              37.229011349481816
            ],
            [
              126.96541564409131,
              37.229010449324406
            ],
            [
              126.9654156929088,
              37.22900954913014
            ],
            [
              126.96541574067417,
              37.22900864889978
            ],
            [
              126.96541578738736,
              37.229007748634125
            ],
            [
              126.96541583304831,
              37.22900684833393
            ],
            [
              126.96541587765702,
              37.22900594800002
            ],
            [
              126.96541592121342,
              37.229005047633166
            ],
            [
              126.96541596371746,
              37.229004147234164
            ],
            [
              126.96541600516912,
              37.22900324680379
            ],
            [
              126.9654160455684,
              37.22900234634282
            ],
            [
              126.96541608491516,
              37.229001445852056
            ],
            [
              126.96541612320951,
              37.22900054533229
            ],
            [
              126.96541616045131,
              37.22899964478428
            ],
            [
              126.96541619664055,
              37.22899874420886
            ],
            [
              126.9654162317772,
              37.228997843606756
            ],
            [
              126.96541626586125,
              37.228996942978796
            ],
            [
              126.96541629889263,
              37.22899604232577
            ],
            [
              126.96541633087138,
              37.22899514164845
            ],
            [
              126.96541636179741,
              37.22899424094762
            ],
            [
              126.96541639167073,
              37.228993340224065
            ],
            [
              126.9654164204913,
              37.22899243947859
            ],
            [
              126.96541644825906,
              37.228991538711966
            ],
            [
              126.96541647497402,
              37.22899063792498
            ],
            [
              126.96543510366597,
              37.228349869150854
            ],
            [
              126.96402423054013,
              37.22834943106476
            ],
            [
              126.96402361245666,
              37.22959823240695
            ],
            [
              126.9644180051493,
              37.229598356564686
            ],
            [
              126.96515605498853,
              37.22959858537995
            ]
          ]
        ]
      }
    },
    {
      "type": "Feature",
      "properties": {
        "label": "초1",
        "school_name": "어천1초",
        "level": "초등학교",
        "status": "미설립",
        "district": "어천",
        "address": "어천 공공주택지구 내",
        "document_area_m2": 11411,
        "identity_basis": "2026-02-06 학교용지 현황 면적 + 어천 계획도 초1 대조",
        "source_layer": "KLIP_C_UQ155",
        "source_present_sn": "41590UQ155PS202510100004",
        "shp_area_m2": 11411.05,
        "label_lng": 126.90781014,
        "label_lat": 37.25545141,
        "geometry_basis": "도시계획시설 학교용지 폴리곤(SHP)"
      },
      "geometry": {
        "type": "Polygon",
        "coordinates": [
          [
            [
              126.90850173436644,
              37.25585525583612
            ],
            [
              126.90826081540047,
              37.25495628298208
            ],
            [
              126.90825571210387,
              37.25495386418667
            ],
            [
              126.90825069914008,
              37.25495131931714
            ],
            [
              126.90824579906449,
              37.254948639380906
            ],
            [
              126.90824101186595,
              37.25494583338831
            ],
            [
              126.90823632626129,
              37.25494291034089
            ],
            [
              126.90823177606687,
              37.25493987026524
            ],
            [
              126.90822733873844,
              37.25493671314364
            ],
            [
              126.90822303680919,
              37.254933448004216
            ],
            [
              126.90821887029016,
              37.254930065836625
            ],
            [
              126.90821521127248,
              37.254926476830455
            ],
            [
              126.90821140558428,
              37.254922995832914
            ],
            [
              126.90820745323663,
              37.25491961383367
            ],
            [
              126.90820335420734,
              37.254916348853385
            ],
            [
              126.9081991084964,
              37.25491320089208
            ],
            [
              126.90819473864802,
              37.254910169967474
            ],
            [
              126.90819023337905,
              37.25490726508102
            ],
            [
              126.9081856039615,
              37.25490448624161
            ],
            [
              126.90818085039541,
              37.2549018334492
            ],
            [
              126.9081759952028,
              37.25489932474228
            ],
            [
              126.90817102713368,
              37.25489694209123
            ],
            [
              126.90816596871011,
              37.25489470353452
            ],
            [
              126.90816079738781,
              37.25489260905436
            ],
            [
              126.90815555825523,
              37.25489065868625
            ],
            [
              126.90815022876812,
              37.25488885241249
            ],
            [
              126.90814482018746,
              37.254887199252245
            ],
            [
              126.90813934379639,
              37.25488569020402
            ],
            [
              126.90813381084487,
              37.254884343297455
            ],
            [
              126.9081282100718,
              37.25488314951327
            ],
            [
              126.90812257529346,
              37.25488210887813
            ],
            [
              126.90811689522668,
              37.2548812303935
            ],
            [
              126.90811116988246,
              37.254880505049
            ],
            [
              126.90810542179395,
              37.2548799418728
            ],
            [
              126.90809966223314,
              37.25487954087372
            ],
            [
              126.90809387992795,
              37.25487930204292
            ],
            [
              126.90808809743366,
              37.25487921638783
            ],
            [
              126.908082303467,
              37.25487929290989
            ],
            [
              126.90807652056102,
              37.25487954063724
            ],
            [
              126.9080707600101,
              37.25487994155807
            ],
            [
              126.90806501053092,
              37.25488050467386
            ],
            [
              126.90805929467881,
              37.25488122099203
            ],
            [
              126.9080536124426,
              37.25488209952295
            ],
            [
              126.90712278695524,
              37.25504148434831
            ],
            [
              126.90725264714142,
              37.25552605681319
            ],
            [
              126.90739178803126,
              37.2560453083338
            ],
            [
              126.90850173436644,
              37.25585525583612
            ]
          ]
        ]
      }
    },
    {
      "type": "Feature",
      "properties": {
        "label": "초1",
        "school_name": "남양1초",
        "level": "초등학교",
        "status": "미설립",
        "district": "남양뉴타운",
        "address": "남양리 2211학",
        "document_area_m2": 14401.1,
        "identity_basis": "2026-02-06 학교용지 현황 소재지·면적 + 남양뉴타운 계획도 대조",
        "source_layer": "KLIP_C_UQ155",
        "source_present_sn": "41590UQ155PS201812310013",
        "shp_area_m2": 14401.07,
        "label_lng": 126.83835528,
        "label_lat": 37.20367202,
        "geometry_basis": "도시계획시설 학교용지 폴리곤(SHP)"
      },
      "geometry": {
        "type": "Polygon",
        "coordinates": [
          [
            [
              126.83772136549669,
              37.20427691049888
            ],
            [
              126.8384100802923,
              37.204277860641795
            ],
            [
              126.83850982015053,
              37.20420303112155
            ],
            [
              126.83870297238781,
              37.2041145439608
            ],
            [
              126.83878845926206,
              37.20406726653668
            ],
            [
              126.8388764180371,
              37.20402287578184
            ],
            [
              126.83896662284882,
              37.20398164169387
            ],
            [
              126.83905896144607,
              37.20394338390521
            ],
            [
              126.83915320796754,
              37.20390837241433
            ],
            [
              126.83918014652181,
              37.20390075046088
            ],
            [
              126.8391962622785,
              37.203897258472786
            ],
            [
              126.83904072683366,
              37.20320107948145
            ],
            [
              126.83768608899048,
              37.2030865836517
            ],
            [
              126.83772136549669,
              37.20427691049888
            ]
          ]
        ]
      }
    },
    {
      "type": "Feature",
      "properties": {
        "label": "중1",
        "school_name": "세교2-1중",
        "level": "중학교",
        "status": "미설립",
        "district": "세교2",
        "address": "궐동 821",
        "document_area_m2": 14000,
        "city": "오산",
        "identity_basis": "2026-02-06 학교용지 현황 면적 14,000㎡ + 세교2 계획도 대조",
        "source_layer": "KLIP_C_UQ155",
        "source_present_sn": "41370UQ155PS201908300010",
        "shp_area_m2": 14000.06,
        "label_lng": 127.04985752,
        "label_lat": 37.15960815,
        "geometry_basis": "도시계획시설 학교용지 폴리곤(SHP)"
      },
      "geometry": {
        "type": "Polygon",
        "coordinates": [
          [
            [
              127.04910119820472,
              37.15972383241631
            ],
            [
              127.04910463340609,
              37.15979807763136
            ],
            [
              127.04911109696091,
              37.15987223152395
            ],
            [
              127.04912285162621,
              37.15994611297431
            ],
            [
              127.04913764564233,
              37.16001945257059
            ],
            [
              127.04915695376411,
              37.160092159613676
            ],
            [
              127.05023232119568,
              37.16009132591671
            ],
            [
              127.05036278432983,
              37.16006406047216
            ],
            [
              127.05060438187931,
              37.16006422193737
            ],
            [
              127.05060373363372,
              37.159131454287746
            ],
            [
              127.05038848228732,
              37.1591309125261
            ],
            [
              127.04914088013598,
              37.15912777126613
            ],
            [
              127.04910572082187,
              37.159575247302875
            ],
            [
              127.04910193966109,
              37.15964949541791
            ],
            [
              127.04910119820472,
              37.15972383241631
            ]
          ]
        ]
      }
    }
  ]
}